Type,38225_at,36606_at,40955_at,607_s_at,198_g_at,40862_i_at,40831_at,37042_at,40380_at,32085_at,33074_g_at,39435_at,33256_at,40899_at,33730_at,33374_at
3,0.03589115956053964,0.005571388469937816,0.11596219157903351,0.04752111641571795,0.0608597477845944,0.0,0.22487960608192198,0.2152287959035116,0.02072612246824983,0.13353115727002968,0.04796555292232717,0.05735555915196633,0.24761174255630708,0.3450056168033857,0.06260255338876046,0.19078558771411697
1,0.19599248591108326,0.05044223788068379,0.24076271533205118,0.05292691883951523,0.27970560668029987,0.02114171088454442,0.06790758075861696,0.31894625869123217,0.09211085406732449,0.06949140846042372,0.08478253613271469,0.16313319307331284,0.11240499267833483,0.017591697580855842,0.025857178584717488,0.36459217097137947
3,0.0817726418853532,0.02475009634553076,0.15863987888211464,0.1936099889827396,0.08755112474437629,0.06445613838388023,0.1378172176830258,0.2707522779186224,0.07525612577309852,0.09026292181353945,0.06568977602723722,0.15513837190483898,0.1529879366850289,0.29761873661110816,0.033335569937598744,0.032830371046555326
1,0.07952410770194113,0.023903207235668307,0.12737837063709642,0.08214469335291956,0.11408273687798229,0.0862413138376568,0.241220713164872,0.28859911142347944,0.09890939993390302,0.1633772686495066,0.049067058313027795,0.15805146463829092,0.06261766961857611,0.18967814410366263,0.18799065506072382,0.23721204961606618
3,0.08487504980930152,0.014939504522292693,0.21846229387454474,0.1492030848329049,0.07384330265848672,0.012771796752941291,0.1871651966884909,0.24914028966590523,0.06732448892875689,0.0976813194396522,0.06982876598017289,0.10043696391001779,0.15096576249912835,0.5267092063326192,0.06981865205960754,0.15492670353863502
3,0.21492002049296977,0.016961571217188998,0.22996030934162606,0.08458318031582812,0.11546736537150647,0.2560233402148294,0.2561549699691575,0.27252190065011667,0.18072801095321278,0.29000759091850115,0.14743482759771687,0.2413011814209418,0.29495851056411687,0.2332671508438267,0.051598460402954766,0.1290447296353971
1,0.21765241646268568,0.021638492537384448,0.11984942100740618,0.049122291590157914,0.07864689843217451,0.15906736635314017,0.24814674530598993,0.24439619468360146,0.28058165336858504,0.16492995652473952,0.20180913915684764,0.2369315423207638,0.4312809427515515,0.22774178379225662,0.18408066414947027,0.14238307469258446
1,0.1873256674446405,0.02082015025144994,0.22189260335256486,0.23996327579875137,0.14334632753919566,0.21137567362697093,0.3259022780152589,0.3722357488892793,0.18183749586893913,0.12533641570630047,0.19433225408057678,0.47638776501051944,0.29708527996652956,0.12051308845812214,1.0,0.8004295763303443
1,0.19089770592588373,0.023841355783824417,0.2684507003832671,0.2068233565919941,0.28914238241308793,0.04830249659378131,0.18759807369731077,0.3163420266572956,0.24080543883669323,0.33931405700089706,0.17987916819653524,0.38635701569833303,0.372184645422216,0.026648793040388735,0.0633040338174565,0.31297320517639476
4,0.5999032276427392,0.43852203576917037,0.588294665630072,0.2626367976496511,0.5890742160872529,0.6128000701961348,0.5682592933282831,0.446974070634303,0.30272413955903876,0.6420881926713132,0.4152007743916686,0.4838323353293412,0.5252771773237571,0.020501332358012433,0.028980291449868554,0.08952370724373088
1,0.12867877269881023,0.02590148491062465,0.061295470354760816,0.2498420859346309,0.18462423312883436,0.13053556238559616,0.16849737568313403,0.3085920831346168,0.06623861007506726,0.19101511282865227,0.05086952167962881,0.38663214112315897,0.06157171745345512,0.23246055175296515,0.2329464007954178,0.05995811630779144
2,0.08991290487846529,0.035436124102559224,0.10470968533900733,0.7990892398090342,0.1820360429447853,0.10248879421076876,0.170282993344516,0.785499134014408,0.1830886171568859,0.2034021116555103,0.09032344203745117,0.5831364298430166,0.19691792762011018,0.0741222111918073,0.32090594672408645,0.3177039145143103
1,0.20891444185119823,0.05746951437094695,0.1572895781333115,0.14022769004774147,0.11102590320381732,0.21277959632347745,0.11514528434608517,0.3562965937900047,0.1007978848968415,0.1268373473190256,0.08054340932607897,0.48998219776662894,0.22174185900564813,0.1302379957155546,0.049109729838537515,0.14869784674864417
3,0.14515853589115954,0.012841312963588527,0.0,0.09060594932060227,0.10049207566462168,0.09517182210154553,0.09420485904442401,0.22215668063957425,0.08446248996742364,0.06752467048512871,0.08287993591241362,0.06068943194691697,0.2785719266438882,0.22991013114582787,0.025741281818237274,0.11359072115126458
1,0.21564581317242557,0.26199799220671705,0.1870643916144959,0.12235769372016159,0.15296417007498297,0.1968977208192474,0.2813700557329149,0.2834785009663897,0.23235446862754355,0.16078945552411844,0.12820855168730597,0.4235798672924421,0.2611742556307092,0.03906127540623856,0.05049134129157797,0.16865703699726145
4,0.7481926339158649,0.7365413619689697,0.8990002318698255,0.11466764597869997,0.6387823790047716,0.6181647123055286,0.37606190141226126,0.24678079269057954,0.3239695953920967,0.29922020564488305,0.5178410494342267,0.7729729729729727,0.41559166027473676,0.00734756256857725,0.07990167074338628,0.06838855179079632
4,0.7075482438663402,0.5532469633316047,0.6329227873480912,0.13933161953727508,0.5322298909338786,0.4983291857492097,0.7620258644012771,0.32604985064886166,0.8660592040035882,0.4841625836726245,0.5933776160753029,0.732222042401683,0.8834809288055225,0.024900073149067347,0.016969726544629405,0.11219459807764592
2,0.07790174759492229,0.02201911685642375,0.2078781183081686,0.7452662504590526,0.32266104294478526,0.1665159562151609,0.10199664520318165,0.9161876553126332,0.13672631131674612,0.09498999378924851,0.058713575219466595,0.3526784269299239,0.12844292587685655,0.06967448665029521,0.2927491322992089,0.3158996939268646
1,0.26166960778732845,0.08886388398570755,0.16768962177939628,0.15230260741828866,0.18483192740286297,0.24523799658281317,0.4029273307721444,0.4232975225281758,0.2346206505830697,0.15877096128631565,0.17891117861076802,0.34065382748017475,0.2905655114706088,0.19573580124353412,0.10040929858056961,0.30467164259249324
1,0.08951443046621506,0.046478987158687035,0.2082736609517574,0.0997576202717591,0.11721412747102933,0.04685835736169777,0.373464639359342,0.4192625316900524,0.17104952551815306,0.19460354702919053,0.12460362495410392,0.4447645250040459,0.21253747995258349,0.2768202361669888,0.5336436113432436,0.35276808247865543
1,0.028804007514088906,0.01709003192486476,0.06709221599356219,0.10942343004039663,0.14731382072256305,0.06519466021902168,0.19538985985606838,0.29142297748437457,0.0,0.041991580981298744,0.0020694949764678305,0.12752872633112153,0.0,0.29345511782224776,0.3265238899834695,0.4395639800247006
1,0.128507997950703,0.025801571026876836,0.1806402335065537,0.10886522218141756,0.30941121336059985,0.1545265538816269,0.17785834099886372,0.22823113029945527,0.20669467919361692,0.16272168932440828,0.1262391935645382,0.1843664023304742,0.31441322083536716,0.019348581430586757,0.11023002458231417,0.4407345755248886
1,0.2458017874423635,0.029193885270314635,0.18724170383403574,0.10085934630921779,0.14092322767552828,0.25780261724338804,0.21557275039229476,0.23776952232736762,0.35725414286388746,0.2821061348423159,0.2119897192830201,0.5704159249069427,0.43400041838086606,0.09791198599717853,0.07961497874209311,0.45207539064597546
1,0.15403882279273637,0.05685575765649607,0.17045160058376638,0.05360264414248989,0.3342120398773006,0.15253644471201305,0.42576159298739247,0.23648309445518206,0.1938293753835985,0.18349320267752398,0.11889582429320068,0.42555429681178175,0.29129767798619344,0.27132425936569304,0.07792837579831523,0.19960801159856092
1,0.16030056355666872,0.027909278193556986,0.09849011825361104,0.1544619904517077,0.3234225886162236,0.1041498589983889,0.20799740273794706,0.2599964858555686,0.2416552570700156,0.1816472293147471,0.1473346907440168,0.34897232561903213,0.35813402133742417,0.07286169601337583,0.14524304771896865,0.13183697578263437
1,0.14322308874594405,0.015172636917704265,0.11469372723924874,0.05173705471905986,0.21667305725971367,0.101945261639031,0.17233915913641035,0.31204347498682194,0.16037958547755063,0.10351252501552688,0.14249474281518074,0.39423854992717255,0.30820723798898264,0.029798448194785516,0.19639012071563208,0.46067765666111804
4,0.9820117265327032,0.5118397952241165,0.5692813399348036,0.15747337495409475,0.5145172972051806,0.7104433812113221,0.6916833504680483,0.3445242099450287,0.22954534724517256,0.30632806569594917,0.5479488634467105,0.4670658682634729,0.5793877693326825,0.007252860651026699,0.0,0.06601514256564463
1,0.03258951443046621,0.043414961390420635,0.09162949929757082,0.1889092912229159,0.13297759032038173,0.09200812130282075,0.09350143390509172,0.3339943271668465,0.08299891412114631,0.1588227175488234,0.0268366767916152,0.21349732966499432,0.0870232201380657,0.15835140289461308,0.08429354821000494,0.19031305375073834
1,0.1625775601980987,0.017075758512900788,0.3195438984137376,0.09585016525890562,0.43795799250170414,0.05977152133060673,0.21286726908717057,0.3136624915284018,0.20400358812142957,0.22503622938375545,0.12627257251577154,0.5298915682149214,0.35555400599679243,0.3020631955692565,0.20822379055624352,0.06547817215271438
1,0.05402174531792564,0.012884133199480447,0.12006765143145517,0.13183988248255601,0.2545692740286299,0.10547944203822276,0.12250419349602294,0.2953512889379753,0.04315188140314431,0.2523290318128493,0.033812877599385824,0.2823434212655769,0.09274109197406039,0.25208344218611206,0.3331544049921007,0.174418729528003
1,0.10617919963568052,0.042905876363705575,0.2571845547417379,0.1500183621006243,0.3006614263803681,0.0808072068031754,0.21641144959688327,0.42112000803233013,0.09839006656909492,0.11669311986750397,0.0636035915751527,0.2580190969412526,0.12642075169095598,0.18878990542870577,0.3121892899188113,0.5640927884873543
1,0.17171400922183638,0.04027481075834638,0.18335447440566302,0.09881748071979436,0.16155419222903886,0.04185444538960074,0.24609057951409555,0.3099600893596726,0.18280534441244511,0.09888896556483336,0.17987916819653524,0.3481469493445541,0.4035980754480162,0.012739040702231044,0.1850261377707562,0.6931965848681738
1,0.1209369841179484,0.06894057978599397,0.10222731426545001,0.18492838780756518,0.1489753749147921,0.01235256983662337,0.16633299063903467,0.3286227063932327,0.10381946083754308,0.21113104685666967,0.057678827731232674,0.13817769865674054,0.14141273272435675,0.015318851559642615,0.09104605981493116,0.45811093808731146
1,0.038993567484487957,0.0688230620274906,0.10140485835481539,0.1465839147998531,0.2057952027948194,0.08208146163951847,0.2069693198419999,0.3911205100529631,0.010496671545252812,0.16800082810020012,0.026458493274141324,0.232086098074122,0.01445715082630221,0.10175557761638537,0.21217831022514475,0.1573355528110401
1,0.3612455171628622,0.10229754354580099,0.2664047901578078,0.13402864487697394,0.1826538002726653,0.13781841137372375,0.3178940533520913,0.23766911820075803,0.15098437278693166,0.19784693947967705,0.12904302546813975,0.34539569509629386,0.22139320828394116,0.10071712210669312,0.09324199854824052,0.2074101916984374
1,0.08393578869471166,0.01899315352006128,0.19749853376433837,0.08083731178846859,0.05396855828220858,0.0044140694503008926,0.4571181213137817,0.34349506764728027,0.2314810443321845,0.1813539438272031,0.14135985847324675,0.4997896099692506,0.2683913255700439,0.14434531584722293,0.12552229792788783,0.40918219406110723
1,0.1196277110491262,0.020782087819546012,0.14782383349018643,0.12459786999632759,0.15669734151329243,0.06964285279041822,0.11882473892105407,0.26452722206882695,0.16283461592937062,0.10986129321647921,0.08057678827731232,0.15193396989804173,0.2660205006624364,0.04813143319922671,0.18134184056264832,0.11352628470171294
1,0.14981214777708202,0.038597684852579445,0.09153402348704937,0.13293426367976496,0.2773996676891615,0.13899322168573092,0.1741247767977923,0.2963239539145059,0.12799206836315566,0.20807742736871163,0.10567775960479321,0.4600097103091115,0.21658182832438463,0.053480458749150944,0.08060925100189706,0.17842452880846266
1,0.11103204872772811,0.17962137395863564,0.15428890980263782,0.25724568490635324,0.14728186775732788,0.07203878336449099,0.19419944808181375,0.4322899671176485,0.04305745715499739,0.13977641294596646,0.04309222604225775,0.4393267519016021,0.03395858029426121,0.08437614295417732,0.08584900481276574,0.06362025452397573
1,0.041384413957989405,0.02304204471384188,0.17061527340180313,0.342959970620639,0.12331714383094751,0.02301117044742724,0.23689194307667336,0.2873566103566856,0.14484679665738162,0.19574218480436134,0.11235354985146365,0.3406700113286939,0.14720033470469285,0.0762513715450128,0.09036287887567938,0.396359340600333
3,0.19146695508624123,0.049252786883685964,0.16754640806361415,0.025986044803525524,0.10595603271983642,0.048447519858437794,0.16600833288241978,0.2066944451416953,0.10858788536896274,0.127699951694155,0.08771988384124971,0.13714193235151317,0.2695767380238477,0.6375267777835832,0.10633833316050484,0.023540782902862056
1,0.26171230147435526,0.02822329325676441,0.11642593123013759,0.12824091076019095,0.23961528629856851,0.11127793525868981,0.11114117201450137,0.392002811315545,0.1693498890515084,0.11344972741701748,0.0984011482359224,0.7032529535523547,0.2952374311414825,0.3722569099743978,0.20524097377683165,0.10567577726467273
4,0.5028747082598053,0.3151807251844838,0.7686757505080677,0.1216746235769372,0.8634010736196319,1.0,0.7546669552513393,0.36788071989758775,0.6963788300835655,0.6825960941273894,0.30424914049200574,0.7888978799158438,0.7834879018199566,0.004431396624693035,0.024417618748436922,0.03830746925844386
1,0.04201058803438264,0.005323982662562269,0.10098612872867137,0.06237238340066103,0.1029471284935242,0.045400812617755235,0.3481413343433797,0.2775546574964231,0.07355648930645389,0.08869298185080395,0.057678827731232674,0.18579058100016183,0.11707691234920856,0.18906421443126595,0.08482118348898067,0.2928260752832519
1,0.12559059600387087,0.04041516597599212,0.18028560906747407,0.034924715387440325,0.1761886503067485,0.010496515785599557,0.24165359017369187,0.33783478500966385,0.1383787356593173,0.09806086536470913,0.1191628559030675,0.23450396504288712,0.2797922041698626,0.4426334970479126,0.24747619541414798,0.14636202545239757
1,0.09828086753572038,0.06788434730065991,0.3084141467872389,0.14569225119353654,0.18388931492842536,0.1740327923193729,0.21167685731291594,0.3781093902959411,0.10792691563193428,0.12542267614381342,0.11438966587669813,0.3746237255219291,0.1089882156056063,0.25430403887350433,0.40760892771091684,0.26075283251892817
1,0.1029202481926339,0.028903659227047164,0.10891062100195041,0.038589790672052884,0.21870739604635311,0.009415544056605383,0.2825604675071695,0.22676271994778985,0.20433407298994383,0.1357739286453661,0.1502720384525518,0.5749150347952742,0.20898124259117215,0.24530409112283816,0.07592458170417046,0.23599849648284377
1,0.08097569306085273,0.09299127894529001,0.3630808680115117,0.20383400661035622,0.2690439672801636,0.18134001496542596,0.10573020940425301,0.2925023218454278,0.1614182522071668,0.0637292112345594,0.10147201174939081,0.2906942871014727,0.23729168119378008,0.8410052771827159,0.22607189259419663,0.05624228105031413
1,0.0538509705698184,0.04040802927001014,0.1456688080527026,0.09069408740359898,0.11584014996591686,0.10887225522144688,0.2716303230344678,0.28577524536258436,0.13044709881497568,0.11341522324201228,0.08020961981374544,0.36717915520310723,0.10808172372916812,0.35842063326192586,0.26498880681229,0.10443000590667456
1,0.22160869812717024,0.05543793206807466,0.2582416083582252,0.06293793609988983,0.05705734492160872,0.1694724809215193,0.29254369352307774,0.21409924947915357,0.1791700108587885,0.27075426126561314,0.15149037017256917,0.3649943356530182,0.2616275015689282,0.12872929620147341,0.024734809898803823,0.17643236857649144
1,0.13001650822565036,0.04463771701533441,0.0748530354488045,0.33714285714285713,0.15479081458759375,0.12565351870312644,0.1704994318489259,0.4026833002836416,0.15735800953684906,0.13125388171968808,0.10097132748089054,0.1554620488752225,0.2491458057318179,0.16267503526830032,0.24805567924654906,0.28584009021102935
1,0.11540103603347185,0.023753336410046576,0.3544334874585703,0.06024237972824091,0.38240243694614856,0.1964724004884481,0.1949299280341973,0.29690127764251106,0.19446673905859024,0.24278862742391827,0.1283253780166227,0.46047904191616756,0.24238198173070216,0.2844094519044882,0.5123369058003282,0.11957257155130753
1,0.16458900210622188,0.27540691118607297,0.20806906992921145,0.08070995225853837,0.20175102249488755,0.09840133177666904,0.3731221254261133,0.23302919249981172,0.1634326519050092,0.15901835622110275,0.1169821088821389,0.26479041916167656,0.1938498012690886,0.02629339960290506,0.09714405968073492,0.09122805133437148
1,0.13866909546308417,0.029660150061137782,0.31239685202613304,0.11744399559309586,0.26807472733469667,0.06026143185490848,0.17666792922460905,0.2822108988679434,0.24706104527642697,0.19498309295424746,0.10360826462832537,0.45699951448454434,0.1650512516560909,0.27350893463608333,0.12186240003903892,0.22456102668742953
1,0.085899698297945,0.09332908302843741,0.11568940354897225,0.09344105765699595,0.13783444103612816,0.08043063378822703,0.1275363887235539,0.19912648409849643,0.11085406732448891,0.06797322476019599,0.09492973730765378,0.15947564330797864,0.18666759640192454,0.7380479648884477,0.1406620755280928,0.1123664286097836
1,0.1436500256162122,0.034646328640552664,0.1854958604416438,0.22212265883217036,0.16406782549420584,0.04997574821036417,0.22893782803960824,0.3056176108838073,0.19866861810112835,0.12735490994410326,0.21342501418605425,0.33843664023304737,0.32431490133184576,0.06764329379800407,0.39593995327530357,0.33979487730226066
1,0.13209426766095517,0.010854929798602158,0.157616923769385,0.16171869261843555,0.28561690524880706,0.1329595226662832,0.18784156701477195,0.3806132182032681,0.09657239979226664,0.07402870747360431,0.10964985480156213,0.22940605275934614,0.21424586848894778,0.18757347562568574,0.151980309749358,0.05290769478601729
1,0.1194000113849832,0.06490596200417736,0.18475933276047843,0.058641204553800945,0.11620228357191546,0.05202801020768794,0.19890698555272981,0.2207886744145184,0.21113261885652235,0.1393278586708992,0.14917053306185118,0.36688784592976204,0.29614392301792064,0.2146892470870996,0.21292675934341432,0.2667454223272298
1,0.16135367450333007,0.17005818794277314,0.2897281667280439,0.07055453543885419,0.09261034423994549,0.17251918816220183,0.3991126021319193,0.24881397625442403,0.2859638355129597,0.15889172589883377,0.328816048599753,0.20404596212979442,0.4366501638658392,0.05736323736872354,0.053251514282751516,0.11566342694517531
2,0.129191096943132,0.027723723838025325,0.09456197062072913,0.9632757987513771,0.2748913599182004,0.09978575554683519,0.09366376278339916,0.7635984838976883,0.038855578112459266,0.1473673314471051,0.11048432858239593,0.15740411069752383,0.21002719475629314,0.07102317257954961,0.25307583918408677,0.3733555281104011
1,0.07886947116753001,0.07926501443993511,0.15970375219935348,0.09388174807197944,0.19876874573960465,0.01752709741419863,0.19398300957740383,0.2754963729009262,0.10027855153203341,0.2305914015595887,0.16532594545879367,0.12723741705777633,0.25577016944425074,0.050792883640733574,0.1670316398172491,0.30993932234333893
1,0.07906870837365514,0.0707961233413106,0.11744888634286724,0.29332354021300033,0.2176209952283572,0.07324040470021619,0.16741518316108434,0.3567986144230528,0.15112600915915206,0.1320819819198123,0.08832070496345004,0.37944651238064403,0.16811937800711246,0.17296815403103608,0.13769145840831043,0.23897331257047738
1,0.19633403540729777,0.02955072056941398,0.08294120054012029,0.21019463826661772,0.1843366564417178,0.8358799743589119,0.2568583951084898,0.4159366449961093,0.29200698739436287,0.13739562487060936,0.19119463266464165,0.6721475966984948,0.26051181925946587,0.15617978995767803,0.2308785584882182,0.21966385652150566
1,0.20603973359139294,0.021628976929408465,0.151247323267455,0.15115681233933162,0.24969112133605997,0.07392774185371419,0.14414804393701638,0.2762243028188458,0.16453425239601527,0.13408322407011247,0.12910978337060647,0.3176889464314614,0.2557004392999094,0.25254715502377345,0.1269496581045389,0.18177522418514738
1,0.1269852564467467,0.028803745343299346,0.15145873399075246,0.25280940139551966,0.14911916325835037,0.04978319631275303,0.245468318813917,0.3002020633048018,0.17843822293564987,0.1845973362776896,0.1639574084582262,0.2322705939472406,0.35004532459382187,0.1445624771409164,0.10352631161590592,0.28896525801428347
1,0.17238287698525642,0.03557410041821098,0.2174393387618151,0.14716121924348147,0.3444316632583504,0.03776088954101965,0.1490720199123424,0.43391525891714144,0.2611774703743921,0.12338692981850803,0.17408792015754865,0.6732966499433565,0.255282058433861,0.23386801818276814,0.19476451607000167,0.10071954035332653
1,0.0847896624352479,0.011908783381942232,0.12770571627316993,0.12934263679764965,0.13891019086571235,0.04424306386629587,0.2650830582760673,0.3185822937322723,0.1865351022142486,0.10237388724035609,0.11235354985146365,0.17951124777472083,0.27752597447876715,0.035487094414546214,0.18410506346872924,0.29054395102829833
1,0.12254511299595831,0.10111285035279116,0.1404994748830421,0.11737054719059861,0.16026542263122018,0.1939119477233785,0.19233266598127807,0.31980596902532693,0.07435909541570275,0.05632806569594921,0.11474014486464834,0.18619517721314127,0.0978662575831532,0.10010645801766026,0.08910326401893388,0.28597433281426193
1,0.1330904536915808,0.036811129455088715,0.12484144195752689,0.07322805728975394,0.12991010565780503,0.14784329687846565,0.2912180076835669,0.309796932653932,0.2609886218780983,0.23300669380995095,0.1579158182849895,0.3034147920375465,0.3039536991841573,0.21713516902659488,0.13756946181201546,0.22286420018256994
4,0.4543462173393294,0.47179811686118156,0.3937968001964074,0.6068307014322439,0.6210804362644854,0.47847196663733704,0.5307072128131595,0.2958156580235447,0.1604267976016241,0.5419570768062937,0.23138288994959774,0.7670496844149537,0.42891011784394395,0.01571398714666388,0.00793587858898737,0.09210116522579605
3,0.08396425115272954,0.023170505421517645,0.30312205900405087,0.12746235769372016,0.14615286298568508,0.0351833752154022,0.12082679508684593,0.17201736991390346,0.06250885227326376,0.041508522531226284,0.028071697987249237,0.0,0.11219580224531064,0.3824716547364021,0.04759697204447996,0.13247060086989207
1,0.166818466442762,0.01212288456140184,0.29639783406304127,0.09464561145795079,0.5507306578050443,0.11509485008981693,0.09171581624370975,0.23863550791937543,0.0022189698314527117,0.07980815678697123,0.1144230448279315,0.14309758860657065,0.024893661529879357,0.09969499451381993,0.5196628014078407,1.0
1,0.09537769681789718,0.018607771397033984,0.24680497019790767,0.20346676459786997,0.24119163258350376,0.0797140482452185,0.1927925978031492,0.4018424157232862,0.17525140456069116,0.13925885032088883,0.15030541740378517,0.14167340993688302,0.34725611882016594,0.17129617534876426,0.32297378903128604,0.4297589002845943
3,0.02026527010872658,0.0,0.12377756864028805,0.04327579875137716,0.05621591683708248,0.040111728847930316,0.12212542611330555,0.21411179999497976,0.02776072895519569,0.0015526878752329038,0.020427918154811566,0.1482116847386308,0.06115333658740674,0.30022467213543025,0.04572432429135227,0.12858293508027707
3,0.09623157055843343,0.013654897445535039,0.1585307636700901,0.03199412412780022,0.08293924676209953,0.04191781690020694,0.007845895784860127,0.18653831672481735,0.08583164156555403,0.02163411772824512,0.04285857338362428,0.055445865026703324,0.08981242591172163,0.23932480798369818,0.04806665894021557,0.05496429146754013
1,0.09941936585643535,0.028061527921172707,0.25490677469072653,0.15319867792875505,0.1637802488070893,0.09019228378737396,0.12802337535847627,0.3738296643992068,0.15726358528870216,0.11576150714236424,0.1272739410527721,0.16449263634892372,0.3156683634335123,0.1256727101729453,0.09498045004544374,0.27440262041561514
2,0.14894404280753684,0.0330429486965996,0.19903978613418438,0.7062357693720163,0.1790644171779141,0.10360267037796231,0.22493371570802445,0.9217977358869449,0.11458382512629244,0.19060106272859018,0.07844053539837778,0.24392296488104864,0.14733979499337563,0.0633653795914102,0.35450990917353403,0.38441711861676425
1,0.11911538680480444,0.3012760430295793,0.20949438738628146,0.11339698861549763,0.14426231254260394,0.02886816044691539,0.397516368161896,0.32134968247194956,0.21014116425097965,0.1881512663032227,0.1645415401048099,0.3874251497005987,0.23293354717244266,0.08682533047703642,0.12924319411488422,0.34499275089942544
1,0.09534923435987931,0.013022109515132196,0.0884651581488604,0.08342269555637165,0.11576559304703476,0.458171146951221,0.2796385476976354,0.3152689575541554,0.2516878334356263,0.20899178800634877,0.15137354384325244,0.3691535847224469,0.2880552262743184,0.11316226030618108,0.1447184623549003,0.26427535842775063
1,0.17054704844310353,0.020020839181467402,0.12613718510031777,0.070106500183621,0.11385906612133606,0.0471508412568033,0.17921108165142582,0.2931800497000426,0.22328974080543884,0.12100614174315093,0.17497246236523248,0.2994497491503479,0.3442925876856565,0.08485944929202152,0.15495397678404774,0.3215378832626322
1,0.1408607047304605,0.0374201283655516,0.15033348336674984,0.09445464561145794,0.1328710804362645,0.113590995395816,0.14815215626860018,0.25684630638319234,0.13285491714272224,0.21654820233248223,0.11809472946360022,0.3152613691535847,0.20730771912697857,0.05583167877109566,0.07618077455638989,0.2992858293508027
1,0.0984801047418455,0.011404456159215152,0.3240858191142572,0.04207124495042233,0.3736153715064758,0.16195564481730726,0.12978193820680697,0.41762468937473324,0.040909305509654874,0.13002898350700437,0.03912013084548883,0.29852726978475475,0.11034795342026357,0.338343826741209,0.28724708580630604,0.06428609783600923
3,0.08609893550407012,0.025563680827477273,0.17716218612327286,0.0656188027910393,0.021813224267211995,0.09996124588389851,0.13668091553487363,0.22032430532894898,0.10698267315046502,0.11821130356773168,0.031509729964284514,0.10898203592814365,0.10585035911024336,0.4873523956319556,0.04937202252057168,0.059324491220533744
4,1.0,0.460065372226795,0.5637710217275665,0.2841718692618435,0.7378685241990457,0.21224825058070243,0.41864617715491587,0.40024850021335867,0.4614985128180917,0.3789593540818439,0.16482526119029337,0.6865512218805631,0.3723589707830695,0.02126874444850828,0.07352734858697442,0.14454169575256404
1,0.22075482438663402,0.035645467478030844,0.10213183845492858,0.20866691149467498,0.3898687798227675,0.12552921304770656,0.19203506303771442,0.375913050026356,0.37835796232472496,0.23790628666068592,0.2339530691945659,0.5501537465609321,0.42974687957604074,0.05545287110089346,0.08475103544611105,0.22854534715137192
1,0.09169892411908692,0.12579538588169245,0.10601224818254973,0.1129305912596401,0.1505698278800273,0.237050884885651,0.17191980953411612,0.2953387384221491,0.11732212832255322,0.1278207163066731,0.09252645281885241,0.16790095484706258,0.11352067498779721,0.23629434662208051,0.37751541731985677,0.23702196208988885
3,0.12489326578243294,0.032257911038581034,0.2022314060859009,0.07623944179214102,0.2228186775732788,0.11140711564569476,0.13110762404631784,0.18337558673661483,0.1443274632925735,0.19522462217928369,0.1167261924630328,0.0841883799967632,0.13966947911582175,0.7215633000679242,0.01589005666741898,0.15386350212103314
1,0.07696248648033244,0.05522383088861506,0.12777391328068521,0.23507895703268455,0.09555001704158146,0.01766358989858121,0.28288512526378445,0.36890986219533617,0.2461640149190312,0.229073217859361,0.14269501652258085,0.31843340346334353,0.37208005020570395,0.06775105804900987,0.18776496135757814,0.32991462170434416
2,0.013946604428758462,0.0225377174911148,0.14873767339089156,0.5629379360998898,0.158145875937287,0.09627594880556889,0.14647475785942318,0.810424458445242,0.041782729805013914,0.10972327651645851,0.03084215093961747,0.2724065382748017,0.05934035283453037,0.07585623595799153,0.2870640909118636,0.3916662191913226
1,0.0816587920532817,0.10698398047397244,0.19687112129519754,0.21903782592728607,0.09978911042944785,0.1623017507598488,0.15145284346085167,0.370026858103868,0.12369576507247061,0.08874473811331171,0.13772155278881135,0.3178507849166531,0.1589847290983892,0.12898401170385076,0.31210389230140484,0.727691564194813
1,0.08831900722946433,0.22217993063121785,0.5143554700819728,0.15562247521116415,0.07538769597818677,0.1438655159050305,0.3036632216871381,0.25534024448404824,0.1584438883905387,0.12528465944379272,0.20120831803464734,0.37866968765172354,0.193570880691723,0.09298748628454986,0.11803780674519183,0.5838157117542824
1,0.08641202254226674,0.01562462829656344,0.08410054966788057,0.127947117150202,0.30581117927743695,0.12793001835336443,0.3805530003787674,0.2926529280353422,0.1330437656390161,0.17376302532606447,0.10617844387329349,0.08871985758213301,0.2543755665574228,0.34440474946444427,0.20318533112926151,0.05031412769156419
1,0.1849632834291569,0.07479981539720526,0.18505257989279425,0.15633492471538743,0.2168860770279482,0.04491577682503857,0.2532871597857259,0.24698787620171184,0.19694537557244698,0.18338969015250844,0.16979872492406287,0.28451205696714676,0.32389652046579737,0.21120976801295782,0.09132970190131695,0.15607045051817645
1,0.46393806569135304,0.37142272612652905,0.2275734140785902,0.14190231362467867,0.25976695637355146,0.1074342094038447,0.5767003950002705,0.30250508295890954,0.45691893678296586,0.3492512594023877,0.3534830935612003,0.3586340831849813,0.6688515445226971,0.0916518626887507,0.06998944729442048,0.18710197068141546
1,0.22278989013491202,0.029774337356849572,0.14319325667989685,0.06381197208960705,0.1794212252897069,0.032458400259335725,0.4197554244900168,0.22461030648359645,0.23598980218120014,0.26485404733972806,0.1568476918455222,0.32398446350542154,0.2747716337772819,0.03200271696535869,0.049917957288991635,0.2845406218117382
1,0.12130699607218078,0.02590386381261865,0.1746320771444549,0.07477781858244582,0.0962796097477846,0.03666651230016647,0.08882095124722687,0.24708828032832147,0.09798876351447051,0.15311227658546683,0.09102440001335158,0.29592167017316706,0.17300048811101038,0.24943342128637855,0.1273644465319418,0.11399881866509157
1,0.20186998349177432,0.03892597332775084,0.15625298361907877,0.07526992287917737,0.25285979038854806,0.05739630836577061,0.34892592392186567,0.3420831346168327,0.2748689863556961,0.101373266165206,0.17937848392803493,0.2414306522090953,0.3386095809218325,0.05854211296305972,0.07253612624207785,0.2572141974977179
2,0.03651733363693288,0.01486337965848483,0.10766943546517177,0.5919059860448035,0.1711826857532379,0.14766293180981724,0.12748227909745144,1.0,0.048014730182710914,0.11341522324201228,0.04509496311625887,0.40572908237578886,0.03890942054250051,0.07324050368357803,0.33124515826008455,0.44650163775975943
1,0.12099390903398416,0.2180025787297615,0.22567753726966455,0.20540580242379725,0.022505538513974098,0.04099405526483198,0.19214328228991936,0.2783202389618213,0.10891837023747698,0.19287833827893175,0.2064154344270503,0.18339537141932347,0.19726657834181716,0.09430678196352994,0.12088642726867922,0.35062020082693446
1,0.08763590823703533,0.022635252472868624,0.1259871516837841,0.122453176643408,0.18971008009543286,0.1174993114441636,0.23256317298847462,0.278866186400261,0.1423209480194514,0.14174315092126147,0.09584765846657096,0.1544100987214759,0.2310856983473956,0.2128001071111343,0.053254564197658893,0.27023573001127643
4,0.7415324187396822,0.8846708313310909,0.6009793090279199,0.1459419757620272,0.5396962338104976,0.5212355494675575,0.7859423191385747,0.3121940811767363,1.0,0.40873645711131046,1.0,0.8320440200679718,0.676173209678544,0.016262605151784314,0.041369045803622086,0.0884819846426462
1,0.23823077360960893,0.024302862770659576,0.19976267441384668,0.11809034153507161,0.14800613496932516,0.1292876310998126,0.19955630106595965,0.29410878787118144,0.1846938293753836,0.23745773238561865,0.11779431890250007,0.43023142903382416,0.22752946098598423,0.17676276189978576,0.06501808599540074,0.355742898566289
1,0.09976091535264983,0.027733239446001305,0.2719355674672995,0.09008446566287183,0.31981190354464895,0.1336785455750843,0.24292516638710024,0.20520093375837745,0.16909022236910437,0.15492374577323856,0.11298774992489735,0.16104547661433885,0.3086953489993724,1.0,0.30120959625226457,0.06210599795951243
4,0.634399726760403,0.34472668794990985,0.7256161599629007,0.2095629820051414,1.0,0.6715576473570425,0.572046967155457,0.36229574035492856,0.49893772720834706,0.636947070595542,0.19610133849594444,0.5784107460754168,0.46977198242800366,0.002436125189403835,0.01306583546319058,0.08292971057294743
1,0.10895428929242329,0.030326242619456566,0.1647912489599956,0.09376423062798382,0.2737410531697341,0.21455887335203608,0.2528001731508035,0.33243806320439767,0.07176242859166232,0.11524394451728659,0.053105911412263423,0.17349085612558662,0.1320688933826093,0.09243886827942943,0.09450466331989339,0.06758309617140094
4,0.8857516935162519,0.4854863189346325,0.7311673963746471,0.15381564450973192,0.6937308282208589,0.645916559219458,0.656187435744819,0.29984437360375504,0.7055379821538171,0.38879304395831893,0.6547615073934376,1.0,0.9115821769751062,0.01979596635142902,0.0479690616631796,0.09559147290984266
2,0.0,0.040027404950970825,0.080677059890612,0.5463826661770107,0.1891509032038173,0.06934549416372761,0.0,0.37130701071814043,0.011283697653557419,0.06190048995928508,0.03301178276978537,0.29736203269137396,0.00488111010389791,0.05067858822300015,0.20522877411720214,0.34212532889437797
1,0.0994762907724711,0.04372897645362806,0.1802037726584557,0.1658024237972824,0.21041027607361965,0.03873949190672689,0.23624262756344352,0.22214413012374806,0.09513243000802606,0.16727624042509145,0.11178610768049667,0.18938339537141927,0.29049578132626735,0.059609958723026275,0.22282678313275062,0.445943188530312
1,0.11191438492628222,0.04937648978737374,0.18691435819796223,0.28865222181417555,0.14076346284935243,0.1642126455412049,0.2921378713273091,0.2926905795828208,0.06836315565837306,0.14529708094679455,0.029406856036583322,0.1270755785725845,0.17718429677149433,0.33409856836825325,0.14789037385856937,0.04654459539279386
1,0.09403996129105709,0.147703645905196,0.2699442148478524,0.09988982739625413,0.10608917007498297,0.011859003263632794,0.2782046426059196,0.33448379728406835,0.1803739200226618,0.26885653164032847,0.11227010247338026,0.4534390678103252,0.17638240011156822,0.07778456293432258,0.6199257040728564,0.21026687429522634
1,0.18301360505493253,0.027666630190169426,0.23129697068892613,0.15092177745134044,0.5806705862304021,0.010753657876713164,0.2003138358313944,0.1766987123170762,0.13257164439828148,0.1523359326478504,0.12653960412563836,0.5264929600258941,0.07830695209539085,0.000493103087935629,0.02344774580789196,0.5635826665950706
1,0.15359765469345932,0.01442566169158963,0.11575760055648758,0.11390378259272861,0.14900732788002727,0.2617024025114617,0.16235593312050212,0.30013303546775766,0.2169397101175582,0.1404147401835622,0.1476184118295003,0.5385984787182392,0.261418311135904,0.04226807826950206,0.19223003678197378,0.17518659721849328
2,0.10218022428416917,0.02158139888952855,0.1364076544321235,0.9509658464928388,0.21754643830947515,0.09795285647084058,0.15410421513987338,0.7147644268179423,0.1414947358481658,0.15813263404871988,0.10020361160252343,0.25327722932513347,0.12384073635032423,0.03734194576519149,0.20436869811332267,0.5434247972936691
1,0.16764387772528033,0.034670117660492626,0.20684152379393586,0.10306279838413517,0.06658997955010225,0.05567430943333682,0.24149126129538445,0.16984613067597074,0.22350219536376942,0.1668966945000345,0.18134784205080273,0.19880239520958076,0.3635729725960533,0.021820628036992525,0.09514514545044195,0.15579659560758202
1,0.16764387772528033,0.021843078108868073,0.19407504398706982,0.06395886889460155,0.2354081458759373,0.043845773242110864,0.17872409501650344,0.2675895479304199,0.18714885982720364,0.17145124560071767,0.13458393137287625,0.2377407347467227,0.2513771703507426,0.03584630858456554,0.09700559354394013,0.29177898297803795
1,0.11145898559799622,0.08614479900657053,0.23958972680278787,0.04771208226221079,0.20068592365371507,0.0904750182193093,0.2515015421243439,0.32943848992193575,0.14291109957036965,0.1251811469187772,0.10187255916419105,0.31652370933808055,0.1207726099993027,0.22474724384764094,0.5336436113432436,0.04109971540568114
1,0.06529287869300392,0.1593578867737807,0.1362576210155898,0.16117517443995594,0.0580478868438991,0.05389015767319312,0.20334397489313347,0.22302266623158207,0.07667248949530238,0.09961355323994203,0.07153109249307386,0.3907104709499919,0.06861446203193641,0.11508568890746641,0.3072179286197915,0.48765505020673366
3,0.044970683668241584,0.01913588763970102,0.19054243899777673,0.19744399559309583,0.1619589297886844,0.11119506482174325,0.09447540717493642,0.27825748638269027,0.12827534110759642,0.1383272375957491,0.09846790613838913,0.27878297459135776,0.13457917857889967,0.2622459376142954,0.0722829833047658,0.18583472050690006
4,0.5973416064211304,0.4475999257782578,0.6526180831185128,0.07161219243481454,0.6095773687798227,0.7907716456362621,0.8872355392024243,0.3520294184090966,0.6697039799820593,1.0,0.28775993858272975,0.8577116038193882,0.4260511819259466,0.0,0.006142528623451406,0.028502389518337532
1,0.23609608925826833,0.02153857865363663,0.1223590708839696,0.09950789570326847,0.3589276584867075,0.2985212501736623,0.035874682105946645,0.26897010467130195,0.11954109815400595,0.14281278034642192,0.1242698354417704,0.2212332092571613,0.27104107105501707,0.1415140550707978,0.0564539249354943,0.1214412285883048
1,0.15073717766266292,0.019159676659640974,0.2745202340521297,0.1174586852735953,0.08222563053851399,0.0829216216282091,0.18748985444510577,0.3252215166043324,0.1568858882961144,0.18753019115312955,0.14676724857304982,0.46085127043210866,0.25284150338191197,0.26693204974136575,0.09180243871195995,0.17226010846802342
1,0.1633460465645813,0.02688159253215086,0.13979022600488286,0.2033198677928755,0.2228612815269257,0.10716122443507954,0.3258481683891564,0.2897286578478375,0.26689013738728107,0.259919950313988,0.1838178844420708,0.14296811781841715,0.38051739767101317,0.17229217827472698,0.14770127913431216,0.3357031627557322
2,0.08766437069505321,0.00788368120810159,0.14891498561043137,0.5368637532133677,0.140742160872529,0.08893216567262766,0.06563497646231264,0.5161650643841461,0.06911854964354845,0.0,0.0343135618678861,0.25114096132060204,0.09525137717035075,0.2309093996551544,0.4700162865456054,0.3582129624657681
1,0.09540615927591505,0.027690419210109386,0.09566676214247716,0.273360264414249,0.1280248807089298,0.14973469273348136,0.07710621719603918,0.32769396822209385,0.018459940512723653,0.11255261886688289,0.02346540271704662,0.3684091276905647,0.021476884457150815,0.04097654004911437,0.12572969214158927,0.8804703860817269
1,0.1669323162748335,0.026455769075225642,0.24809389363994702,0.14861549761292692,0.5312553254942058,0.0022679688699640977,0.37941669823061525,0.2729988202515123,0.24458240876257023,0.12193775446829068,0.1760739677559331,0.4533581485677293,0.48668154243079287,0.4930541041851716,0.30656829674452085,0.0975943725500725
1,0.09409688620709285,0.035550311398271014,0.4078726625475674,0.05025339698861549,0.2781399113837764,0.10322487868011768,0.2419241383042043,0.2730239212831647,0.11713327982625937,0.20212545718031885,0.06962849227277278,0.5966661272050493,0.10571089882156057,0.04975769371440514,0.06130938946803384,0.7500832304140043
1,0.5032874139010645,0.15638188037929213,0.150810862419357,0.07259640102827762,0.16069678766189502,0.06503379407671366,0.3046101401439316,0.28526694947162323,0.19758273924743872,0.1170899178800635,0.09384492139256984,0.5985758213303122,0.25754828812495645,0.057165669575212914,0.055929339571425964,0.1615851366589701
2,0.06634598963966527,0.02750486485457772,0.0804997476710722,1.0,0.10801167348329925,0.09580309984181497,0.05389318759807369,0.41746780792690574,0.023039516547849484,0.10299496239044925,0.0,0.4462534390678103,0.07328638170281011,0.021399367783060765,0.21859960107113013,0.37679213875315476
1,0.13624978653156486,0.0353933038666673,0.11862187487213059,0.16653690782225486,0.2513420245398773,0.060761091842380426,0.1411179048752773,0.31644870604181824,0.13955903876115386,0.14232972189634946,0.08705230481658265,0.1628418837999676,0.14078516142528413,0.05282407649302471,0.07399703548271004,0.3135585029264888
1,0.10001707747481071,0.030488007955048267,0.07999508981545889,0.09786265148733016,0.10995015337423315,0.034691027325307905,0.1526973648612088,0.4531865759682722,0.12076861337991596,0.11386377751707957,0.11519076070629859,0.2949668231105356,0.1472700648490342,0.2112832436386436,0.40868249775831256,0.28224238844439664
1,0.1554334832356122,0.0304166408952284,0.09963582797986821,0.16230627983841353,0.2816227845944103,0.1482698358921612,0.40089821979330126,0.0,0.201595769793683,0.1909806086536471,0.1587169131145899,0.08865512218805627,0.39801966390070426,0.2685419823397251,0.30415581405278797,0.14593781882618267
2,0.08359423919849716,0.15171685356906667,0.10963350928161271,0.8833492471538744,0.14831501363326516,0.058713704576641754,0.27298306368702996,0.4108662366023243,0.13361031112789762,0.06517838658477676,0.08748623118261624,0.0661272050493607,0.11763475350393973,0.009026072417576676,0.10132427305278184,0.24680234119100036
1,0.07770251038879716,0.012246587465089614,0.050315752144795875,0.09468968049944915,0.12652309134287662,0.12622386229858218,0.08809047129484336,0.29006752177514494,0.13200509890939993,0.08505279138775793,0.10985012850896222,0.28108108108108104,0.16058852241824143,0.26467879722033544,0.2613289089234411,0.21779519948450843
1,0.15349803609039675,0.02427431594673163,0.177407695350328,0.11215571061329417,0.17120398773006135,0.13522992890203983,0.30355500243493316,0.24865081954868343,0.266370804022473,0.15799461734869918,0.19890517039954603,0.011069752387117661,0.3958580294261209,0.05827433512722712,0.08453144157278013,0.08658110938087311
3,0.27178801161268284,0.017308890908312356,0.22004446444889994,0.0,0.037076090661213354,0.1366046032090358,0.05508359937232833,0.15353046010191015,0.06515273122137764,0.1354978952453247,0.06782602890617176,0.2120731509953067,0.10201520117146642,0.005675583886305449,0.013120733931523312,0.0
3,0.12993112085159672,0.015139332289788325,0.17433883001213904,0.13407271391847228,0.05894256987048398,0.04802098084474224,0.0813267680320329,0.21470167423881117,0.056229639771493305,0.11527844869229179,0.06922794485797255,0.365884447321573,0.18597029495851058,0.31662443178849464,0.06280384777264715,0.0533426408204908
3,0.09489383503159331,0.002302777130187791,0.15664852626266756,0.13410209327947117,0.0691675187457396,0.05282990355343559,0.07429251663871002,0.15523733025427344,0.09489636938765873,0.03719550065557933,0.04155679428552354,0.019291147434859986,0.09811031308834808,0.4267725586498771,0.04977461128834505,0.13843097245341782
1,0.08695280924460635,0.09172570308448434,0.08812417311128384,0.08662504590525157,0.16613411724608046,0.2296071697552154,0.18099669931280776,0.4875749893320615,0.11769982531514092,0.0954040438893106,0.07583697720217629,0.1854669040297782,0.18827138972177673,0.18509979622759806,0.179920580215812,0.2506685281640982
1,0.010986508794899525,0.15573244013493132,0.2703874953967019,0.0867572530297466,0.45531910361281525,0.05577667879662376,0.16119257615929874,0.27499435226787816,0.05268873046598365,0.10989579739148438,0.059314396341666936,0.21294707881534222,0.0691723031866676,0.23691480746120486,0.05955873831120112,0.26105353595016917
4,0.9625434052484771,1.0,0.44900909748080253,0.10898273962541315,0.6555044308111793,0.6103456428430409,0.6122504193496023,0.32692838675669567,0.4807138473159907,0.26350838451452624,0.4159684902700357,0.8161838485191777,0.35583292657415805,0.0008784419248654581,0.01312683376133806,0.11437469795414273
1,0.13439972676040302,0.03357582274325462,0.22101286195561737,0.19643040763863387,0.2557941376959782,0.054080272205011715,0.30057897299929653,0.25246617635984836,0.2151456494027666,0.2562970119384445,0.1970359491304783,0.17705130279980574,0.402691583571578,0.07617952871100893,0.07214268721902659,0.5319443698652205
4,0.7746627198724881,0.5553356392823329,0.9724893271683237,0.10523687109805362,0.6565482276755282,0.8561759193134428,1.0,0.3077762996059138,0.46815542231244983,0.5937478434890623,0.26195800927934837,0.9254248260236282,0.5427097134091068,0.002465515439678144,0.014078407212438776,0.08463727648606562
1,0.1291199407980873,0.2227056679718909,0.2353342335338325,0.12484024972456849,0.18325558111792775,0.04755666266126222,0.30663925112277474,0.30504028715580206,0.1361597658278646,0.08220619694983093,0.10756367034947761,0.2771484058909208,0.17704483648281152,0.15873184335649718,0.10205625263055161,0.14861193148257532
4,0.5484715660044401,0.5035754896969755,0.5747371005360284,0.2754902680866691,0.684134287661895,0.3823568839740762,0.454574968886965,0.2738522553276939,0.7483121665643737,0.31799047684769854,0.5226476184118294,0.7109888331445217,1.0,0.07018391765504989,0.03339656823574622,0.09165011007893466
1,0.060610804349063574,0.015217836055590182,0.4044082545657896,0.08109438119720896,0.0,0.014007541209762138,0.16519668849088254,0.26721930771354696,0.08956139936735753,0.3321716927748257,0.04606295270202609,0.35026703350056637,0.18834111986611812,0.20062437953916087,0.13254930187447772,0.1520807603501047
4,0.562560482723288,0.4181062988566997,0.9382680687971411,0.05793609988982739,0.6724501533742332,0.5501305209381909,0.5438017423299605,0.2396269986696453,0.5775931259147349,0.41888068456283206,0.7883774491805466,0.5037384690079301,0.5358064291193083,0.006185014891060139,0.028705799108204883,0.044203404392417975
3,0.09620310810041553,0.009073132205099414,0.1681329023282458,0.0681013587954462,0.06734619972733469,0.04875219058250605,0.137167902169796,0.18087803408720096,0.12185449223360559,0.12418052584362708,0.07383424012817516,0.060203916491341616,0.19754549891918274,0.299499712628664,0.020800419668291256,0.046963432314879455
3,0.04252291227870438,0.004434273316807894,0.09160222049456468,0.06494307748806463,0.11821532038173144,0.06907982129234008,0.08700827877279368,0.13703908230628278,0.04976157877342901,0.04371678973155753,0.030408224573583893,0.13329017640394886,0.04176835646049786,0.5801439469146767,0.07152050457792228,0.020576706223487083
1,0.13007343314168612,0.05805948206545787,0.1575623661633727,0.08176276165993389,0.1534807430129516,0.14006810000024375,0.18900492397597532,0.24353020909159362,0.15598885793871867,0.12500862604375132,0.11806135051236688,0.5646544748341156,0.19412872184645422,0.18192891478133652,0.11257235923117746,0.6413145035708534
1,0.16852621392383443,0.08527887868075612,0.18814190433323782,0.18050679397723102,0.0555342535787321,0.08902722293853695,0.22190357664628535,0.34641933783478496,0.11609461309664319,0.16555103167483268,0.09926900096798957,0.5051626476776178,0.1442019384980127,0.09809812424891581,0.11376792587486811,0.6514202867422005
1,0.20047532304889848,0.02745015010871582,0.21725520684152377,0.06320969518912962,0.261023773006135,0.2165307022782058,0.27376765326551594,0.31613494314616325,0.20124167886313205,0.19934787109240218,0.12428652491738708,0.42987538436640227,0.35935429886339865,0.27370323684623016,0.06704017957898975,0.17643773828062073
1,0.14743553253258948,0.057890580023884176,0.07981777759591908,0.09919206757253031,0.1667465490797546,0.027031605322231946,0.2815864942373248,0.35785285775245357,0.22770407440630752,0.16551652749982748,0.18411829500317098,0.4081890273507039,0.31723729168119374,0.20217879722033544,0.12450972617863963,0.47347903130537505
2,0.09218990151989526,0.022261764859811305,0.12272733472455226,0.20988615497612925,0.27160020449897754,0.0558424876730225,0.1765597099724041,0.5645096513466703,0.18256928379207782,0.19343040507901457,0.10177242231049098,0.4274154393914872,0.19615089603235478,0.03637533308950311,0.29616503699546787,0.4202223057509531
1,0.11470370581203392,0.024897588269158485,0.2177530449963855,0.22557473374954096,0.17132114860259032,0.02494887625250135,0.22893782803960824,0.3021285674841236,0.18719607195127708,0.35767027810365054,0.11719349778029974,0.23359766952581315,0.24977337703089048,0.07595093787554208,0.2647021148109968,0.2926596144552435
2,0.08715204645073148,0.03749149542537147,0.11802174120599587,0.48871098053617335,0.15373636673483299,0.07008157863307651,0.37525025702072395,0.8892165968021286,0.21750625560643969,0.15582085432337314,0.12410294068560364,0.3781841721961482,0.3315668363433512,0.07886383823606248,0.38508835603486663,0.29632175267142774
1,0.07497011441908122,0.12463543326942016,0.17759864697137084,0.3744399559309585,0.29629984662576686,0.15886019026077378,0.1910610897678697,0.3525439895579708,0.10580237004862847,0.17693740942654063,0.1018391802129577,0.1466904029778281,0.1905027543407015,0.1187235487747531,0.12614448056899213,0.1351661923428019
4,0.5517447486764957,0.4935555544982659,1.0,0.10630921777451341,0.7974395023858213,0.7754771752880357,0.8760889562253126,0.4466477572228218,0.735470468816392,0.8818922089572838,0.42698354417704193,0.6779414144683605,0.519838226065128,0.00042126025393176235,0.019665851322748097,0.03647103044622241
