Type,36750_at,33426_at,40863_r_at,38225_at,36867_at,607_s_at,32685_at,37406_at,41344_s_at,33340_at,41084_at,32562_at,41018_at,35531_at,39729_at,41498_at,32655_s_at,39326_at,1323_at,33390_at,36868_at,404_at,32530_at,36452_at,37344_at,37639_at,40522_at,34407_at,38127_at,34885_at
3,0.03187517947736192,0.0002475265723451545,0.0,0.03589115956053964,0.049502629199182774,0.04752111641571795,0.00023298075578955852,0.06711248695890129,0.1201309445022218,0.21723854718014235,0.18005366414607796,0.08494588744588745,0.12494142455482662,0.10168814477751921,0.06017764963028413,0.41858219616729886,0.22920714509558135,0.15722101237584324,0.22190108761488425,0.43182570847329327,0.07679910307616847,0.5548877645151371,0.27609537622925995,0.22640571712567054,0.4168777239242508,0.0022093052201837137,0.3530006379115756,0.1897244629485067,0.32575597129074013,0.17016232338489187
1,0.04129688632416688,0.00703122510948762,0.02496308793030414,0.19599248591108326,0.10697658840472922,0.05292691883951523,0.0869950142118261,0.10094237972258804,0.0333270303488702,0.1249087424712539,0.11976861692859879,0.019025974025974023,0.1913464542330522,0.0990308798499427,0.11055821668294345,0.06568796492438049,0.13074271388279537,0.32743754536923925,0.25630382113607036,0.5332670987683524,0.2607385607175391,0.22584071785983842,0.09010057219362137,0.14875494850131102,0.25254232930074694,0.45989021931243923,0.29263457480739974,0.07473328129065834,0.09188139781150724,0.2242471751142382
3,0.028142050349382594,0.008629119418091987,0.05636344493062001,0.0817726418853532,0.12181397997119606,0.1936099889827396,0.1483621452867993,0.06145136739126717,0.1780041599697457,0.24231155320313927,0.13830714011917622,0.17214285714285715,0.11428069353327087,0.10279968043349891,0.10221829512161093,0.21111384797280652,0.10015669069257288,0.15768134416883556,0.2976917810022911,0.11260664553468641,0.16018499054025648,0.14675872865009923,0.16165665195008044,0.34954842247776385,0.1682244192175668,0.01940454556769809,0.36598459198194216,0.04217769682250558,0.09979409342275562,0.15712674225187845
1,0.014453910213458408,0.004058455483203729,0.08533482858842859,0.07952410770194113,0.0519476169742439,0.08214469335291956,0.0779087647360328,0.06487198344421831,0.06150137089912074,0.10677130863296223,0.13761020315712444,0.35958874458874457,0.09784051858794127,0.07176352078919032,0.0786091863150878,0.18345731316813635,0.0680664368536509,0.2766062923815089,0.4039251573486424,0.3309362728864077,0.11568915983462967,0.3604953456517485,0.1962114088076377,0.19934534112525923,0.4939125515858221,0.10162181673346445,0.3590362628195691,0.20026599589441124,0.8450111777856218,0.37988643098866215
3,0.03789194437227365,0.004296179022980759,0.008217373525659703,0.08487504980930152,0.0754261982114747,0.1492030848329049,0.06090116956339405,0.04085925875250133,0.1364162806088683,0.15938127395510132,0.22467505314144331,0.12006493506493507,0.1010231177756951,0.0988224669144465,0.25620456060394675,0.22731169023104583,0.13939204011281733,0.12774207255537262,0.32002343770573827,0.28567598681616757,0.156190876602901,0.46912475889637434,0.2849332972059737,0.18707477164058886,0.1372793541005104,0.05955166662517736,0.23167967024878547,0.13758926764391247,0.47665607718555125,0.10992103703420456
3,0.11337499487207536,0.00976627119599448,0.20107834663310506,0.21492002049296977,0.16800080383159727,0.08458318031582812,0.22226364102325147,0.09671791889719339,0.1684551385080836,0.12707610877897427,0.4860264139108617,0.09743506493506493,0.0945602936582318,0.07323977908228838,0.32903160799268316,0.13142519335927877,0.39279222814164844,0.20516633912289092,0.47630553287862426,0.2039945750737254,0.3493097890827553,0.09951639504654346,0.40883154556031936,0.322727973813645,0.19546687579548228,0.06085235617734186,0.4071347956229451,0.18541648596293409,0.04408753971055418,0.05229910330191386
1,0.07924352855912155,0.012170464933327125,0.10669853061804149,0.21765241646268568,0.2036373379776937,0.049122291590157914,0.24919621639252598,0.11356445295797775,0.19076770350761088,0.14229330169739002,0.11245077882705506,0.1906168831168831,0.05691580756013746,0.1380214665323561,0.1025438310933358,0.13718902408985664,0.30742713882795364,0.5137479860484058,0.17076607062913124,0.390066392266326,0.4123747459883681,0.30156822184328963,0.11851899077158473,0.3292402872272969,0.15502744815705233,0.03527420278310223,0.21414200893076202,0.2698528348801573,0.1838892810918932,0.3254536068676749
1,0.052045016340986475,0.008880322127650189,0.20708466881976872,0.1873256674446405,0.15163948152861978,0.23996327579875137,0.18021061460323376,0.10495305204467326,0.24732911033374308,0.3050967329804709,0.03579642471338467,0.28205627705627706,0.4454857856919713,0.12320678036750148,0.1493047481746733,0.06733336617567365,0.35399561266060803,0.3063419557019175,0.7726147525873647,0.14240825724243428,0.2090603321421064,0.2932518938864507,0.08349006231969525,0.16592260629637884,0.10390766619955516,0.1663762415672998,0.3402276853623828,0.08052736577326741,0.1842143193316861,0.3215876718352676
1,0.10014494933610468,0.010549288422373461,0.03379505047710228,0.19089770592588373,0.19260140000669862,0.2068233565919941,0.2106146032337729,0.15412440780584585,0.17351328353975606,0.36475634239824783,0.25580200020908106,0.32753787878787877,0.21568455170259293,0.11799645698009657,0.08547256971895392,0.20619242327208234,0.419492322156064,0.226394716807422,0.27671635109156506,0.9704861932472284,0.394471305444608,0.7412713499007632,0.197825186082466,0.29766413600452435,0.28197356748904,0.12569079684349405,0.7386279994111584,0.41364096336773937,0.10030738910460055,0.2386153757910636
4,0.5647554321814875,0.5067677686092192,0.7040423307370416,0.5999032276427392,0.6639648993535855,0.2626367976496511,0.4882344718326266,0.4253536061844739,0.7571381299045098,0.7111927359007117,0.5107850994877512,0.6882683982683981,0.48398937831927524,0.3220500885754976,0.4353888604690818,0.5079166461402039,0.43779379504857413,0.6406756254315611,0.7433472467279383,0.2298181703489931,0.5460724546282673,0.10141727000810667,0.3310753733603225,0.5733149389042176,0.052961444017330266,0.5077730203380547,0.10360665390843513,0.028305432677017378,0.02349099894105189,0.012630250654838165
1,0.012457438225601332,0.004813288990949349,0.11270730136654236,0.12867877269881023,0.0697993770305121,0.2498420859346309,0.055169842970970585,0.05401152747609845,0.17716507516308977,0.36733436758532584,0.05368156950203854,0.35022727272727266,0.13942908466104342,0.06443433255757408,0.05223302174890324,0.26827922557761463,0.07508617988091508,0.31116658699385635,0.30533866168066787,0.3555692230054722,0.10714035456520217,0.6876415173454841,0.20175005180025815,0.43142362598755807,0.35680032912075904,0.12650294988922356,0.6151037833063447,0.21372191863995146,0.3933639251676668,0.2363764984800107
2,0.03027526699394221,0.006563130304359653,0.08218597806578307,0.08991290487846529,0.137019794353083,0.7990892398090342,0.11579143562741716,0.183618669722417,0.3071877659071571,0.2974767293301698,0.10574276056730668,0.8760822510822511,0.22803420805998126,0.09008649136823094,0.04438140414515804,0.16466821025666287,0.17724851143842058,0.4748322444715923,0.47218747531140537,0.8720568986453454,0.24146871277415743,0.9493752271266038,0.15553625221147252,0.7346746413943206,0.5184487612974558,0.11133653630728635,0.4863241572206683,0.3656576170237373,0.10309742322626192,0.34732998107183144
1,0.026282323018228058,0.006987111462931057,0.18703829305857206,0.20891444185119823,0.14596242087282715,0.14022769004774147,0.0396067284842272,0.03961073389317416,0.2231729223787464,0.09944789195108596,0.14959751890441508,0.15154761904761904,0.19616916588566075,0.0868387231234152,0.16253546016834858,0.11565101729149219,0.09062989658414292,0.26828490996972437,0.2950155373554894,0.24512308589992274,0.2659939737930068,0.1952310401699606,0.2036387689070942,0.32051721478637896,0.24587634830232827,0.10078165841029597,0.26637224593944747,0.24973544973544975,0.21731380162372044,0.10373018756094296
3,0.03406309398460255,0.006533721206655278,0.07277615492540455,0.14515853589115954,0.09592390394212413,0.09060594932060227,0.13554820371837284,0.04511792573842549,0.39574075824903093,0.18522996897244023,0.020350559291912033,0.08429653679653679,0.20073805060918465,0.09512313730938901,0.2879908229859399,0.17432385831814376,0.1509244750861799,0.24695030187142586,0.195592921286177,0.1985854189336235,0.2449723214911359,0.12249461884661614,0.25742337546420996,0.2003907388048191,0.18851805664476812,0.03112942172213786,0.2818391481426959,0.0796946829733715,0.2620484762913284,0.4141100892874214
1,0.42884491788483353,0.11406808696270192,0.20563634449306203,0.21564581317242557,0.20857755300264594,0.12235769372016159,0.1886212198872373,0.1382784039405497,0.07551763259903564,0.18841257528746125,0.2614384778896749,0.13115800865800867,0.24584114339268978,0.0,0.032941139995969544,0.19358096457953589,0.32130993418990916,0.20749455569129446,0.494729808021489,0.3077660027440034,0.3495900777801136,0.16453750034942555,0.2727403133517158,0.228029511062364,0.14802077574791406,0.1591975554504493,0.22084989449923936,0.10241998438719752,0.05662430874220497,0.08217693057759592
4,0.4907628984397434,0.6224092422991052,0.5533015183531952,0.7481926339158649,0.7259604112938339,0.11466764597869997,0.21834956432598665,0.39769792539636395,0.684586839368441,0.7265468151122467,0.8803185001916575,0.15481601731601732,0.8990745079662605,0.2657959637361493,0.8059573082825652,0.8255382038524064,0.656784706988405,0.8884226554062429,0.9239229189160719,0.08448061061960858,0.4968117160675497,0.041819249154390184,0.5729586713632233,0.48329934362735855,0.026323232582955144,0.056321724627218635,0.03965847195642573,0.04377945470841645,0.07074361689610542,0.02376536718735064
4,0.44204077725662866,0.10665944509934148,0.49251107362090873,0.7075482438663402,0.6379073584084135,0.13933161953727508,1.0,0.5730729104311687,0.6525952538526993,0.561074101113342,1.0,0.11716450216450218,0.4670024992189941,0.28658515405189483,0.5007750856469639,0.6719542834622395,0.9011595111250392,0.5158902993927161,0.0,0.0010408288782703318,0.8620278887253873,0.06356749503815727,0.6117849572050174,0.6796970060495965,0.05899746731290899,0.09560379378158372,0.08200598655478678,0.032052505276549,0.02667078479821156,0.06805345773664992
2,0.021769749347044263,0.0024287013187529556,0.1292546822623732,0.07790174759492229,0.07422045081555415,0.7452662504590526,0.057266669773076734,0.18683404881219112,0.5116290063344994,0.36167640080306623,0.1933303132731644,1.0,0.2494923461418307,0.04600715551078537,0.0741989489838627,0.17341740972461697,0.14822939517392666,0.42077866893291554,0.46132449371922146,0.5499676712242355,0.22535211267605634,0.5656780253263635,0.11275720820516089,0.7703895391681377,0.4207667485183138,0.07080978815563466,0.38267824721527055,0.5378321334605488,0.20372396752559124,0.228178115978051
1,0.07164052564646035,0.013167923497133837,0.20794656258646485,0.26166960778732845,0.21443882506614867,0.15230260741828866,0.24684311075905127,0.10701397321657631,0.06535997920015127,0.15832040518342766,0.2012318360804265,0.2395779220779221,0.15431701030927836,0.12035847024905345,0.17854097877815495,0.16875215527858511,0.3557818865559386,0.1799012057151963,0.1648177652542596,0.16588998754159373,0.3474178403755869,0.5504570486120817,0.19045361087646034,0.2617178797278538,0.14163763290179085,0.16173047720992753,0.23839246282938312,0.08977072310405644,0.3146164254618191,0.24002256084737014
1,0.045399226025243065,0.005759281633773408,0.027347987159741727,0.08951443046621506,0.12579964497437787,0.0997576202717591,0.12268766599878848,0.072243411038328,0.12477545617850053,0.14678773498813652,0.20106631355193919,0.2188744588744589,0.21257029053420806,0.06650109416791138,0.11965772217830069,0.25393369131484306,0.21128172986524604,0.13025619234786923,0.20948437047375765,0.4925249562378768,0.26886693294092917,0.30053392223185077,0.12126041982116953,0.2732943737039639,0.37844387591118883,0.08342460979313435,0.6991314588547033,0.08222164397027786,0.09070184727615015,0.23294648490526357
1,0.0,0.001519470048059367,0.04512209753601223,0.028804007514088906,0.030981009478514253,0.10942343004039663,0.0,0.04412594708306966,0.0482769216223882,0.2293986128855631,0.09063665191483429,0.375,0.04713370821618245,0.070356733474591,0.06692089475887085,0.24096753534656878,0.06455656534001881,0.2372302190117031,0.29428146314486614,0.9257699768179022,0.04638777941279517,0.5874821792972353,0.16321862896670436,0.24164110298024027,0.7008922258076958,0.1017089442632745,0.5358260954904558,0.13473270303871399,0.1703994587598541,0.4949123377244135
1,0.05687210272258612,0.008959971767266203,0.12393885451380134,0.128507997950703,0.14700070335264762,0.10886522218141756,0.23363310190578257,0.17234773982794305,0.282511581733951,0.2764874977185618,0.23884029689514577,0.09740259740259741,0.1982388316151203,0.10623849386918616,0.21896169526732703,0.1012069560076851,0.3216546537135695,0.18894849595439175,0.30218181339372713,0.4122786267366861,0.3867283301800855,0.18167332904704664,0.10342519245788237,0.3078267724631969,0.48428962626795063,0.12670832192377585,0.30132980028460665,0.2827536357591003,0.08926932580303566,0.11119821042770016
1,0.09699298499911116,0.01390560169788524,0.2716165160393043,0.2458017874423635,0.23749874401312923,0.10085934630921779,0.39341130422627085,0.11807966614787323,0.24983454665784255,0.08836010220843218,0.11034254451684844,0.06319264069264069,0.036687753826929084,0.146410087186078,0.08961540250197647,0.3298389083206069,0.4614854277655908,0.2648855367291656,0.3307086614173228,0.16124174039204556,0.47712143507813054,0.3374053056774662,0.2162063084745222,0.30167435005398363,0.09167813018268774,0.02386671977297055,0.13445213209676626,0.013606268251076995,0.13721614307565594,0.41542932527770865
1,0.04991179969642685,0.008146320064111832,0.12911511423765254,0.15403882279273637,0.13534514519208224,0.05360264414248989,0.15714551978006613,0.05697891190203356,0.10246289117897325,0.25268068990691733,0.10981113008328394,0.20742965367965366,0.009791861918150577,0.11942929591163293,0.10515586972360444,0.3258042268092024,0.2566906925728612,0.3160797436306015,0.22008400705764622,0.7831724779612369,0.2724406138322472,0.4687893103737455,0.20480228239906917,0.3189019896831245,0.26236452695319024,0.1319982076622439,0.4222385789292899,0.19742967010726575,0.21364866454877043,0.5727013746821406
1,0.07324727536271519,0.012529501001134702,0.0641327316400712,0.16030056355666872,0.18267073048196403,0.1544619904517077,0.26872000372769206,0.15875079101746226,0.29554694147678934,0.25884057309728054,0.07733386765167091,0.25154220779220776,0.14832278975320212,0.11918614748688736,0.13321397014370087,0.0969259569436918,0.3335944844876214,0.06740319753545441,0.17337647802385903,0.258109791676523,0.3761824679419803,0.8125122298940542,0.08041392390940531,0.3138035337869103,0.6699246622012521,0.19184859724677003,0.27351685558663325,0.2349697863359066,0.3017884456994941,0.28235474064585203
1,0.05015794007849143,0.009006536171964797,0.08343719316459478,0.14322308874594405,0.11384264996483237,0.05173705471905986,0.21667210288430175,0.11221330961706204,0.5922993287321547,0.13752509582040517,0.0,0.08659090909090908,0.17484770384254922,0.11068463649310502,0.12053356895937,0.020454209566973733,0.45371356941397684,0.2658239053841115,0.24311023622047245,0.19960259261011498,0.3077569896993904,0.301735946104604,0.0,0.3318280749258796,0.4880436599256907,0.27414054915237357,0.4770793463859855,0.09810044236273743,0.07074361689610542,0.13653136531365315
4,0.2594319626960576,0.4921784053897073,0.688236864077884,0.9820117265327032,0.7070033827913053,0.15747337495409475,0.39480918876100835,0.4491610939130138,0.5438924080552142,1.0,0.5109593337282642,0.13143939393939397,0.9188339581380819,0.5989440411268193,1.0,1.0,0.540958947038546,0.7989235318071565,0.7417408421773365,0.01221396918515715,0.791044776119403,0.006121935537975562,1.0,0.6980257407756508,0.05678618721314426,0.07032436334669288,0.016104813778890035,0.0028854772024170987,0.024217555006471353,0.12912070053343022
1,0.031410247644573286,0.0023453755419238936,0.07761696167755867,0.03258951443046621,0.09820142680108518,0.1889092912229159,0.11625739713899631,0.08797824488190324,0.3155549777819798,0.2695975542982296,0.0409973167926961,0.2545454545454546,0.22155185879412684,0.1018965577130154,0.10047435241594195,0.5030592640031528,0.2516452522720151,0.057169667675855615,0.34693729755352487,0.4870684896942171,0.04337467591619367,0.7287619154110642,0.18702283992923285,0.3745008654521773,0.3777882056490493,0.27433969779193945,0.6861475047843368,0.12460172897331369,0.1743263913401577,0.25960652352637514
1,0.06630748403506131,0.011101934383401504,0.027350435721578935,0.1625775601980987,0.24707773721405368,0.09585016525890562,0.38204184334373975,0.17845353948246082,0.28684882291765157,0.20802153677678412,0.38913475276161263,0.22911255411255413,0.4118830053108404,0.13173434297822084,0.18704366832534994,0.13376028375782056,0.3083046067063617,0.5283546679414317,0.36371566639454345,0.41592941287789187,0.25947726157942685,0.7148408017219692,0.10438150491703989,0.4449623828212027,0.8377858915187122,0.31936596051878213,0.186672555081211,0.008529216179489403,0.41211318978703376,0.6880905492992754
1,0.020484349574040394,0.004215304004293728,0.08928191027000291,0.05402174531792564,0.10094785142512644,0.13183988248255601,0.10609943618657099,0.04448511176862953,0.04346695660395197,0.2110558496075926,0.11264243649161931,0.16455627705627707,0.1829896907216495,0.07447288895064087,0.13156303771566755,0.3934578058032415,0.1617674710122219,0.1873727448168411,0.2843270218313012,0.28759994322751575,0.18457010721042677,0.5884046627344646,0.17795381010822267,0.366086271015064,0.48770296851497114,0.06909213113937915,0.3126944403552676,0.1662069563708908,0.5578891634309919,0.34679081505840964
1,0.033639185548824675,0.004236135448500993,0.07706970810694339,0.10617919963568052,0.13859396456442377,0.1500183621006243,0.15495550067564415,0.11019514614582089,0.2863051905077054,0.23182834458842858,0.13367250932153182,0.2786363636363636,0.1624394720399875,0.07068672062245998,0.09634314591762388,0.12878466919552684,0.32732685678470697,0.24432109913068115,0.23623034787875594,0.2948344924382205,0.24987737369490576,0.45723031336482817,0.12882724215425317,0.2814133433874312,0.19012830567090494,0.18683565258519827,0.5556357034201874,0.13892213837569029,0.28878397458524535,0.16319713974341815
1,0.059169412955188766,0.007908596524334802,0.036126081346121365,0.17171400922183638,0.18246977258264396,0.09881748071979436,0.1726853361912306,0.1510201987377927,0.0899948000378179,0.14097006753057129,0.0909502735477576,0.11994588744588745,0.1975554514214308,0.12249470283788948,0.1847029096715187,0.0400413813488349,0.14578502036979005,0.0587100086754838,0.38716324757064224,0.1687483244232073,0.31644593931749704,0.23615575993067398,0.1758100763456113,0.19415262806121575,0.3418227633287479,0.41062582459983565,0.29719809607929726,0.07099199121057044,0.22985645370043536,0.1403590616217043
1,0.03488356192481778,0.003950622124954354,0.010888754490050272,0.1209369841179484,0.11471346752855277,0.18492838780756518,0.06546759237686967,0.11040038310899794,0.245887302637799,0.3542389122102574,0.20293061992542769,0.36326839826839824,0.2097781943142768,0.0819410191392546,0.07958579423026242,0.19785211094142569,0.12259479786900661,0.2733662647616013,0.3102632133357912,0.5886518111999495,0.19802396468362415,0.534676991026752,0.15728949171992795,0.4597007763363096,0.4776300734093568,0.07123920240969853,0.46272142892192936,0.746158961459508,0.18666019531709613,0.33749498116742827
1,0.017266337567859533,0.0012310893374865512,0.04232828847976142,0.038993567484487957,0.06840382489868373,0.1465839147998531,0.19424397744746283,0.09169525731584259,0.09011298099650183,0.17551788647563424,0.08196501376450498,0.16522402597402597,0.1947106373008435,0.09037010663795199,0.19356446387325799,0.14189565988472339,0.14804136634283926,0.286656928878738,0.2993442709293445,0.2845011117944836,0.11942610889215896,0.536821066167221,0.26739293285092675,0.40872735685763734,0.5075318514328323,0.14706069054790769,0.44100299327739334,0.10570272067539829,0.913210377691493,0.41846547999158745
1,0.15400183237839982,0.06994708813171353,0.1345729585727823,0.3612455171628622,0.21790534882942025,0.13402864487697394,0.2139695261171427,0.0688912073064359,0.22969651129809968,0.25508760722759627,0.13649510401784157,0.21941558441558442,0.1556544829740706,0.15170724929660634,0.12408346122246508,0.25393369131484306,0.3684738326543404,0.15514951930737775,0.3601769678455744,0.30967024648720254,0.439913110503819,0.27221647611326977,0.16253327170430815,0.33990848485887126,0.2272347428101256,0.04761519504119886,0.5749055400166838,0.12693786682857724,0.21053947523238029,0.25823375332198917
1,0.05226380779171053,0.009651085563319011,0.014365712298881252,0.08393578869471166,0.15795290886559266,0.08083731178846859,0.12841899259121195,0.08113701277600097,0.08649664366077339,0.09712082496805986,0.10697982367494857,0.17786796536796537,0.2348875351452671,0.10821841675640002,0.1456695964904122,0.14785950046800334,0.3164525227201504,0.10881535383580322,0.23515063334474495,0.362050748292883,0.41090323032723713,0.5681100271154221,0.2702459316874133,0.18566091412315128,0.2206394713497808,0.08775609270369172,0.341734138083321,0.5213288229681673,0.17687080833039182,0.1847695160889433
1,0.063435846244308,0.0110700745275551,0.044634833730408455,0.1196277110491262,0.20102488528653248,0.12459786999632759,0.23414565956851963,0.08483127811318818,0.403127068166777,0.17646924621281254,0.08877234554134578,0.17327922077922078,0.28840596688534836,0.10658584876167983,0.10342742873087475,0.10043844524360805,0.3827640238169854,0.3402029000902959,0.19938838121823396,0.18261027266562585,0.2556232919907505,0.31308528778687833,0.050891761368164354,0.37678017514695544,0.37577619788385636,0.09368698812576237,0.1301830315520879,0.13140775435857405,0.38336569008118604,0.2793185859319733
1,0.04069520983467571,0.007896342733624646,0.08840777369412077,0.14981214777708202,0.1688716213953177,0.13293426367976496,0.13032943478868644,0.11514648788246762,0.348852462891179,0.37746395327614535,0.07355298463253998,0.31909090909090904,0.188036941580756,0.08416409045121401,0.097180238416345,0.12632149366963888,0.20548417424005014,0.2361856199429897,0.3288849972348774,0.7961986090741354,0.2301520566183169,0.604520168842423,0.08223490221705106,0.4628284005415503,0.7665106771402491,0.05044061636503946,0.34494823102213057,0.10468094948969268,0.13761619014001647,0.139686060073036
1,0.023479057555826004,0.002752201393501079,0.05763669708596657,0.11103204872772811,0.08755065813712028,0.25724568490635324,0.07497320721308418,0.07735723203748995,0.24847546563297723,0.17017247672933017,0.09676969718088997,0.19563852813852814,0.1500898156825992,0.08963493000798917,0.12443224976359886,0.14112025222917382,0.10222500783453466,0.20521945432977462,0.2590854027861902,0.21920486981753953,0.1786840445659029,0.25519246358985825,0.22777768923032782,0.27349145687306126,0.2760436085005721,0.11602897612705682,0.28577457186319244,0.16875704744557207,0.2625367690316508,0.2740684090778732
1,0.056297775164435446,0.00699201297921512,0.010964659907003621,0.041384413957989405,0.11598620089091337,0.342959970620639,0.13559479986953077,0.09839402076313945,0.16248700009454478,0.1556625296586968,0.130605986688504,0.4909848484848484,0.10155029678225556,0.09600889228524784,0.05409322730161682,0.12150352234100201,0.127107489815105,0.11897806341955704,0.2969774576672899,0.8944268344608979,0.3029220096699601,0.7114304084085763,0.13389968282303435,0.44421689431200834,0.6788822750472467,0.04980583007642329,0.41362186564600806,0.3718217827507445,0.10166784327567949,0.29908800642410566
3,0.0410233970107618,0.007974766994169647,0.027729962806345695,0.19146695508624123,0.06859362963459155,0.025986044803525524,0.10908158986067751,0.04727291385178471,0.10901011629006334,0.23177130863296222,0.23523364811652783,0.09426406926406926,0.10650968447360201,0.10222654486088437,0.12326187043668325,0.31868564953938616,0.19059855844562834,0.17581133478514901,0.4026084323071656,0.10092097585592405,0.3011702053114708,0.3059849607245688,0.35147670582234897,0.1937927370567771,0.0968784953010298,0.02628139702770655,0.8474802492762157,0.006326076271431461,0.49456112483821635,0.16793300575492803
1,0.0837697766959756,0.007849778328926053,0.08177951680080704,0.26171230147435526,0.1265364906052182,0.12824091076019095,0.35333861423046453,0.11229882501838581,0.29125697267656236,0.10125022814382187,0.17341533958253472,0.2143290043290043,0.1974773508278663,0.12546458716871026,0.13966268272644125,0.21532095177102314,0.2587903478533376,0.24928737097431,0.28933386880151685,0.4527211367112962,0.25485249807301524,0.44899784753864647,0.05694840694282844,0.5294168051961406,0.141566923363717,0.40239227303278474,0.0807596054762255,0.07575100471275335,0.13890751853159194,0.16791388639274993
4,1.0,0.11723201572406425,1.0,0.5028747082598053,0.8747027497739223,0.1216746235769372,0.8501001817249895,0.5255092442148831,0.9845537487000096,0.8050282898339112,0.7016587099696832,0.2244805194805195,0.6666861918150578,0.6972628434471501,0.7996016059774603,0.5451500073895265,0.5720463804450017,0.6514580124289584,0.8853395833881968,0.049967671224235545,0.7895732604582721,0.007156235149414368,0.3951483081238743,0.3972682558996418,0.036743247239113944,0.8545717059570337,0.038883164041415175,0.0024286581663630863,0.042222614425226505,0.01278320555226278
1,0.021215933487398978,0.00645774770425231,0.02585681300088393,0.04201058803438264,0.0973641022205848,0.06237238340066103,0.028563440659801494,0.0539944243958337,0.18315684976836535,0.1895875159700675,0.16915531240199322,0.2752056277056277,0.11699468915963764,0.07244086282955296,0.15615650529383496,0.1752894231242918,0.22322156063929807,0.2532710114905898,0.27522186816948885,0.4186261058806832,0.1693994814659099,0.24328404103653592,0.22682934604166333,0.20287570050213366,0.23604450844014757,0.022762067162878694,0.39630992688551936,0.14958799548963483,0.08962083774561713,0.1189109611303367
1,0.06692283499022275,0.008564174327328158,0.009316777790564713,0.12559059600387087,0.11360819908229226,0.034924715387440325,0.12744047341689574,0.06489763806461545,0.04936418644228042,0.14925168826428178,0.14791615848346515,0.10699675324675326,0.12139761012183695,0.07066066900552295,0.4913732967492908,0.24886940243361738,0.2717016609213413,0.2290239195481667,0.13854416295789113,0.22472047436564635,0.2923060752575153,0.32454644564336227,0.14723625699303483,0.31571438364381066,0.22283468109998325,0.041674964526648574,0.0910447028804161,0.053040159597536655,0.13551888457465583,0.15862187637420416
1,0.0472589533563976,0.005624489935961689,0.14580206315820404,0.09828086753572038,0.13320159426600128,0.14569225119353654,0.2960253483062299,0.07935829242846637,0.2481563770445306,0.2562055119547363,0.19766874586193678,0.19482683982683985,0.2160457669478288,0.08419882594046338,0.13551597451518393,0.16307207251588746,0.3565653400188029,0.1917636019192295,0.36460116398493664,0.193964769519484,0.23964683624132863,0.3781902552204176,0.10437353564654692,0.2108104402666621,0.09598498386536904,0.6808456349107564,0.5054026203444721,0.07169745858270449,0.18449523473349808,0.22522226258532016
1,0.0502536613381832,0.008087501868703084,0.00689515013356905,0.1029202481926339,0.09702917238838463,0.038589790672052884,0.12087041610362982,0.07580085173339719,0.055332324855819244,0.2181054937032305,0.1383245635432275,0.23895021645021644,0.15961808809746955,0.08183681267150648,0.09025097273248693,0.19384206118528005,0.258100908806017,0.13230998034737348,0.43536855133910934,0.4438110107079213,0.24924672412584967,0.29432812456321805,0.2671219776541655,0.13357954448081438,0.8026882480747721,0.09258544721316372,0.5237352176259875,0.15109145054500248,0.1887339687022003,0.20322352446322392
1,0.04442833896265503,0.0073816835237980865,0.18471215931322738,0.08097569306085273,0.15229259470141004,0.20383400661035622,0.11066585900004659,0.05907403923446613,0.15357615580977593,0.2142498631137069,0.283513956162665,0.251504329004329,0.19857075913776945,0.1127340303588176,0.19454649738796137,0.5643529237893492,0.1620808523973676,0.19218852357429936,0.32438508940563027,0.34549999211493276,0.24350080583000494,0.6948536605820032,0.19620343953714472,0.31150280200853453,0.199748016918864,0.061151079136690635,0.35776043966828597,0.08868650070835864,0.6069684668784563,0.36991377167657685
1,0.027212186683805324,0.006982209946646995,0.08739406909351792,0.0538509705698184,0.10215359882104699,0.09069408740359898,0.10866222450025627,0.07627973798081034,0.14173442374964546,0.19189176857090715,0.15106108652472383,0.2703571428571429,0.13851140268666043,0.09052068498384801,0.06521570633555006,0.2576383073057786,0.12648072704481356,0.11102848745595867,0.2285505490743423,0.26294333790667235,0.23193889706397589,0.1861180219718782,0.2346392311247828,0.27270312419667186,0.14404175719630252,0.08984093002414677,0.5826291770940674,0.2134674877844277,0.12120543593363926,0.5167084106074221
1,0.09336925159649385,0.009610648053975497,0.1582848314042747,0.22160869812717024,0.14683323843654755,0.06293793609988983,0.17352406691207303,0.13422497391780258,0.2073839462985724,0.14598923161160796,0.2547043244938495,0.07261363636363637,0.033065838800374885,0.09899614436069333,0.19094234912957878,0.1424848514705158,0.5314008147916015,0.14464156087887964,0.4070606088536592,0.19428017220986896,0.295774647887324,0.10482766332149945,0.43271544922777766,0.265363918356155,0.15527493154031086,0.034611411217047125,0.32919672211590356,0.10166247434006997,0.08163754559359926,0.030258302583025826
1,0.05070491870530158,0.006369520411139186,0.09917165153047358,0.13001650822565036,0.08534012124459926,0.33714285714285713,0.09244676389730208,0.10265268774906361,0.18214049352368347,0.08997992334367587,0.13379447328989091,0.37930735930735926,0.1659832864729772,0.08946125256174235,0.11544900711528623,0.08296960441401052,0.3325603259166406,0.42099112976045044,0.3112474653042952,0.6005503776947219,0.305865040992222,0.27727615799625416,0.19174064806107644,0.37071344107213244,0.40985819523546274,0.09492544372806253,0.4731635507139702,0.17429091855321366,0.4192787386751383,0.24912146530791732
1,0.05138864198881428,0.012425343780098375,0.1697232880267775,0.11540103603347185,0.15003181833405901,0.06024237972824091,0.1651833558548064,0.07725461355590142,0.20943438593173871,0.10644050009125752,0.2866588842039237,0.14769480519480518,0.16870704467353953,0.13356664003612492,0.11378644840254847,0.21228139317207742,0.3475086179880916,0.2147890441033268,0.28288849972348773,0.303374020280393,0.31294233060051857,0.8013585665166466,0.14744744266109877,0.2131111720450378,0.1704260571075942,0.13832740036344626,0.6503459443544826,0.19273137305924193,0.30997470290622425,0.4600806837083914
1,0.04773300605778828,0.009541617549388903,0.07455062768882696,0.16458900210622188,0.14117292427236494,0.08070995225853837,0.13766054703881458,0.05397162598984077,0.7134383568119504,0.0959191914582953,0.10225284872983237,0.3337954545454545,0.17094267416432365,0.1239188578971135,0.28752344634082067,0.10580816789004382,0.38704669382638673,0.239478762769781,0.39213717641482104,0.12783822996010155,0.3753999719711303,0.18844659379979312,0.14109832485934234,0.18229936076502545,0.1308833549747374,0.13195028752084836,0.14275185239707538,0.004722410154104147,0.15284062830921286,0.21224901057300727
1,0.06983549617798684,0.008523736817984644,0.02970350364713286,0.13866909546308417,0.1723883846334193,0.11744399559309586,0.18521970085270956,0.11683114128854609,0.3669518767136239,0.26428180324876804,0.17878175419033346,0.2666017316017316,0.20530693533270852,0.11853485706346174,0.09076252925948317,0.2804473126755012,0.2525227201504231,0.16887094775234152,0.24785373818239273,0.4686647427102552,0.26893700511526875,0.6419087020937578,0.15854066718732565,0.20907953591198097,0.35124641631204767,0.0986719275098952,0.5433927081799892,0.664602307225258,0.26877573832215557,0.2007341835076382
1,0.02316454484541016,0.0053205959263498154,0.06161805863326176,0.085899698297945,0.06926348929899186,0.09344105765699595,0.037137132472857735,0.11329080367374167,0.08049305095962939,0.19321500273772585,0.1161793915740321,0.2000865800865801,0.12863167760074976,0.10252179651950398,0.2761552651567998,0.24976599832504062,0.22920714509558135,0.17597068040580022,0.4223198061780739,0.2640630174575389,0.24251979538925095,0.4308836273166913,0.400224733427902,0.20713441072132438,0.12004551122996027,0.07476786736700604,0.22082535943863776,0.231948419926562,0.24908518649252853,0.12736171921304706
1,0.05994885749839325,0.012910593892220558,0.041596168490437145,0.1436500256162122,0.16810128278125733,0.22212265883217036,0.1843343739807092,0.07846893225469907,0.27731161955185785,0.2519164081036686,0.15689793358190748,0.2384199134199134,0.2657177444548579,0.09592205356212444,0.1346401277341146,0.08297945711611408,0.2065810090880602,0.11021405428374145,0.2772232902325336,0.3207329958524546,0.2761544390722444,0.4153132250580046,0.10858927973733282,0.23362067488132165,0.23060308807837188,0.3643050957158149,0.38752637519014665,0.14252753924885075,0.13864572302623837,0.2301780012618779
1,0.03700310410370714,0.0050963515563539575,0.1266004412308431,0.13209426766095517,0.10965602706233045,0.16171869261843555,0.12991006942826522,0.11792573842549042,0.11393826226718352,0.1086078663989779,0.20354043976722305,0.1764339826839827,0.21476686972820994,0.0958525825836257,0.19621680695716873,0.12329178777279667,0.06734565966781575,0.2690285228660966,0.2497596976799305,0.2944757218779076,0.26434727769602695,0.30291001593380484,0.13310275577373645,0.32747082312214015,0.29108545569083216,0.13691780139901918,0.2998037195151872,0.17877237112209793,0.19726291328391576,0.25163183756189894
1,0.0603180680714901,0.010305437987241354,0.05544523424166817,0.1194000113849832,0.12767525203469876,0.058641204553800945,0.17543450910954753,0.0878756264003147,0.19797674198733098,0.154635882460303,0.09243126459211763,0.060248917748917746,0.11420259293970635,0.1346521240751676,0.13000511556526995,0.08453618404847528,0.4214352867439674,0.10290186080274784,0.21248979538092858,0.4288924634527133,0.26340130334244277,0.48128476784166824,0.0908576528904544,0.0,0.13111476800843372,0.37637848198949486,0.15408999460228665,0.17961083644143755,0.0581244852335569,0.27633214155975755
1,0.09305473888607801,0.015096670154912421,0.12852011371121172,0.16135367450333007,0.2234316910607228,0.07055453543885419,0.29784259820138853,0.1495493338350237,0.16567788597901106,0.2028654864026282,0.41711677178799167,0.29579004329004327,0.15979381443298968,0.14873736496578555,0.19551535444666635,0.033223311493177005,0.5620808523973677,0.13514279138117247,0.24312011165828354,0.12933087319234832,0.48531987947586014,0.22950269756520278,0.1413350121929838,0.16159962982639545,0.09777843487651544,0.0749296756366533,0.2997301143333823,0.1639633388267268,0.12456759618778679,0.05325507141081775
2,0.04177549262262577,0.006492058318240747,0.053745932326647955,0.129191096943132,0.1510868473054895,0.9632757987513771,0.11406737803457434,0.20951273324325714,0.2716389335350289,0.4195336740281074,0.17540160992438233,0.9580735930735931,0.2146399562636676,0.06368751953871271,0.04668340851664109,0.1724419922163653,0.044562832967721726,0.4787804748499496,0.37283398730677064,0.8783097569822269,0.26221007637867005,0.8666312582115002,0.10881241931113626,0.847920344124351,0.36674466142987544,0.06299942744766124,0.39521075617056767,0.6180530257032989,0.09822037886810214,0.22318413857713704
1,0.031451271041584045,0.04928964775253225,0.017827978736689006,0.07886947116753001,0.08587600897611951,0.09388174807197944,0.05335259307581193,0.048914809557201254,0.131724496549116,0.23626574192370872,0.10799038226992368,0.14669913419913422,0.12359418931583882,0.09269165306193339,0.22088390767179775,0.10244839647273263,0.12503917267314324,0.009029585170234253,0.3339181787059226,0.24130671334626486,0.24770513629037913,0.5017750817655774,0.23479861653464237,0.17549827766447879,0.4057506138873533,0.07961589206143735,0.6694244074782864,0.12342209500679446,0.1516649017531474,0.5139934611781352
1,0.03895855269455346,0.007710085114830272,0.07270269807028841,0.07906870837365514,0.12750778711859867,0.29332354021300033,0.1081496668375192,0.1136670714395663,0.26810532287037914,0.26106497536046724,0.14130396905599887,0.4218073593073593,0.13849187753826928,0.11167459793671194,0.13392704893890775,0.11169023104586434,0.1850203697900345,0.22333173987712687,0.2943604666473547,0.5621974105439119,0.2624202929016888,0.5004053336315097,0.12154731355891679,0.2836540933317338,0.307901469472764,0.07647930098827513,0.37283478090190875,0.5022522913233296,0.24019002235557124,0.23537846777431506
1,0.07862817760396011,0.013114006818009151,0.8149009679164942,0.19633403540729777,0.15125431222158958,0.21019463826661772,0.3368435767205628,0.1686192683302263,0.14407440673158742,0.1269620368680416,0.12760915775168133,0.26777056277056277,0.15463917525773194,0.13489527249991318,0.09613387279294362,0.2054879550716784,0.2999059855844563,0.19510985995290453,0.20649211281700158,0.25755783696834933,0.43591899656646355,0.5295614010566628,0.08390844902057665,0.42144950386454394,0.19693249167555893,0.16284757660999227,0.23600765493890768,0.21127591291525719,0.09384927638545712,0.19087624036862133
1,0.06414691845916119,0.008403649669025112,0.056760111948247205,0.20603973359139294,0.15530696319121146,0.15115681233933162,0.1411863380084805,0.056029690947339617,0.2635317197693108,0.3314929731702866,0.06871798445830574,0.3182034632034632,0.21311699468915962,0.10507485497933239,0.06906013114449146,0.2704369673382925,0.09890316515198999,0.2543510206972257,0.34398783346061673,0.40835186324139344,0.27068880947375795,0.2771643418220446,0.1573293380723928,0.37534061112920086,0.40549991643418226,0.17195862687013017,0.32680700721330774,0.10039610258189494,0.6054565242969762,0.3760319675735617
1,0.0705602428585103,0.010774758171440335,0.0510341500919435,0.1269852564467467,0.1992999966507017,0.25280940139551966,0.17380364381902053,0.1199096957362021,0.2725725631086319,0.17215732797955832,0.17470467296233053,0.24308441558441557,0.1915026554201812,0.12529090972246346,0.13277217132493138,0.16604266220010835,0.376339705421498,0.21957826525734322,0.19001988254812632,0.44018387976849443,0.36696797701632683,0.5661252900232019,0.09512519723944468,0.27107933025997843,0.2663499736446267,0.10186141744044211,0.3141959860640855,0.24737618180241133,0.18904577009059892,0.1666042100835516
1,0.07213964364342462,0.01260547450353767,0.02063892772580025,0.17238287698525642,0.20357035201125365,0.14716121924348147,0.2257117562089371,0.12305666250491713,0.3323662191547698,0.2419465230881548,0.0414241906819528,0.26451298701298703,0.16300570134333023,0.13062280732224116,0.13441147746826024,0.26003744026799347,0.35991852083986214,0.27785449974327653,0.45477707845047793,0.2299955843623346,0.41549295774647893,0.4815922623207447,0.11648284216062857,0.38625302051378724,0.3718132496818071,0.16907719499141172,0.3958830168310515,0.12570908144678639,0.49537592657959767,0.26394661874079883
1,0.040380697124259866,0.007960062445317459,0.021784854665612155,0.0847896624352479,0.11397662189771243,0.12934263679764965,0.15087833744932666,0.09114231473088304,0.7951214900255272,0.09639076473809091,0.13928285186604872,0.14656926406926407,0.09858247422680413,0.1101809718989892,0.2290378086778589,0.0,0.3875274208712003,0.3837396646659939,0.2223388986911753,0.43775527905253037,0.3310209515801276,0.16137869342800437,0.09210085908735914,0.26183784339600014,0.41186377486083076,0.14053048218864353,0.4751361695863388,0.04342093850290573,0.08105071184845276,0.21716536336347822
1,0.031717923122154,0.005911228638579344,0.18488723148458755,0.12254511299595831,0.04687343001641157,0.11737054719059861,0.12350309864405198,0.08088901811216201,0.13142313510447198,0.1030411571454645,0.19448025926054985,0.2071374458874459,0.1415963761324586,0.09619125360380702,0.15645491326791608,0.10374402679934973,0.2404575368223128,0.22666914537632127,0.32619229452505727,0.21502184163630914,0.18929997897834772,0.2632012970676208,0.1599313048883505,0.21472211273157274,0.2217740380288752,0.16155622215030743,0.4883114971293978,0.042643189637725155,0.16240881280150607,0.2856432709404815
1,0.07958539020087789,0.010959790411163694,0.14824083074806016,0.1330904536915808,0.15567538600663164,0.07322805728975394,0.15507199105353897,0.15485128871709794,0.19581403044341497,0.0951816024822048,0.2921211276440046,0.1859090909090909,0.19788737894407998,0.1112056688318455,0.061162008401928404,0.0920932065618996,0.2567220307113757,0.1906658876436324,0.17674400231743606,0.37704026115342765,0.26129913811225564,0.38822575685572913,0.11270939258220301,0.23374063854946786,0.28780710438013446,0.09808070498618406,0.23544825555719115,0.22565125625234916,0.10658606894928817,0.1680018354587691
4,0.8047559791601142,0.21334339778010328,0.43691892566900836,0.4543462173393294,1.0,0.6068307014322439,0.5906528120777224,0.6808907284201885,1.0,0.7201587881000182,0.26764121685193576,0.6232467532467533,0.3754295532646048,0.4039042689916288,0.5179199801578075,0.47198384156855017,0.7536822312754623,0.5630743081744304,0.8165867853474837,0.12989859803504125,0.603601709761054,0.14589215329997482,0.34564319982148833,0.3333790337783414,0.04063227183317692,0.23994299370192426,0.1039207026841356,0.05048717726313356,0.03587775032356748,0.0071200504751161514
3,0.0205116985053809,0.0052764822797932535,0.016128676821668794,0.08396425115272954,0.05003851693070302,0.12746235769372016,0.08685522575835236,0.03362465580050967,0.2386309917746053,0.0532259536411754,0.17200404223437984,0.12215367965367965,0.12289128397375822,0.078849560596061,0.21878342556852529,0.4381299571407458,0.09683484801002822,0.22272976753244458,0.22303676296315805,0.3254246108719307,0.16677177492817605,0.32465826181757185,0.24778055816770525,0.1919333002005107,0.20905596338531554,0.027457618680142386,0.27556798665292703,0.18498279700465495,0.39586421931992,0.32659694472592393
1,0.014590654870160945,0.002764455184211235,0.1083904868475501,0.166818466442762,0.12144555715577589,0.09464561145795079,0.06747122687665998,0.04080794951170706,0.0,0.1503467786092353,0.03888908248248944,0.13037878787878787,0.10442049359575134,0.10149709958664768,0.12557162566463592,0.033105079067934376,0.019366969602005648,0.24358633876878955,0.21837555631633002,0.38511457002728233,0.20243851166701707,0.20196796466608893,0.16059673897451424,0.18768315881475897,0.09880050910867412,1.0,0.43077678001864655,0.33289964437505426,0.22616484292269684,0.2889432728524176
1,0.051785201493251644,0.005769084666341533,0.06106223509621625,0.09537769681789718,0.10791439193488964,0.20346676459786997,0.2788779646801174,0.10296054319382922,0.2678807790488797,0.01772677495893412,0.1610447085061156,0.14444805194805194,0.30187831927522646,0.11829170863871619,0.0914678571982204,0.09877333858810779,0.13826386712629274,0.3117154441316549,0.21058383588339086,0.6636545709734905,0.3455258916684185,0.4650714225812764,0.14394096364418799,0.3464122294390842,0.25140454855174005,0.16518134972990464,0.5417341380833209,0.10173186457339464,0.20617131427226737,0.3112517446417987
3,0.006577417987392141,0.0017767996529726464,0.018454810567013466,0.02026527010872658,0.027631711156512712,0.04327579875137716,0.03737011322864731,0.0,0.08772572563108633,0.19780069355721844,0.2285256298567795,0.05615800865800865,0.0696657294595439,0.06808155892875752,0.07192019718178858,0.20170451746391443,0.017235976183014732,0.12790141817602382,0.177813841413636,0.2086625348914226,0.14575012262630513,0.12691135772789536,0.18059960791189172,0.22471765693818443,0.12262962343956904,0.01081626048642055,0.3851121252269492,0.13552490820250385,0.352773855747735,0.4503642238494924
3,0.032381134707161315,0.004178542632163259,0.03417212900003183,0.09623157055843343,0.01952640921726899,0.03199412412780022,0.01598247984716462,0.019668542304469034,0.09589202987614635,0.0,0.13600724814440532,0.03531385281385282,0.06326148078725399,0.06261071937198237,0.1854082376102559,0.8162471057687571,0.025509244750861804,0.16729519661479084,0.183640349722171,0.2736039488416836,0.1557704435568636,0.4456433623123584,0.5341005084394573,0.20794844989803088,0.08672846251751669,0.0010890941226257746,0.34788753128220223,0.1362592881718565,0.5492616778444523,0.18266638624935475
1,0.0655417139575271,0.009800581809982917,0.0837530576415942,0.09941936585643535,0.16629266168737653,0.15319867792875505,0.14878151064722053,0.07925567394687785,0.2197811288645174,0.20149662347143638,0.1863086733804927,0.06542207792207792,0.22928381755701344,0.08270519990274064,0.06940116882915562,0.2075964333218385,0.2507051081165779,0.24633062445778228,0.1834428409659495,0.3338931731087666,0.3825239997197114,0.4316383864926061,0.16329832167163413,0.4090332642114103,0.20341205661905556,0.07958477508650517,0.2501104077727071,0.2772486772486773,0.3533062713260384,0.21135307726134256
2,0.032558902760874614,0.005146592098265599,0.08333435356743217,0.14894404280753684,0.12214890980339618,0.7062357693720163,0.1311681655095289,0.23135336674135015,0.34240569159497025,0.3742927541522176,0.13236575251768473,0.944047619047619,0.24656357388316152,0.07883219285143632,0.06328574307460974,0.19578304349967976,0.21660921341272332,0.29494874382535724,0.4415867853474838,0.5122691646559746,0.2258426178964334,0.980152629077796,0.16722717202467283,0.8330362804407808,0.413419384698456,0.07113340469492918,0.4371362677265812,0.4464336311330847,0.17100835392399102,0.22749746668451143
1,0.05153222387835195,0.01906077144964795,0.01828953264300213,0.11911538680480444,0.1508691429145594,0.11339698861549763,0.149061087554168,0.14584651695770412,0.14994209133024486,0.2096641722942143,0.11468097710562078,0.20219155844155845,0.1691756482349266,0.10103685435409358,0.2598513385729123,0.12462682890782797,0.3832654340332185,0.01464209203094848,0.4418962157322307,0.4425888252826796,0.30004905052203773,0.4755681659352025,0.1746704706651153,0.11845126904423231,0.1753917951223275,0.1280930273082572,0.3354139064723489,0.13771937433139622,0.15463878103306272,0.2014243924822668
1,0.07530528244608842,0.008545793641262924,0.4251119604900062,0.09534923435987931,0.15272800348327026,0.08342269555637165,0.198033642421136,0.1210213959534112,0.007090857521036211,0.079576565066618,0.06763773216712546,0.19941558441558443,0.11236722899094034,0.12598561950745077,0.2002666294625556,0.1631607468348194,0.3454089627076152,0.1895327632301128,0.21896808258499456,0.4913816214852313,0.3337537663793708,0.3570290442512509,0.1134027191150922,0.2824287501499546,0.16497178046616867,0.04223818177292076,0.4148976887972913,0.13854916587157026,0.10117072596776092,0.13294074909661013
1,0.07658384498625714,0.012542980170915872,0.0388329664571514,0.17054704844310353,0.1625247010751248,0.070106500183621,0.22487302548809465,0.08721715781012161,0.06157227947433111,0.15697435663442236,0.1342823291633272,0.09268398268398267,0.06562402374258045,0.12245128347632776,0.20509541304314127,0.07995960392137544,0.3072391099968662,0.17556346381969162,0.17734311221130808,0.2529923830250272,0.4046668068110154,0.2758784558186341,0.1036483320316858,0.13472348374492296,0.11246994844631858,0.043526424535112386,0.1886844300505422,0.10150923757481135,0.06093216849041063,0.20987897443741277
1,0.07687784599816762,0.007609604031006991,0.07581726872721307,0.1408607047304605,0.11508189034397294,0.09445464561145794,0.16182843297143654,0.08890181121620004,0.09995745485487378,0.1659290016426355,0.05150364149562672,0.10814935064935066,0.15286238675413932,0.06886310743686826,0.14363887209536652,0.16719050199517216,0.18990911939830776,0.15403409996281936,0.2666960735259263,0.27518884736086796,0.204891037768902,0.2733066838118134,0.31340750067738793,0.37229867525835036,0.2784863016340331,0.1468970152597645,0.3873595367780558,0.11843756324630642,0.18658077420873043,0.3056421237787508
1,0.01658712685801802,0.004226332415932868,0.1546009701201999,0.0984801047418455,0.08200756941420773,0.04207124495042233,0.13359116536974044,0.11300860284937317,0.25348633828117617,0.23606041248402992,0.1681186186709412,0.1880735930735931,0.17146009059668854,0.09771093125846679,0.14435582631880822,0.14736193901177397,0.16371043560012538,0.27773941679502845,0.4269085929476207,0.28894434719528156,0.12945834209235513,0.4013222262600285,0.15186640314945568,0.377324296070333,0.29052620752606606,0.048321550372159024,0.6130232101673291,0.32145314713620726,0.48303623955759506,0.5280806072309429
3,0.028169399280723106,0.0,0.09499195647436479,0.08609893550407012,0.1080483638677697,0.0656188027910393,0.08205582218908718,0.0364295609639296,0.12455091235700104,0.23033400255521083,0.2729727846116319,0.14712121212121212,0.09827007185254609,0.06028344159227483,0.2603202653893255,0.7769446770776884,0.08317141961767471,0.14100316920734407,0.3001672240802675,0.17254104177508633,0.2650129633522529,0.2729712352891846,0.34194545831274603,0.33042278624188104,0.142132599668308,0.04762141843618531,0.4007164237695667,0.21257119727065085,0.3761118955171197,0.3222644972563716
4,0.2188871719837547,0.11352892017145505,0.1336302622654584,1.0,0.3509394781793214,0.2841718692618435,0.6008573691813055,0.21466076040294857,0.5100926538716082,0.6184066435480927,0.5605289751541972,0.03790043290043291,1.0,0.2442252249122929,0.2851075043792339,0.2981230602492733,0.5759323096208085,0.41318319434854206,0.7535782003002133,0.09077289429278831,0.565972952140705,0.00505968188298438,0.2481152675284104,0.6320285856283526,0.11877273954463055,0.060566080007965935,0.054605230874920245,0.06952901379130888,0.06215731262501471,0.18879222989121083
1,0.08474066375856362,0.016375965905052726,0.1132214993523554,0.22075482438663402,0.3155708878989852,0.20866691149467498,0.33381482689529846,0.21690126391763156,0.3876689987709181,0.1901578755247308,0.08014775063595497,0.1370887445887446,0.29076850984067476,0.13960193129320225,0.13963943015703234,0.10890191635055911,0.4387966154810405,0.21470937129300122,0.12861770205145762,0.3287047988519342,0.4523158853619228,0.36692477566880044,0.08013898407739753,0.4570872821374098,0.502757671984881,0.2099275596823579,0.3154816232396093,0.22189840113337383,0.16256324273443937,0.3276638051354607
1,0.02868561035977519,0.008447763315581676,0.2263151837768087,0.09169892411908692,0.06005291891348762,0.1129305912596401,0.06473370299613251,0.05488806033966718,0.09461331190318617,0.16668643913122835,0.15130501446144193,0.184237012987013,0.13582669478288034,0.07477682448157284,0.09065556744020213,0.08696487511700082,0.17425571921027894,0.25656858058462145,0.2181879229979196,0.35464509312264436,0.2088501156190877,0.26662007659407927,0.20991058478506872,0.23493342016417887,0.214323823971819,0.243535759627592,0.3036684822611511,0.17869546361349645,0.1237213201553124,0.1982551670076286
3,0.02689767397338949,0.005580376289405126,0.09421331381013362,0.12489326578243294,0.18099608132096326,0.07623944179214102,0.10870882065141418,0.034514015974276974,0.09296114210078474,0.02443420332177405,0.19840052967209112,0.08877705627705627,0.08700406123086536,0.04814338809962138,0.10486908803422776,0.3576629390610374,0.1123158884362269,0.18241532550769288,0.30527940905380135,0.20216523946949266,0.30067970009109385,0.23724596762921757,0.14665051561180087,0.29750989700262204,0.24391576565573453,0.020804809439645515,0.3593012414740664,0.05524040824587274,0.12650017649135192,1.0
1,0.0737053699626687,0.012136154319338687,0.043373824384247917,0.07696248648033244,0.16836922664701745,0.23507895703268455,0.1991519500489259,0.11852434623475688,0.039732438309539576,0.2776054024457018,0.14320312227759,0.30825757575757573,0.17162605435801312,0.1108930494286012,0.11840983428668866,0.1681856249076309,0.32604199310560955,0.0,0.22449503594659367,0.3461781078992604,0.30032933921939603,0.5973499566712325,0.17072568177109063,0.35574368905417214,0.439626910764563,0.16132906823330262,0.542116885028706,0.3240870847428225,0.13927815037063182,0.22306177465919738
2,0.014508608076139422,0.0020047201601815514,0.0752883793703768,0.013946604428758462,0.11799577988411429,0.5629379360998898,0.26615721541400683,0.20359506747165165,0.4237614635529923,0.42802062420149667,0.1440045997839495,0.43726190476190474,0.15393626991565135,0.04991489805133906,0.039699886837495535,0.18477757525001226,0.18031964901284867,0.3656627892565642,0.44475350907223554,0.48213243758969265,0.1285824399131105,0.4823470214966595,0.14649909947243425,0.6932871758838751,0.5010606430711081,0.07107117074506483,0.5249914127287895,0.33447827218319026,0.14359336392516767,0.19028354014110088
1,0.0424181925091277,0.009545702963211668,0.1431502706885111,0.0816587920532817,0.1258666309408179,0.21903782592728607,0.1484087414379572,0.08821768800560982,0.28326793986952825,0.16768570907099836,0.2221835035021082,0.16942640692640693,0.25933302093095906,0.10625586161381083,0.0627509339782046,0.08306813143504606,0.24895017235976186,0.16936668968325636,0.17705014088957943,0.14526659412404785,0.26851657206923135,0.34254884969110777,0.11857477566503558,0.20997926342307757,0.28875846907421926,0.6110066963730053,0.37420874429559836,0.12364183074565588,0.15653900458877518,0.21256906869586828
1,0.047012812974333025,0.007281202439974805,0.1247664684147766,0.08831900722946433,0.1378571189335834,0.15562247521116415,0.08708820651414191,0.12625493851442646,0.19180769594402952,0.20430279248037966,0.4660765933721294,0.3871753246753247,0.2024562636676039,0.10500538400083366,0.2094746469484878,0.05919503423813979,0.29796302099655286,0.04428037747207027,0.23293195164985647,0.22112882622888771,0.19865461425268027,0.3261398261258491,0.07185891203519229,0.11000668369008246,0.13101834591106024,0.30803315824848765,0.6285391824917806,0.13605689999132625,0.13527473820449468,0.2696212454352523
1,0.04609662377442601,0.008651176241370268,0.10741351067450534,0.08641202254226674,0.110828281475031,0.127947117150202,0.3607939984157308,0.12314217790624092,0.05652595253852699,0.12328892133601022,0.11713767989685332,0.18293290043290045,0.06283192752264917,0.11638125673000106,0.04007192794803825,0.18463963742056255,0.25377624569100593,0.16795028416635688,0.0315684828694072,0.21064168677358816,0.2041903160255063,0.6851256534257679,0.1158652236974227,0.529099758358897,0.15650592031677873,0.1706579373179657,0.27681436773148826,0.12094139416543791,1.0,0.5222568495115003
1,0.05683107932557535,0.013093175373801886,0.02327970166722576,0.1849632834291569,0.17443145660984025,0.15633492471538743,0.15181026047248494,0.11243564966050389,0.16397608017396237,0.15360923526190914,0.2177579537930794,0.3476515151515151,0.050921587004061235,0.10238285456250652,0.13464787859058425,0.11385782550864575,0.44942024443748047,0.3647244206016183,0.24657651489216023,0.30941003926763494,0.35792866652652233,0.2629217566320968,0.20301716580864185,0.25184229918938833,0.2784027358163094,0.039431430634039484,0.36148976887972906,0.2452886922832278,0.05114866454877044,0.09984704510257537
1,0.17228459297952933,0.6683266468482025,0.0747301072714941,0.46393806569135304,0.4287436781994172,0.14190231362467867,0.43455570569870927,0.24226513195026428,0.5627895433487757,0.19757254973535315,0.3189357772589469,0.15694805194805195,0.18339971883786316,0.18896106151655148,0.3131035979475732,0.14915020444356863,0.7842055781886557,0.22573962925585597,0.18879862007215656,0.14722997587169417,0.8385537103216314,0.8665473960808431,0.3538515484292567,0.24851330739833077,0.07747836930948922,0.5374959547932587,0.30923990382256233,0.031393298059964735,0.1433403929874103,0.0951035313461943
1,0.06979447278097607,0.011446265902356895,0.029268883921028985,0.22278989013491202,0.17675921894363134,0.06381197208960705,0.18726993150365778,0.10592792761976433,0.17335964829346695,0.31441640810366855,0.41297870857580926,0.28106060606060607,0.14280693533270855,0.1255948452533954,0.041312064983180644,0.10499039361544904,0.41497963020996553,0.33641401533258974,0.2797662154688858,0.3324265505984766,0.4391423165860837,0.25786207474911244,0.3072472545863151,0.46081044026666207,0.3410546006196727,0.03655311045281422,0.25486039550517686,0.24839968774395005,0.04557447935051183,0.14045083456015908
1,0.1846052865484281,0.009234456679173702,0.030140571935073936,0.12130699607218078,0.09443346618883344,0.07477781858244582,0.10386282093099108,0.032752398707007135,0.0204039425167817,0.20949306442781526,0.1651914834303237,0.15530844155844156,0.10552366447985005,0.16163291534961272,0.0,0.14615990935514062,0.16045126919460986,0.2919211770329846,0.37905222131514493,0.36035151629843404,0.17094106930138045,0.2559332457439969,0.22169315120893832,0.23902760878134055,0.251597392746487,0.1558182519728162,1.0,0.09262150518981122,0.236654312272032,0.3231936982582261
1,0.09369743877257995,0.012683898764082668,0.04709563837679939,0.20186998349177432,0.19163010349331816,0.07526992287917737,0.3475606914868832,0.1295900391660538,0.21326935804103248,0.10621235626939222,0.09528870613652994,0.14051406926406929,0.23769915651358953,0.19623814651429367,0.21571796183478273,0.09486674220404945,0.42854904418677536,0.20373222853703019,0.3368248492349828,0.25889435586885556,0.4568705766939949,0.2123528918458055,0.29938955388023775,0.10259035834861442,0.2356234652816168,0.0578060043314829,0.15191128122086459,0.0887992598375112,0.06011148370396518,0.2655526451637573
2,0.01631363754461294,0.0009533449172501506,0.09617216327989755,0.03651733363693288,0.03633988679371672,0.5919059860448035,0.038907786216858475,0.14087807214079257,0.43470502032712494,0.3810914400438037,0.13081506777711954,0.8409090909090909,0.21046157450796626,0.032946611553023725,0.08599575253065463,0.10812355288437854,0.0869319962394234,0.3251004762663551,0.4435256629710584,0.6729589503398464,0.2382453927545372,0.6793671204539735,0.10892398909803795,0.6610769309866155,0.40400858799480605,0.06598665704114909,0.5305854065459542,0.38181975886893926,0.1330597717378515,0.22711507944094986
1,0.027677118516593963,0.004938277656192943,0.03714468307039861,0.12099390903398416,0.1128043674850119,0.20540580242379725,0.07581193793392665,0.07669021190716449,0.08985298288739717,0.24794670560321228,0.2794368749346621,0.23154761904761906,0.0945602936582318,0.10573482927507034,0.19767009254522622,0.09402433617419574,0.12566593544343468,0.21817956480940495,0.34115687462144156,0.310017189446626,0.21890547263681595,0.5977972213680709,0.19208332669227454,0.3537728573631986,0.1844554722754329,0.24050932264568964,0.3867216252024142,0.20891664498221876,0.12542652076714908,0.37246047071869687
1,0.04723844165789221,0.008036035947720427,0.11268893715276332,0.08763590823703533,0.13506045483471213,0.122453176643408,0.10311728251246446,0.0847115565513349,0.06383544483312849,0.13761635334915132,0.1376798968533296,0.3201136363636363,0.08882966260543582,0.09474104692764598,0.04509060751213009,0.1145425883048426,0.1994985897837669,0.21857792886103294,0.3934143997050536,0.613852486161707,0.3304954102725808,0.528457216336343,0.17403292902567696,0.22047179996915217,0.33754483627527865,0.08338415772572254,0.38690318465086604,0.481076705120421,0.12404547593834568,0.4228476378028029
4,0.4795224876587946,0.24487975355176125,0.5157552711414951,0.7415324187396822,0.9053823224034565,0.1459419757620272,0.7054657285308233,0.7541945304349313,0.6095182944124043,0.8671518525278336,0.6923197546781892,0.19716450216450218,0.3603756638550453,0.439230261558234,0.42263870157652417,0.637381151780876,0.769602005640865,0.5171296542200033,0.6688403602559713,0.022701108640456706,0.8417069581669121,0.1349341682274341,0.529279099791205,0.5481482750938287,0.0251597392746487,0.06912947150929775,0.08231022130624661,0.03482811460953538,0.0392104953523944,0.05761046211498385
1,0.07028675354510522,0.0077885093753752715,0.08062624417548353,0.23823077360960893,0.14917774726194863,0.11809034153507161,0.4603699734401938,0.09543518787733671,0.16071428571428573,0.23674484394962586,0.07291702965466772,0.16024891774891775,0.19296704154951577,0.10274757719962486,0.1703328217768063,0.34177053056800827,0.35781886555938586,0.27559710345071803,0.21501132383535668,0.23027550425005122,0.2870856982692173,0.3814888323596008,0.08930364514432347,0.38183578687597475,0.10715709088104083,0.08879539966642602,0.17157858579910687,0.0667244918611039,0.1225850100011766,0.2104506433665373
1,0.04972719440987843,0.007729691179966523,0.12470403008792787,0.09976091535264983,0.12504605285192752,0.09008446566287183,0.1427007129211127,0.08729412167131301,0.0995260943556774,0.08870231794123015,0.21760114297661776,0.12371753246753246,0.10462550765385818,0.09920455729618953,0.21646979491233778,0.24184442583378488,0.25907239109996866,0.23345903932295822,0.20260119031943752,0.19429594234438818,0.30488403055146807,0.5299946887317251,0.09057474378795363,0.3280320817123956,0.11119396269107647,0.018601727614448234,0.2902252318563226,0.035362997658079626,0.18760589481115428,0.18225723189874385
4,0.3084412476582477,0.14485205998475628,0.6541161548764334,0.634399726760403,0.399906219646984,0.2095629820051414,0.8268952984483482,0.31230224563443876,0.6914767892597146,0.5571043986128856,0.5074223786458514,0.44392857142857145,0.4757888159950016,0.32321372746535143,0.6642018943093211,0.4735110103946007,0.5618928235662802,0.4801260600910041,0.7942255023306033,0.08030152497200801,0.44369700791815575,0.15097978922651162,0.4798935305462137,0.527994378845264,0.02483833228340383,0.3463319309949964,0.0942440747828647,0.03732616300922312,0.06037474997058478,0.023983327916180727
1,0.029400101191045958,0.003830534975994824,0.2163916523629846,0.10895428929242329,0.09679472150584453,0.09376423062798382,0.11793485858068123,0.06711248695890129,0.07448945825848538,0.22967238547180147,0.10231034602920165,0.16191558441558443,0.15438534832864728,0.0786411476605648,0.07597389511541024,0.1834277550618257,0.16057662174866816,0.14089693879357665,0.4823855107576435,0.4301777294160319,0.07869105178333682,0.34858692309842615,0.2310132130504773,0.35981388493770455,0.9100510394302096,0.12017998058300763,0.5747975857500368,0.08819498655564229,0.29752912107306745,0.3214232453205361
4,0.5406883726018406,0.12724581349240388,0.5989035340092997,0.8857516935162519,0.5407442140871488,0.15381564450973192,0.6456828665952191,0.6518154919701038,0.9448804008698118,0.6264601204599379,0.9061051677875737,0.06074675324675325,0.5772024367385192,0.5550210149709959,0.39019361639461153,0.6408591556234298,1.0,0.9301535029478941,0.6797165090985701,0.07417482771128037,0.8300749772265434,0.16313979817180554,0.4936086450646307,0.5165549862041781,0.051039430209685925,0.13110203878419754,0.05893321556504244,0.032902535634776076,0.01431050711848453,0.060046268856470957
2,0.00458094599953507,0.001960606513624989,0.06304312162251502,0.0,0.08527313527815923,0.5463826661770107,0.024742556264852517,0.0818895483076502,0.26224354731965593,0.23706424530023726,0.12839321183398963,0.6481926406926406,0.16692049359575134,0.05595887318072875,0.047559255297710386,0.11193654859845313,0.01002820432466312,0.20258139905454936,0.39508993232033296,0.5800097774834019,0.14336766869875975,1.0,0.09540013707145246,0.6614710973248101,0.3711736497692298,0.05520773692464713,0.6189508808086756,0.2757336571544222,0.12178785739498765,0.22896200982735215
1,0.029960754283526368,0.009780975744846668,0.029581075555272614,0.0994762907724711,0.12861305556485916,0.1658024237972824,0.17124085550533524,0.09319468436265371,0.13830717594781128,0.23551286731155324,0.1040526884343311,0.27088744588744584,0.13255623242736644,0.08697766508041266,0.08880156257266426,0.11696142667126457,0.07966154810404263,0.13096439510631896,0.29953190424775494,0.24191386352525587,0.1912269637726859,0.21141643138680008,0.15435680017851164,0.3540899042004422,0.38999524317652956,0.09772597147195737,0.3160508366455665,0.14857027206753984,0.3098629250500059,0.3285165286886029
1,0.016559777926677514,0.003303621975458107,0.14375261690046354,0.11191438492628222,0.03670830960913689,0.28865222181417555,0.03951353618191138,0.039918589337939764,0.11796823295830577,0.144141266654499,0.2784960100358922,0.336569264069264,0.0,0.08072527701552677,0.2621417166596909,0.2600719247253559,0.25979316828580384,0.24006303004550206,0.20339780896953097,0.14350033905789217,0.15219676266554552,0.5277723422693092,0.22019094372101175,0.20374115267947424,0.1647082267333479,0.09241741554853003,0.35504195495362867,0.0927400468384075,0.29472290857747974,0.13947192321664148
1,0.041960097909174196,0.014194791158644927,0.017772886095351898,0.09403996129105709,0.15356532806377066,0.09988982739625413,0.15411676995480172,0.07863996305734663,0.15667840597522925,0.36998083591896336,0.13902150050527928,0.19576839826839829,0.20805021868166199,0.09893535725450694,0.10577206281294083,0.14124833735652004,0.2895643998746475,0.0675182804837025,0.3385267163510915,0.30681585213921875,0.3056548244692033,0.943518855002376,0.164298465118503,0.25612671590889613,0.18510471439774756,0.23078215628189486,0.3126797193189067,0.30945441929048484,0.06818155077067892,0.25480756361967766
1,0.035416866085957684,0.005550967191700752,0.0027056608301114352,0.18301360505493253,0.0903975617108216,0.15092177745134044,0.08135687992171846,0.3823735654791428,0.3609482840124799,0.2930735535681694,0.4971774053036902,0.281991341991342,0.08305998125585755,0.12423147730035779,0.31055356616906166,0.12764175575151485,0.4300846129739894,0.1858324038172129,0.29689845416480126,0.22559177429783478,0.21883540046247638,0.3082771922958656,0.19142984651185027,1.0,0.8506100304693828,0.12978267904707377,0.2299622160066735,1.0,0.06815801859042239,0.2529032751467411
1,0.05644135705397311,0.009864301521675731,0.26400148872559703,0.15359765469345932,0.1408547409317748,0.11390378259272861,0.19605330599692466,0.07385110058321505,0.14707029403422522,0.13654407738638438,0.085975885981113,0.17765151515151517,0.1623125585754452,0.1313869880857272,0.09637414934350245,0.08922607024976599,0.22873707301786278,0.17965333474973885,0.14206146472493617,0.22657346517165794,0.38609768061102945,0.25345931288960943,0.12274668876811014,0.2757536289009614,0.2320719180283609,0.08237285604042717,0.1002257225575347,0.10075751004712755,0.20450788328038597,0.24764353861155192
2,0.05023998687251295,0.005244622423946848,0.08306256320350242,0.10218022428416917,0.15567538600663164,0.9509658464928388,0.13102837705605516,0.16251346867570854,0.4056679587784816,0.270989231611608,0.18618670941213367,0.745064935064935,0.2745431115276476,0.08428566466358679,0.0582089320869956,0.16483570619242327,0.171795675336885,0.282431260069758,0.4424360729992363,0.8460677169576256,0.25975755027678515,0.7636765158080115,0.0986994150555458,0.6730304536340422,0.552787884242058,0.10004729780189689,0.5666225035575837,0.35139214155607607,0.12075538298623369,0.23884289620098273
1,0.0836193575736028,0.022909687111708005,0.03564126610235478,0.16764387772528033,0.2220249857654821,0.10306279838413517,0.22971902520851775,0.1245788366484804,0.19056679587784817,0.18162529658696847,0.19925427745060456,0.07807359307359306,0.11847860043736333,0.14026190558894022,0.14501077369049278,0.06744174589881273,0.43848323409589474,0.2403994263557657,0.3149211281700155,0.4902619419343647,0.4270899025996778,0.20333771280015653,0.13461691716740246,0.17308186663467634,0.14198475245233533,0.05734236140499364,0.4840374895725991,0.13384219504438086,0.021443699258736324,0.04559203104984418
1,0.10651041310560788,0.01108968059269135,0.04933607245784189,0.16764387772528033,0.1876276919985263,0.06395886889460155,0.257350542845161,0.09015033607552721,0.29506239954618513,0.15484121189998176,0.034707460710178765,0.2786038961038961,0.2462316463605123,0.12813921984091148,0.17375870033638716,0.09051677422533128,0.2586023190222501,0.20964572157008554,0.18705066757959607,0.17699610477677374,0.37208324574311546,0.1165124535264026,0.06845603353469022,0.2566365614985176,0.34249771801036216,0.23839959174528885,0.24821630109426368,0.07580304738774686,0.1332480291799035,0.18632200829780318
1,0.04379931354182335,0.004646637437291225,0.06866257103890029,0.11145898559799622,0.07355059115115384,0.04771208226221079,0.14719724150785143,0.10497870666507038,0.10020563486811006,0.16357912027742286,0.17930445691187233,0.10594155844155846,0.22211808809746952,0.08475459376845323,0.08644530220589375,0.053766195379082705,0.2911939830774052,0.2351056107363539,0.3157769994469755,0.09346958729557964,0.24265993973793007,0.22108853045593044,0.12151543647694485,0.1581035457832771,0.1255479989200725,0.1772796295835304,0.5845723538937141,0.05691155636510828,0.2704965290034122,0.5011567214117737
1,0.041625073500252976,0.003489879594252482,0.036610896589887934,0.06529287869300392,0.04578490806176107,0.16117517443995594,0.03028749825264433,0.10058321503702818,0.021828023068923133,0.15826336922796133,0.21503989964107745,0.18945887445887447,0.11711184004998439,0.06476431970544305,0.09091754638887595,0.10570964086900829,0.07113757442807898,0.1296896301411094,0.2762851236404814,0.45589093374966494,0.11281620068670734,0.22444301568221844,0.10830238599958557,0.25953282720090487,0.28115397966136557,0.0918261930248189,0.5836007654938907,0.13021655535316737,0.12844746440757737,0.456673613368258
3,0.033475091960781626,0.0054186262520310655,0.1179986434967422,0.044970683668241584,0.07579462102689488,0.19744399559309583,0.06872932295792367,0.06955822743676138,0.16234518294412406,0.14963953276145284,0.19451510610865244,0.2000974025974026,0.10274133083411435,0.061412344992879224,0.11673564928924644,0.35679590127592486,0.09445314948292073,0.10530975018147698,0.16002817791588758,0.3426771380359874,0.25849625113867286,0.6139267044978056,0.16753000430340603,0.27571078473376637,0.2707403931450317,0.05764730775932886,0.32911330290985813,0.39319975713418337,0.4764472290857748,0.18271609659101773
4,0.5055996936919689,0.8022997914404821,0.7788263063689542,0.5973416064211304,0.8090230096794722,0.07161219243481454,0.7830017240575927,0.14212659700011973,0.8019287132457219,0.8742471253878444,0.6796180785447956,0.14751082251082254,0.7324664167447673,0.3479280280662753,0.5380799578353408,0.6354598748706833,0.9220307113757443,0.7802977992599283,1.0,0.08089290501647979,0.7981220657276997,0.0,0.3993799907556462,0.4294442254631454,0.005444634431688162,0.623347688631102,0.030187938564208247,0.0004105588805042403,0.024208730438875167,0.0
1,0.07270713396874016,0.007087592546754338,0.24163877346640456,0.23609608925826833,0.1558428509227317,0.09950789570326847,0.14365593401984994,0.139167764114317,0.30211780277961614,0.226341485672568,0.10063769732027739,0.46373376623376616,0.2928772258669166,0.11707596651498836,0.16965849726394766,0.18695502241489728,0.11450955813224696,0.32370177581841686,0.5929542043030575,0.15090441721467884,0.2984373905122277,0.31403572526765994,0.13579636920036336,0.3355640863052904,0.5677075967756451,0.1463680266859177,0.4215712252809264,0.08665683638361235,0.2691140134133428,0.2911534711202034
1,0.05447907123029168,0.010469638782757446,0.05727186137222303,0.15073717766266292,0.1115316341226513,0.1174586852735953,0.15651647173943428,0.06786502249055056,0.19022407109766473,0.13455922613615623,0.08053106596508344,0.19234848484848488,0.14048344267416432,0.09373371773941436,0.18863259390162612,0.09930538450169958,0.38614854277655913,0.16812733485596928,0.22470571195322991,0.41227074166942645,0.36157241959218,0.13990998797976126,0.2013675268165952,0.3199516717794039,0.154481056271936,0.048293545094720065,0.3385347661808724,0.10058114320409403,0.1602394399341099,0.19264669330631132
1,0.08305870448112239,0.014628575349784456,0.0978347367673597,0.1633460465645813,0.24875238637505448,0.2033198677928755,0.26983831135548203,0.1108792693564111,0.25774085279379794,0.1825606862566162,0.12720841899850158,0.3182792207792208,0.22442205560762263,0.13762200840598843,0.0923824582616379,0.09421153751416324,0.43572547790661237,0.41006710221136317,0.22237510862981594,0.29785841573228616,0.4679419802396469,0.4787129958348475,0.07223346774836231,0.248641839899916,0.3154031086484193,0.0842274277463842,0.22655674959517147,0.24573972879983813,0.07881221320155313,0.26147257327495554
2,0.034569049214401945,0.003122265872947796,0.06594221883776565,0.08766437069505321,0.05650266269216599,0.5368637532133677,0.16634825963375424,0.08038447724435172,0.2510872648198923,0.19387661982113522,0.150242185594313,0.8157359307359308,0.17154795376444862,0.05644517003021988,0.10648126617991287,0.11663628750184737,0.0,0.4918468157433474,0.30911766254970635,0.6650659980129631,0.18947515941419665,0.6502669611159254,0.07782789563443362,0.6603314424774211,0.4742874407004101,0.06494112668342833,0.5865842288630453,0.24900685228554081,0.1860983645134722,0.3198936963462899
1,0.04757346606681343,0.0013136063641287431,0.12216119861999056,0.09540615927591505,0.10901966038115014,0.273360264414249,0.13750524206700523,0.09512733243257111,0.29279332513945355,0.42765559408651216,0.03228560476704882,0.2400865800865801,0.24601686972820994,0.08056896731390462,0.0960951185105954,0.10303955859894574,0.35957380131620187,0.3940971300083214,0.3808001738077054,0.4108514295626941,0.17167682713194593,0.5556425236910519,0.1084458328684592,0.6835872564309095,1.0,0.2418349057777999,0.49813042838215804,0.17215716887848037,0.11666666666666668,0.17151215035466416
1,0.06973293768545993,0.01100880557400432,0.004851825280421544,0.1669323162748335,0.1856181130053254,0.14861549761292692,0.21436559340198497,0.08808086336349177,0.373948189467713,0.3408126482934843,0.12908143708401573,0.11147727272727272,0.14228951890034366,0.14028795720587725,0.20838952704273822,0.1899354648012217,0.3412409902851771,0.26646128786671625,0.334523872225002,0.18935594770623393,0.4493378179524911,0.14657702736700864,0.023086976618160383,0.22639286387551202,0.202319272848823,0.16348858629359486,0.6077776142107071,0.24188567959059765,0.18382456759618782,0.21481941762422804
1,0.0363330552858647,0.00635971737857106,0.0619339231102612,0.09409688620709285,0.19067555347154772,0.05025339698861549,0.1367131074973207,0.11005832150370282,0.08845844757492674,0.2578025187077934,0.28086559570686825,0.0790909090909091,0.10750546704154952,0.0787453541283129,0.12459501774946131,0.1739987191487265,0.25377624569100593,0.13420442272622654,0.3328977167987781,0.6268628471400861,0.22268937005115272,0.296145137394124,0.30162094961827185,0.3594282874329488,0.49767944152321203,0.08772497572875955,0.47027822758722204,0.23532541128169546,0.16384280503588658,0.4358220369768465
1,0.046007739747569366,0.15190044040123812,0.040832217197229216,0.5032874139010645,0.23830257561040966,0.07259640102827762,0.19342062345650246,0.2243411038328003,0.16774014370804577,0.1765262821682789,0.17640345680733174,0.1237391774891775,0.2397883473914402,0.17362534301295635,0.24378381311134878,0.23202620818759545,0.26195549984330935,0.22640356934190262,0.35787928264819735,0.4212636608790273,0.3871837993132927,0.1714980571939731,0.24264436333498027,0.265085431269387,0.1684011930627515,0.05846257250255159,0.7356396290298837,0.14523954086795618,0.22594422873279213,0.1675869452995048
2,0.018556249914534587,0.001816011783245146,0.06946325075966632,0.06634598963966527,0.1545366245771511,1.0,0.08885886025814267,0.10886110588516992,0.32688853171976934,0.36984394962584416,0.131198383106248,0.606439393939394,0.15918853483286474,0.047761297717878355,0.05065184702909671,0.16377161436523963,0.0783453462864306,0.2624953524193977,0.36782384852395117,0.7470076169749726,0.0,0.8130713107651022,0.16187182225339092,0.6577436547788384,0.503259066891223,0.07291951905603543,0.5617449335099858,0.4533148292711135,0.07739439934109896,0.2359023382979944
1,0.041228513995815605,0.005749478601205282,0.039877278080719294,0.13624978653156486,0.11625414475667348,0.16653690782225486,0.12133637761520898,0.13576425114163063,0.3259076297626927,0.13658970615075744,0.18233613269679755,0.3286255411255411,0.15202280537332086,0.08814130397026643,0.11831682400905298,0.1442041479875856,0.27934816671889695,0.2653458685221579,0.2315460985437021,0.3596300326441784,0.3398500455469134,0.7428787074050262,0.07495098898646817,0.35560658771914794,0.5300579818212205,0.07806626670981553,0.1626183816674027,0.49012634804984534,0.2001588422167314,0.26898648261094005
1,0.049857101833745844,0.007396388072650274,0.01753415131622442,0.10001707747481071,0.08621093880831966,0.09786265148733016,0.11225012813941568,0.047016367647813376,0.06022501654533421,0.164788282533309,0.05871693905286267,0.1978896103896104,0.09639565760699782,0.08060370280315399,0.11957246275713464,0.07284102665155917,0.2311501096834848,0.24693259680246457,0.2803834303320781,0.45327309141946975,0.2502978067409432,0.8787912671567942,0.09561530737476291,0.14403352127641345,0.34341694200532247,0.05578028926339896,0.47536189214387353,0.24287738167519593,0.06783150958936346,0.3353268454964342
1,0.09346497285618563,0.014383499535581332,0.10965149619371063,0.1554334832356122,0.1958669658706501,0.16230627983841353,0.2841899259121196,0.1671826095879868,0.1311926822350383,0.1839751779521811,0.11436735547269748,0.15998917748917751,0.19767260231177758,0.1455243322102192,0.13778697546078839,0.12833144489876347,0.3629583202757756,0.3150439970963687,0.11250757116898852,0.38006812698112313,0.5283441945203561,0.5830374863724037,0.24711113944629504,0.2672190707957019,0.3227440443284522,0.10483308854646387,0.2901123705775553,0.2092404660710672,0.2736674902929757,0.2655870600156779
2,0.031410247644573286,0.006788600053426527,0.05206866746816258,0.08359423919849716,0.12415848879659712,0.8833492471538744,0.057592842831182135,0.078964921582377,0.32315401342535693,0.09461124292754154,0.16991323134822453,0.6171645021645021,0.12177835051546392,0.06967939143422837,0.18354803205754236,0.06321493669638897,0.1847696646819179,0.38189833749402463,0.39788797303347123,0.5073409976187098,0.2479854249877374,0.26195734212953903,0.12240799477215851,0.4364106870490651,0.2816489464278827,0.06025491025864429,0.6047303596839884,0.17856420042212393,0.05037945640663607,0.17049117641435482
1,0.029112937411970623,0.005244622423946848,0.10233764198597954,0.07770251038879716,0.05914860836654721,0.09468968049944915,0.07898047621266482,0.03896081684311344,0.20205398506192687,0.16476546815112247,0.07671533609784995,0.1912012987012987,0.05199547016557326,0.08577929070130953,0.12831542885488845,0.11429134440120202,0.17831400814791604,0.16968538092455873,0.2754029178626919,0.3090394411064326,0.22696377268586648,0.40941492186844824,0.16034172231873892,0.23843635927404844,0.20291066171271355,0.02405964501754997,0.22407380146228956,0.19928296758897854,0.1401635486527827,0.31430701871785555
1,0.08824132697014864,0.012535627896489779,0.13285161960122724,0.15349803609039675,0.20095789932009245,0.11215571061329417,0.28456269512138294,0.15278181600506255,0.1161837004821783,0.09221573279795582,0.16501724918981076,0.07271645021645022,0.2010114026866604,0.5087359755462156,0.18412159543629572,0.021754766244642575,0.403885929175807,0.36187390449885803,0.11436744529007455,0.2279020990049045,0.4364095017868405,0.3033293265870908,0.06758738305095549,0.23656835358434306,0.3380237326922335,0.20138906176097185,0.11999607439030371,0.07495301702951977,0.14625544181668432,0.24777928608301628
3,0.016081171628218628,0.002122356550999051,0.1097886156565941,0.27178801161268284,0.08647888267407979,0.0,0.018452075858534072,0.0028391113239494437,0.10737921906022502,0.22002190180689907,0.514200090601805,0.041233766233766234,0.06150421743205248,0.053596859911771856,0.22765815622626298,0.026858465934282465,0.2256345973049201,0.17460739009578444,0.3676921760198036,0.12482061471984357,0.1439282460934763,0.06940989014060883,0.25627580051322096,0.1134856300663228,0.04156435210778704,0.03383659854123621,0.17019480838117665,0.020013299794720562,0.015492999176373696,0.05234881364357686
3,0.03396737272491077,0.006886630379107777,0.04232828847976142,0.12993112085159672,0.10061292159292629,0.13407271391847228,0.030893248217697213,0.06083565650173597,0.19869764583530303,0.2602664719839387,0.1040701118583824,0.12141774891774891,0.14374414245548264,0.09409844037653271,0.2514222821621789,0.41743928272328684,0.2256345973049201,0.28057222782882746,0.3792365628209517,0.21044456009209758,0.11744096419311892,0.14522125625471724,0.289754705854226,0.3867971414371647,0.11746139902035149,0.03111075153717856,0.30237008685411443,0.08725243588631566,0.24354041651959057,0.19396592929659867
3,0.018419505257832047,0.004560860902320133,0.06839567779864497,0.09489383503159331,0.08480423351307902,0.13410209327947117,0.08326732211919294,0.07737433511775471,0.20165216980240144,0.20850063880270125,0.08337108408544446,0.2126839826839827,0.11018041237113403,0.07155510785369412,0.26528856438636467,0.34608601408936396,0.016170479473519274,0.1676847081319382,0.3833710794511889,0.5189478166248759,0.14532968958026768,0.3513823274536661,0.342702539009579,0.1843584514404209,0.1913657225871977,0.013112693236414327,0.3683792138966583,0.19020441206233557,0.4551800211789623,0.18468921476779535
1,0.030343639322293475,0.005499501270718096,0.21554444996731173,0.08695280924460635,0.07422045081555415,0.08662504590525157,0.036810959414752334,0.06921616583146625,0.049494185496832745,0.1452819857638255,0.17219569989894412,0.3524134199134199,0.1368712902218057,0.0646253777484456,0.09092529724534561,0.09731513867678208,0.27872140394860545,0.22218091039464602,0.21346417191162145,0.4357130466322877,0.18499054025646416,0.497134710535879,0.1586362984332414,0.2341176672207846,0.4381998637234357,0.055917203953100486,0.481505471318514,0.13517217451643682,0.24364042828568067,0.3801158633347992
1,0.0030083824474558644,0.008842335376448704,0.03830040425755933,0.010986508794899525,0.0,0.0867572530297466,0.0522808815991799,0.09098838700850025,0.4564384986291009,0.3693420332177405,0.14822106840436283,0.25856060606060605,0.1810957513277101,0.05599360866997812,0.19030677889906833,0.2936203753879501,0.3027264180507678,0.40084276128255525,0.3761060490348406,0.3780337796281402,0.162217083596104,0.6202163642970956,0.1313335777242951,0.4287244434542681,0.44933983003998307,0.14031266336411838,0.700799842975612,0.10221759620666725,0.36400458877515,0.44446781255377316
4,0.4117928591940269,0.16614669748086572,0.5675496996838907,0.9625434052484771,0.4480691295173661,0.10898273962541315,0.6720096919994408,0.5998905402863056,0.751382717216602,0.84429184157693,0.49491236017702195,0.09415584415584416,0.549047172758513,1.0,0.352237672262785,0.7813882457263903,0.6131620181761204,0.6659407588392557,0.7722658204513733,0.0,0.5184640179384766,0.04450283733542057,0.44431073779506214,0.4607461740158694,0.0,0.031471708446391675,0.18117670150645268,0.01142047590135022,0.03185668902223791,0.07798405445194351
1,0.0780401755801392,0.012278298291576497,0.03791598004911815,0.13439972676040302,0.17898650232776234,0.19643040763863387,0.20096919994408458,0.1597427696728181,0.4624420913302449,0.2491330534769119,0.27793846046625076,0.29962121212121207,0.17931896282411747,0.12419674181110843,0.1711699142755274,0.14338637371299076,0.3698527107489816,0.2785715550362069,0.2740730255708003,0.38465723612622416,0.3774788031672623,0.40393592933217787,0.12156325209990274,0.33668660348580143,0.23973104662972627,0.12900475467376962,0.33630698267824716,0.44239743256136704,0.1187080833039181,0.164292679196222
4,0.7039614927046725,0.26363295485458427,0.8530152814744261,0.7746627198724881,0.5540409284254949,0.10523687109805362,0.5269558734448534,0.6445808890181122,0.8372530017963506,0.9986311370688081,0.628306094713733,0.10834415584415585,0.635094501718213,0.38500816283997363,0.6969027577547319,0.33705108626040686,0.8600438733939205,1.0,0.9687672820161694,0.00021289681600984302,0.651951510055357,0.002879266485897188,0.3620917741189971,0.37253003376120375,0.011403520049368114,0.5602611336536307,0.0,0.0,0.028694552300270623,0.000282966560235554
1,0.038712412312488884,0.0069172648558831675,0.0341047935495087,0.1291199407980873,0.11921827377164484,0.12484024972456849,0.08608638926424676,0.1253484752603944,0.24634820837666635,0.20017338930461764,0.27220615395337494,0.24366883116883117,0.209348641049672,0.10770606828997187,0.19270179354818706,0.3859352677471796,0.28035098715136325,0.17383721959597034,0.23447910357359178,0.2954534702181009,0.2531357298016958,0.8066558577698264,0.1502048102516695,0.3582629260852428,0.08578674003316919,0.25322994199795873,0.1288532312674812,0.9685430942261544,0.21646370161195438,0.24142783396745884
4,0.22092466736862254,1.0,0.4103348898024745,0.5484715660044401,0.7709749807415347,0.2754902680866691,0.7585387446996877,0.35461526620944434,0.6040937884088116,0.3481474721664537,0.6727706728926368,0.07490259740259742,0.9228951890034365,0.46988433082079967,0.38948828845587435,0.3731218286615104,0.904105296145409,0.5388006586285654,0.5153464303584125,0.034512939395373046,1.0,0.12788974925222932,0.2713935066384023,0.4060170348408767,0.05504416132059704,0.7085833063652884,0.24228863045291718,0.05008818342151675,0.06212495587716202,0.019100242815899678
1,0.023554267117012403,0.005521558093996378,0.011511913477618924,0.060610804349063574,0.11412734032220251,0.08109438119720896,0.0993429942686734,0.04662299680172399,0.1292958778481611,0.15617585325789382,0.5898613095445515,0.11788419913419915,0.12833880037488285,0.08674320052797944,0.09392875412733107,0.4942657273757328,0.1518019429645879,0.14557992953382556,0.15993929897558792,0.3520800807430887,0.20033634643682996,0.0794314147541442,0.2185014583765002,0.18999674384329318,0.23041667202344984,0.04024669537726219,0.38326218165758863,0.12461040275247927,0.1892031415460642,0.15772709022427012
4,0.5104678034705793,0.09071971414357032,0.5320994214048379,0.562560482723288,0.22396757879224305,0.05793609988982739,0.5862261777177205,1.0,0.7800061454098516,0.4873152035042891,0.9056347353381887,0.0,0.3355006248047485,0.8701066379519956,0.4209567657226123,0.8397359475836247,0.6213099341899092,0.9070660930224324,0.7250447686514102,0.03534087145763353,0.391212949337818,0.02991082660106785,0.46954941744632683,0.40223817929427086,0.005303215355540413,0.1436732966567922,0.1294666077825212,0.03248619423482812,0.0,0.03959237519836339
3,0.059142064023848265,0.006420986332121841,0.04145660046571646,0.09620310810041553,0.11809625883377435,0.0681013587954462,0.12007828153394529,0.032307718620123486,0.10344379313604991,0.14192827158240556,0.18446179043105548,0.07507575757575759,0.15379959387691347,0.140383479801313,0.11516222542590955,0.2767328439824622,0.292384832340959,0.09279226642587776,0.19151107365759884,0.19032975351279746,0.1409151425968748,0.017527185307354715,0.22609617315630923,0.13767544686466385,0.12655078873275652,0.020213586915934376,0.13112517787918931,0.11056755428340127,0.17580303565125313,0.24811196298491484
3,0.015903403574505322,0.002489970272303736,0.05689967997296789,0.04252291227870438,0.08698127742238002,0.06494307748806463,0.010996691673267785,0.0023431219962715246,0.20575304906873407,0.05721847052381821,0.0017946126772833415,0.025075757575757578,0.007536707278975321,0.07810274757719962,0.18906664186392597,0.42652347406276175,0.027640238169852716,0.2027584497441618,0.1255003555157612,0.2609641860245068,0.14371802957045757,0.5151930226707293,0.2820484212875153,0.26716765779506774,0.11681858503786174,0.0,0.37300161931399967,0.05174776650186486,0.5211348393928698,0.1845209643806283
1,0.05488930520039929,0.005766633908199501,0.1012749661486326,0.13007343314168612,0.12526375724285763,0.08176276165993389,0.17492195144681047,0.09793223759599104,0.131724496549116,0.15123653951450994,0.43771125901662183,0.19444805194805195,0.1929084661043424,0.12874709090277536,0.11054271497000419,0.09944332233114929,0.2765277342525855,0.23239673518528356,0.21412911805756724,0.5166059516487677,0.26221007637867005,0.2781147793028262,0.12608979773991486,0.23049305067608097,0.3172094159392155,0.2053222473923975,0.32333284263212125,0.3861624309711742,0.08851041298976352,0.47972774028258414
1,0.03603221704111911,0.007038577383913714,0.0963460111703391,0.16852621392383443,0.14033559969186454,0.18050679397723102,0.08103070686361306,0.08751646171475484,0.23929280514323537,0.312671107866399,0.05707913719204098,0.24343073593073591,0.17834270540456107,0.09362951127166627,0.08199631059232045,0.23162717375240155,0.34816671889689754,0.14658026593013582,0.47617386037447657,0.5874690511110059,0.23376077359680475,0.30953512425572355,0.2339538738623866,0.3610906411201179,0.40657341578494016,0.10898409300241467,0.4898670199715393,0.20520426749934947,0.18422755618308034,0.20701680591935454
1,0.07007479932721629,0.009278570325730266,0.18800914782702383,0.20047532304889848,0.14775429547509797,0.06320969518912962,0.2191416988956712,0.11876378935846346,0.15770067126784532,0.1989300054754517,0.15082587030003136,0.3039177489177489,0.1610043736332396,0.12259890930563758,0.21853927358973163,0.28361988275284494,0.23212159197743654,0.16434730263274377,0.1413849972348774,0.48424957814890157,0.24083806320510126,0.4567411176026612,0.15210149662899858,0.3309069253311854,0.2323451139709191,0.07679358243508999,0.17782521222827416,0.4651892329487958,0.44261383692199086,0.4140259640938379
1,0.06238974962053357,0.01085195705291432,0.014092697654032904,0.14743553253258948,0.13529490571725225,0.09919206757253031,0.11558175294720655,0.09723956284526844,0.24877682707762125,0.2639624018981566,0.197119908004321,0.36100108225108224,0.16110199937519523,0.10616902289068743,0.14701049465965987,0.22299128035863833,0.32331557505484176,0.33019953612719327,0.25005266900165907,0.44033763858005703,0.3248546002382454,0.4941715819193246,0.11849508296010582,0.43472262686157903,0.5472243292236093,0.11249408777476289,0.5175425683301437,0.1669239887819123,0.10823185080597718,0.2591744259411506
2,0.03733129127979324,0.008553145915689018,0.05195848218548836,0.09218990151989526,0.13266570653448104,0.20988615497612925,0.15502539490238104,0.15830611093057861,0.18267230783776117,0.30970523818215,0.11710283304875072,0.5671428571428571,0.16826772883473914,0.07827642502344646,0.1103179401323846,0.041775456919060025,0.1457223440927609,0.16711814592517843,0.44711373870908283,1.0,0.30838763926844653,0.5488217370642664,0.0982053202849811,0.4171907936453531,0.7018114498026561,0.10551766199497149,0.48856175474753416,0.2546679388209443,0.08490116484292269,0.24550790585626064
1,0.3693883411505695,0.007808115440511522,0.0061605815824075745,0.11470370581203392,0.21907760324212078,0.22557473374954096,0.18223754717860302,0.11132394944329475,0.11663278812517729,0.20190728235079394,0.05068474056521588,0.24303030303030307,0.1668228678537957,0.11695439230261559,0.0380412035529926,0.22612936597861963,0.2535255405828894,0.16550698464970523,0.3816659205224765,0.359472331298986,0.29136010090393105,0.421491068683085,0.2002199518656062,0.29085191342050687,0.15720015941786766,0.47597769535236856,0.3338927327150497,0.13967675716309597,0.31500470643605133,0.6228246945681892
2,0.04392238373285563,0.010626487303847446,0.05883159526252257,0.08715204645073148,0.1851827042234652,0.48871098053617335,0.12506406970784212,0.21224922608561803,0.26650987992814595,0.20341303157510493,0.26753667630762795,0.7853896103896103,0.16959543892533585,0.08237521275487167,0.08758467810693081,0.0720823685895857,0.3192102789094329,0.35854535153414424,0.3918112869670556,0.7410780463957357,0.29065937916053536,0.5685293377687082,0.11702873718939764,0.544463676715052,0.4083797230757364,0.05570560852356176,0.6844202365179842,0.16373782056842168,0.09139016354865279,0.1936332523947001
1,0.037577431661857806,0.00821984280837277,0.13241332703236758,0.07497011441908122,0.10945506916301036,0.3744399559309585,0.07259680350403055,0.1596572542714943,0.2412191547697835,0.19417320678956018,0.24608844130048435,0.4325108225108225,0.15879803186504218,0.08152419326826219,0.2113813576400192,0.3137395930834031,0.15280476339705426,0.17331492006161367,0.3956297895873384,0.2686442415353803,0.29065937916053536,0.4312190758393201,0.186584530052119,0.4781580435639492,0.13736291991823404,0.04973737273157251,0.365062073703322,0.4736114725185763,0.1049388163313331,0.13788119228342544
4,0.7178410753599803,0.16859745562289696,0.7219853918800793,0.5517447486764957,0.8907793817195298,0.10630921777451341,0.8821583337216345,0.5129726863808172,0.8528883426302355,0.972257711261179,0.7259643865212391,0.18393939393939396,0.613851140268666,0.31034422869846123,0.6203863026864468,0.6348785654465736,0.7364462550924475,0.3323241444025425,0.9779481473678667,0.0306098311018593,0.7816551047579007,0.028205629944371462,0.4787539248657177,0.48440472314099153,0.015613951634675959,0.8761980035348883,0.029628539182491774,0.01658426576459364,0.034868808095070015,0.006068485555321876
