Type,1552501_a_at,1553468_at,1559205_s_at,1565900_at,201311_s_at,203447_at,203549_s_at,204879_at,208607_s_at,212126_at,218717_s_at,221359_at,222759_at,223693_s_at,224271_x_at,224672_x_at,231455_at,235135_at,235266_at,237159_x_at,237688_at,238030_at,239013_at,239566_at,242872_at,244588_at
1.0,0.4140450055980845,0.5464648160122393,0.3579672394304185,0.6026389986979006,0.23499770007004403,0.09516834109794123,0.09768467596448609,0.2276412516004489,0.15209543493556296,0.5466559397955499,0.41183782947189257,0.5503681239023013,0.3284009091225326,0.4352650815268485,0.15285989541136996,0.9230173526421402,0.6161302791093741,0.5792062977232058,0.3905649330077268,0.8435571815227406,0.6598744198230977,0.014202047337932094,0.28293303724895763,0.710829513885557,0.3200295970471532,0.5305643725133501
3.0,0.5221070133201392,0.7344765510880935,0.22786362376276642,0.6113832328257681,0.6058005811406122,0.7853700868875689,0.7273352059950856,0.8280605302097676,0.0979633588418223,0.5132456857330737,0.5549008423321729,0.13156068876866955,0.4588233235730231,0.1574801066314298,0.6124493153673776,0.6758537643975965,0.6532291825564259,0.5756968884022435,0.7450771084619595,0.6951068822320855,0.7028648751752068,0.6667035768673175,0.5689850308554988,0.07303882946514705,0.26710148834988795,0.7393822414241671
4.0,0.048350222671901935,0.8381661957659966,0.6545876812411153,0.3813578990994548,0.8563812178554797,0.5969361616691776,0.4607472983741968,0.07981836656967077,0.39648198189766465,0.626491185359783,0.21240971462660413,0.9933023390737408,0.6173248721672102,0.4766880875199584,0.40195581448448287,0.6819719796523047,0.7334868014763894,0.7047864405211924,0.7031464210738816,0.39544594863602583,0.8727229079921688,0.6752535613866111,0.7522600955294129,0.6123915711646088,0.3200295970471532,0.5386657156430356
3.0,0.8097629931675291,0.8550036379984679,0.29434538597694077,0.8200335884439114,0.38088435549988375,0.7040954733486884,0.5310025451217861,0.5209982774669145,0.15689181853971906,0.5308898313328273,0.40378778592383163,0.7484220493771547,0.6265830460197692,0.7371139597732583,0.628109432934667,0.14753892299802032,0.7760444323436062,0.49948932667127427,0.6104734675138775,0.7575951633377014,0.6886236603347272,0.632666335731342,0.48554705006445503,0.4732596932167666,0.6800580043353217,0.7761505406094271
3.0,0.6693940008825167,0.8501753753732547,0.11524814376649074,0.746772180634615,0.1351521836605602,0.42512922728793506,0.15046501071194138,0.59670702409609,0.7862599611071108,0.7805900430737022,0.48334444909651747,0.6958348065941803,0.2618287323750695,0.8474003900090178,0.7003762537138637,0.17352356057872798,0.49915943720268513,0.7437234148034281,0.9053796074939181,0.8404922052088827,0.7257523264499982,0.6019636065637358,0.3145810599669462,0.8040602407406797,0.76535119978389,0.8651362773994427
1.0,0.21397170773743884,0.6994619428506441,0.20795162449699878,0.7399761094981164,0.18067337532301736,0.22409972085776544,0.016100915392726844,0.19338501969380031,0.15806634084868362,0.46118769890150013,0.4319113576943341,0.1390643633095581,0.4417919220762671,0.527805160572115,0.7052991415389437,0.7284576222733272,0.5462788234513927,0.5254995061820125,0.4933779254815154,0.7888151803667344,0.6098900849883188,0.14760637833926035,0.2326389460427227,0.17086161434547797,0.09074719055729745,0.46138568646601014
4.0,0.6500426593227725,0.6949410073703391,0.5022412628509179,0.4656049245065759,0.748076768693307,0.3168636349271945,0.5646810195052645,0.6681643386616253,0.213648307054399,0.7024002205234776,0.704361283403363,0.44052131805634925,0.418544410830685,0.6876291770246985,0.2972874502081291,0.909881783909247,0.7845239381017325,0.40296791541978116,0.5376051400879892,0.4592120823618821,0.5499353171177949,0.3142251359642021,0.8438790980348867,0.839230174918149,0.4442496260091605,0.3268229027529085
2.0,0.3409276967792152,0.9811754264527648,0.4820082459951115,0.8749392950732995,1.0,0.3579289073995562,0.6540554432283038,0.6516693507052718,0.42046593400388266,0.05375041517658407,0.223415822783996,0.7596610849668846,0.49594562967581873,0.6967431635573897,0.7537791366647014,0.8098321544326237,0.7997814837706095,0.12569890481603455,0.6868335161546415,0.3264764079557575,0.7239923738055868,0.3423491913210482,0.4683078614444633,0.48080007192204566,0.7991285954997176,0.21666074437656496
1.0,0.8333403904444918,0.40256343448060544,0.2831218812527467,0.6585870257720624,0.2659278115233747,0.27777341420236823,0.07513733097286782,0.26860276643549363,0.17873339196865295,0.4725110110331551,0.3807167547399578,0.8058400693068226,0.2445610663438803,0.17111908979068577,0.45351941396194057,0.4136067091316481,0.7760444323436062,0.8043115745198343,0.0809857780496805,0.6936952770907601,0.12278739143914873,0.18669748404266526,0.3877951520071204,0.29353259569981804,0.21032808523632077,0.7401664791808126
2.0,0.36678514500801296,0.719158149042881,0.21167978716124594,0.710168267497803,0.631934504487376,0.3103890110818032,0.7349536333272518,0.25536498484002995,0.09067683054048332,0.6877173484323199,0.409234063076234,0.5444670874647032,0.5623540692215192,0.594346714951788,0.6459787860020922,0.8160646744803183,0.1726105000428955,0.5919438850512301,0.619510171267321,0.7101134521095349,0.6030099085907993,0.2613170336728079,0.3200570323554182,0.3093150850466914,0.5313244680098972,0.44703146004479943
1.0,0.737762243088528,0.5642156467552921,0.40787600336862195,0.8559512166045937,0.35444275635719785,0.3574006636275756,0.09738044633238448,0.25536498484002995,0.2112436017660884,0.4050130919501037,0.18003592376170935,0.46955942388335997,0.17441643837202178,0.19725017399698447,0.4453339131586214,0.7330707649385726,0.38961424404579353,0.6952533287081661,0.24054776120840238,0.7872182210870196,0.5615982281068518,0.05311057557501746,0.3272352674042052,0.526774325499436,0.31216014072976367,0.707551578305386
3.0,0.809471799635499,0.9028985192994069,0.10182795134234378,0.5008129123888627,0.4624012568118474,0.26262477391095485,0.8242303097938931,0.8980638948841402,0.5216038916209662,0.3437867706353803,0.640840166309728,0.8830781563395892,0.870431916768863,0.3406550585660077,0.8336661716954129,0.3945645600225695,0.21632790052568115,0.37746313800571174,0.8704123158600009,0.27894745167752527,0.40064207807157315,0.8748307988619471,0.6749436238420545,0.44378402040933995,0.2795149488422679,0.4809844714012754
3.0,0.29923629380635863,0.26970384504618444,0.668871664554325,0.8747114335183266,0.48338133854501225,0.6686476100432146,0.3494128477089391,0.7563505352381273,0.3776833995803115,0.5452876692842846,0.6483395740240886,0.974931548386398,0.7732914357239076,0.36310643518576663,0.6008272918158595,0.096994996592752,0.5204719201438384,0.3967592784391517,0.6204259269130723,0.7127445386469188,0.24133785346273193,0.7254443712758204,0.14085573386037498,0.22459927115603856,0.26868669890394037,0.584745740824297
3.0,0.5903113423780681,0.6121204556880815,0.3255269496559685,0.6021173203308912,0.6866860587355575,0.42447595243826036,0.5222213050034077,0.6143820329730804,0.18946826754639493,0.32410501954596116,0.6569691905524736,0.883772791147666,0.3285513092386583,0.4585750248197665,0.5109308335997865,0.34000630675757687,0.8097977856219408,0.6737677463792678,0.6936717834414274,0.6625078035407234,0.21251903341475212,0.38891882038403924,0.17979440159397406,0.31102677108004884,0.5071314132302371,0.7556582477327852
4.0,0.49579155978310074,0.7043987752253558,0.3633815229311436,0.5720707209358645,0.5405749792322952,0.08912209740707648,0.37989108147252354,0.15033268618025677,0.1162847236658554,1.0,0.27713599455076965,0.40047355949232966,0.6240346191932882,0.5207591038358385,0.21367848915434842,0.7269054578847878,0.6693090794189536,0.577161015371037,0.6812194816223623,0.04543700330165368,0.6050927913961465,0.5355288658715673,0.7254939718426515,0.40384735178449205,0.3945114767744917,0.7948273555876767
3.0,0.35877768720716124,0.5746516024968866,0.38003033840964034,0.6052350511756915,0.6245916352064121,0.8731954261742223,0.9051697596057762,0.8818211785882363,0.6381647497313735,0.38289636914297964,0.5842882077762205,0.5691345706151532,0.2765727285127909,0.5638086880782756,0.6749804419256368,0.05919486733361356,0.8462092359783036,0.526746898848405,0.8947016697304885,0.15464522378209297,0.7339560238745042,0.7298752796865432,0.33774964347739916,0.17586598968671685,0.3515702246889221,0.8658066215901689
4.0,0.0,0.7686099902971028,0.5504846740650157,0.6753043792647974,0.5580809888414956,0.2605657513331729,0.4939518212804558,0.049047604362750824,0.0684979106877193,0.7882845457267671,0.4898086740031615,0.9153818954170981,0.7594567769016349,0.20871848148901753,0.16236034760683557,0.794223111749722,0.5718406651701082,0.7408680380645343,0.7318315752029891,0.472537813254921,0.7512364047594785,0.5551572940256551,0.7015640864360636,0.2616923749338689,0.33507390826162103,0.5824749050816243
3.0,0.08245843135961922,0.505039533947095,0.1740627103843091,0.5947255903509786,0.48934630643831445,0.24271932152747977,0.45196825302516774,0.769986813478348,0.48228561398668557,0.6419010192664742,0.6842689083756172,0.5707233493858846,0.6522252669595366,0.5518677611241648,0.44175458229543274,0.19449808896893542,0.617965037033783,0.5433988905005882,0.6243544267299793,0.5997055003965063,0.7154690879049235,0.804755455247475,0.19021072867979866,0.3764341943460752,0.32766293370770166,0.5434173826196224
3.0,0.3843825882776672,0.7477304204824957,0.0698010615584062,0.45679051261993003,0.7416720625946656,0.2963545640783402,0.30330315008336717,0.5726978011532539,0.5077786065700459,0.4186035803094721,0.5679438673222197,0.18121033485100987,0.6502424728283991,0.1102579088805727,0.7062738676652947,0.8019960781125423,0.5794447049279228,0.04962357833378195,0.6583975010860588,0.6755714746906737,0.4790761939191784,0.4391162286582206,0.37000513027377296,0.3604178138956342,0.26710148834988795,0.4578648747121614
4.0,0.7452947505639514,0.8006635866822832,0.6841514342594474,0.8090868829327283,0.46394647300832126,0.572499505198619,0.596325336723415,0.619106322183672,0.1458659691572754,0.6109125080476898,0.06257828631635581,0.6259503682896864,0.8401152343131859,0.8541893066438113,0.4735739699618537,0.30391126978765454,0.7918224754705573,0.8210884028280714,0.9011461245678122,0.4370535786106108,0.35503022953611163,0.7238731029832776,0.8567466772446504,0.5201455849878798,0.8677628792274487,0.7554110089500974
2.0,0.46045186804463695,0.6760676879865186,0.4150905375195099,0.3222052059597275,0.5627228274252242,0.2647767611851085,0.597269239400982,0.20400010959227327,0.10824474479936445,0.8565755534297459,0.24576107069945508,0.8560650699063004,0.7314354215574967,0.5516937431849508,0.43322868092342265,0.6336734187940555,0.6837002391917565,0.4706009794919217,0.5920004516153529,0.7083433411930562,0.7722842306870537,0.16776805126237418,0.44118079004775057,0.8701867501476152,0.16234568805708646,0.5557113860583823
2.0,0.6570862146948374,0.9530147616819918,0.34222045083132474,0.6523724630639505,0.7456020354235189,0.48769719294990266,0.5654963928952639,0.21383585983911846,0.16379929780430152,0.6207764721401382,0.23254637963938174,0.576232194640166,0.9296981227773481,0.6200234165110323,0.6829911033862364,0.7125971474062346,0.7215076695201434,0.7191212304283084,0.49078145134255935,0.7716672071588,0.7004634815870165,0.33295051202794634,0.5619547513208193,0.5547472814070118,0.3846868789103134,0.2736960778470942
1.0,0.4696517306248764,0.7865592386536084,0.620224980083809,0.5477392639524071,0.19377028925796214,0.308809486571616,0.1630970293290747,0.25536498484002995,0.13113068417731324,0.5752294872333349,0.22374963378311793,0.44496621573017114,0.08556292898110898,0.0,0.3126062314543537,0.43614833006606507,0.7835961376074944,0.7505820850825702,0.5651891220873481,0.864918953880551,0.9489847420453293,0.2826972962980872,0.5826594956850617,0.9813591588698615,0.6621905487342128,0.7937495139086107
2.0,0.9872370657730672,0.9019523180224661,0.6762692139650194,0.07274399339535184,0.5837290270218649,0.353251898965363,0.26252567950364736,0.5250277828278471,0.3560541986593327,0.5143302639584567,0.5676743882317553,0.8462321801232812,0.44700880319286995,0.02935606790823509,0.540651738793639,0.33798896515463456,0.28738055969865517,0.69953220326664,0.6293968094350935,0.4384148163487619,0.7971945734302469,0.251731712662744,0.7968737773578933,0.7034353790715351,0.29279233366512575,0.4326849027234004
2.0,0.41696520560302014,0.6456622569624754,0.27142567104568854,0.7002465504212154,0.7163272388373155,0.35572582557957405,0.41664672634994315,0.45014427609817803,0.15689181853971906,0.560782515431683,0.5050624289409281,0.93070980927256,0.8283683125541752,0.4288227965460938,0.8402065854315037,0.8795867584464658,0.7334868014763894,0.5945244792926008,0.6842766606240502,0.6667655182847234,0.7951777725811694,0.43375391439491034,1.0,0.42932150774594374,0.41841012426499896,0.4912429221380426
3.0,0.55163272519769,0.6999596702839431,0.49765034926546986,0.7420297153873481,0.689495505838983,0.38420656313887463,0.4616740210257766,0.5279723534842535,0.214441026326119,0.5832446906581439,0.5365509901615746,0.6530514536043952,0.5990402275437572,0.4878346438688726,0.5449029735182702,0.7043714262400452,0.7828979736071704,0.5479635327687957,0.8596053241887534,0.6222907441655535,0.751634409189705,0.4990392642871392,0.45150684271369695,0.04557340595484974,0.6257043739013267,0.666643376146763
1.0,0.7428031693535265,0.7158945687905358,0.7781350217272069,0.7266634411417026,0.4292342664028922,0.45719778491917684,0.04202192327329095,0.0,0.0663012545255634,0.6571711639277952,0.10703643992886441,0.20897487042364474,0.31717976944275145,0.507570375040076,0.48414930384308735,0.8643547636225972,0.6410608342992293,0.4004172559397109,0.2590168809519401,0.3821118588126979,0.7610113848174583,0.2035916625590553,0.25162389720156514,0.6665568418998784,0.37962855184571737,0.5083455241994469
3.0,0.22636351777655167,0.6861912532789898,0.4023393958171636,0.8628760648291123,0.5429237200376915,0.6471410173565681,0.32421510235183654,0.8363052951742158,0.6654326887302253,0.29791488875185596,0.7403619876343083,0.6320676466792811,0.5068450254906329,0.28512264396004977,0.7237447707207346,0.6227618736056726,0.7244838791339934,0.546444880043693,0.7650954661949261,0.49069614335070166,0.10965055548086501,0.8016317542673781,0.4495923942210805,0.3648569981682069,0.29279233366512575,0.8280788675841768
4.0,0.8930622610670939,0.7518719241165344,0.5627833354242819,0.8221798808324918,0.6573735900131018,0.3917803023147586,0.2542621791228041,0.29690534292149057,0.12240812369378123,0.8918320915049432,0.5410756558765194,0.5824314851677392,0.8929131734929477,0.587613615106936,0.4405516856123487,0.40710730033535103,0.36522206213701175,1.0,0.6653224881786989,0.8299853733622856,0.8840586912265551,0.4583327237105245,0.578156908639332,0.41553408109358664,0.4712936945865068,0.7995216412914897
4.0,0.20296256892537842,0.7951091382024406,0.2022638363476509,0.6423631165514715,0.4131107121372083,0.08482935856010652,0.8668287070053168,0.017507535001670196,0.09617602922559161,0.7892163781393331,0.20445270994470063,0.3355883863698661,0.9699558636276929,0.6308210256236559,0.17456648585652354,0.29133374049436694,0.6625465292111198,0.3905020354706667,0.8003056415096509,0.0,0.8850218628278219,0.467628841627903,0.46769893340758406,0.39986599379002824,0.5689309707877596,0.8380393720443376
4.0,0.09826346028414731,0.8166783207553511,0.43150942311500495,0.5720707209358645,0.5954539304713813,0.07702588286386242,0.408129490730541,0.13867021029023335,0.1626708356755971,0.9625180448361812,0.3234842631615109,0.28520081759727506,0.6787700019958016,0.7165334092621669,0.0,0.02705075242664562,0.6165902586579123,0.4381961422684197,0.6255504084133348,0.45290313230676466,0.6741064986820705,0.4900058384606684,0.7628916649306589,0.39448814421748213,0.27646790079604017,0.7624945832721874
2.0,0.604257676903567,0.5862165215869555,0.23815161280680067,0.5234585556180474,0.9906427348269041,0.5301988475187196,0.3649123212427833,0.6318811191412492,0.07489354955533517,0.388071206782524,0.5713067484137454,0.8638248601593321,0.639570716579333,0.5826217257667724,0.5193401651725658,0.8967595719863343,0.06903634995530639,0.5686315014984425,0.622247051504233,0.3349551396431247,0.2572349376417916,0.31796497337446283,0.8924895790605356,0.17586598968671685,0.13447027309410406,0.24056660026191184
3.0,0.45704114749130864,0.8166783207553511,0.44701164023371226,0.7812253134318936,0.906743798145587,0.5828883078183325,0.650137551430982,1.0,0.3646550568472935,0.33042259106277166,0.6840361103552846,0.5032196300144509,0.2377374942045204,0.6402094178031177,0.4820645624397624,0.21715007656446464,0.6095981843342648,0.3919787410893657,0.7788900866155265,0.7803932881864262,0.8769689416562066,0.38780642443216806,0.46708900794513725,0.5708768895017283,0.621790058681375,0.7422472063647589
3.0,0.13928965547581088,0.7048875748074863,0.6367376549073004,0.6505750916982355,0.5920950658457954,0.49934054819369583,0.41760475374153444,0.5840665933531516,0.48759270355060186,0.4823105730649629,0.5882953853766762,0.23867072668112582,0.3136547934283218,0.5536025008995173,0.2481777210463876,0.1833700924947723,0.7351917204546785,0.32226577579907206,0.7923845706737537,0.5990081866096493,0.6960853339986843,0.6449589553045354,0.37861950715722914,0.5396768019130239,0.659483869261644,0.556212214408993
1.0,0.6389385725453584,0.5009416267399812,0.32797404873030045,0.8581159507605222,0.3249777132161422,0.3241147212628542,0.04741266497778919,0.1258954133326561,0.22728908019204264,0.4329326368353443,0.4746311010610757,0.4837834117057608,0.37549913770908366,0.051680648711545256,0.6582703068294614,0.7909081660187983,0.7784294466852264,0.7353665547722944,0.0,0.7411062265000085,0.27704767695945826,0.14336507160082812,0.0,0.31102677108004884,0.21815717898190126,0.6830850742476237
2.0,0.15479096983937016,0.9397289875238863,0.22434783063727068,0.7557296578691819,0.9210164932208015,0.6760109691695613,0.8327953971388962,0.41931053295843823,0.13666514280227443,0.5067978631735913,0.4159787583601715,0.9000730755715599,0.31672100511638573,0.5520416798230317,0.7043211608952824,0.40710730033535103,0.8665750498860989,0.7000340975931857,0.5197680316096761,0.2327848650695076,0.7791832719325906,0.30515853743895327,0.48263114313874383,0.40516475446747713,0.4295671601257106,0.7898349009514692
3.0,0.8699344165654674,0.7788514930801814,0.34222045083132474,0.6344144590868792,0.3321547071894937,0.6067795609251018,0.020240996002276357,0.8488022969382523,0.0369363853226725,0.5409516378768876,0.6053882299337224,0.06549414857335037,0.7187892815270116,0.6818908457843811,0.5821095531280508,0.7333760257876379,0.6147451347717621,0.3930844825921159,0.9045388469390764,0.5976074924872895,0.5901564591415144,0.7720753076889422,0.09238850360590838,0.5871097802635776,0.5999746820372901,0.594526253342853
3.0,0.8209216498380496,0.6803761681539516,0.8027832638963425,0.7048630211707031,0.4253664718199962,0.4086521318977261,0.23670191720797834,0.32475732084336156,0.22362786015168026,0.4437478122956856,0.4253780898121815,0.7870538628264542,0.011736399583259343,0.5602752443936346,0.33244121853044556,0.3679505875364281,0.728881466513321,0.40912869573394417,0.7161826468992435,0.6328380516064224,0.911313604569096,0.3656001836516905,0.492453450428818,0.35742767862368535,0.3422751098391073,0.8214992441255825
2.0,0.4638273350413718,0.7890807898345477,0.3077655784010879,0.7775706298158576,0.6847417341522186,0.7888522054352338,0.41438457906121606,0.6131021577012327,0.1985775233239219,0.29615259297092494,0.6185238759413806,0.5419096659569589,0.3382579851185272,0.6748824558991109,0.8017538327623333,0.22149960320569728,0.6242805738755843,0.5043109782659744,0.8305076423336502,0.27630677993496544,0.3532465736478275,0.48772723948736063,0.37706800736437646,0.277026996936074,0.3744676148315689,0.6199984805878056
3.0,0.5798878982820189,0.7443712938929717,0.14267114824659138,0.6855903375605498,0.5391626244036847,0.5966667905741689,0.5267451652612747,0.7850102542457409,0.4447335743919477,0.47139063464812136,0.614358436171475,0.7861570028061335,0.5649253075238181,0.5279933533767281,0.39780106495570466,0.29825359549874547,0.5576455557475654,0.48419033203429307,0.8168923515789389,0.44245311190163383,0.7722842306870537,0.3669823176380497,0.3989556101442887,0.29710004298547366,0.3906270429887002,0.6255343853210378
3.0,0.6808230429341451,0.0,0.6146398401042432,0.5254419876068978,0.25390068483519995,0.6177662321219973,0.6893219170023613,0.8588677659008781,0.08101694958326094,0.48013404283483774,0.6188942959092126,0.26443270624177617,0.6878748988199962,0.7270952101842593,0.6249152362776972,0.8770306525328883,0.4822603896585684,0.33345569221274196,0.8427898177832777,0.08366693862277551,0.1311967294359348,0.6089159966795977,0.2114228619692874,0.18080180978208596,0.23852208257103638,0.7506719186558226
3.0,0.4544595251575934,0.7186943094517894,0.344525393090677,0.7521097118205403,0.6796017100216822,0.5499334755515736,0.0,0.6425407466394507,0.681034898895499,0.7957451531027497,1.0,0.47876448824343804,0.0,0.8605143844372385,0.2972874502081291,0.25826143320513256,0.9492739762981209,0.4949627232928373,0.7329795463070258,0.7716672071588,0.8928371572256724,0.5853844256612286,0.29765271710720176,0.34365622277128643,0.37654456898475314,0.7187526203619982
4.0,0.4509853059603679,0.5847025971710333,0.6290164041766723,0.7654044183240329,0.39695489839413445,0.28534784832698,0.33114578346624585,0.22121573757606827,0.31652206808889144,0.5473238583356339,0.20334120484438425,0.7332428563742333,0.44281293747813555,0.5931335201934214,0.2387283554352779,0.4907279383021952,0.7329158477502353,0.5907942743693831,0.6179761264405907,0.6515232274763104,0.9310204421933791,0.22091722703147465,0.40114811546744994,0.259728832023219,0.8981296094151217,0.6983203807609569
4.0,0.38545156967252153,0.9332578473572931,0.4247141251919901,0.6272377785696445,0.7464523802096108,0.2295029321706769,0.4559962423537752,0.2660577421361773,0.05236667745596103,0.5813724426666863,0.40455723021257933,0.930096168358386,0.49995025469263665,0.6475428597575471,0.6042936628123717,0.42312182061255854,0.7221058115453798,0.3725654243753202,0.8356704474215544,0.740718083349162,0.7524286283709154,0.5905817860062518,0.4843834259563419,0.49949465712672425,0.3313954036419604,0.6005785416874867
1.0,0.6509906237751494,0.9028985192994069,0.5466308805467914,0.9180048965733297,0.46317421478096676,0.3916108101031302,0.03290150784414244,0.223588081266365,0.08879604318543564,0.6635304445555202,0.2066562766495162,0.49070006338456756,0.3680103713973092,0.4105783798125157,0.3253829268560678,0.3841752184701792,0.32030778043539765,0.5236247593754249,0.2992252653306315,0.7633226981173037,0.8319766379381924,0.3278314125035453,0.5161997525678275,0.39040141724072236,0.4085717098176428,0.8253881297889732
3.0,0.537873330024412,0.548206072377496,0.29979152023914263,0.7491180153259548,0.5690700790887013,0.6115614857061985,0.8097991698942695,0.8364450816219703,0.09067683054048332,0.3390029488905678,0.38158599681685856,0.11079257741317067,0.31334742506480207,0.5967587210411737,0.39499812556935,0.6525262255765384,0.6882010124530137,0.5065511666479413,0.8189042676000863,0.5661451536453052,0.26232878498594725,0.6684228170761869,0.3908041333229001,0.9491374933296957,0.41664938733567525,0.7603151653960323
3.0,0.32333871791069496,0.5658474222537039,0.22434783063727068,0.5174354711974288,0.053180614920548507,0.34283955977664105,0.21098597857379825,0.24475244318759826,0.29830628080352384,0.6018533320812247,0.38388459533441094,0.7065094049253969,0.4068231515542126,0.4706177849197317,0.4558167193123284,0.0,0.4641084542798432,0.5506898572613208,0.5585837940596569,0.686024186465493,0.8611433706170744,0.22120684093689552,0.14377621480459257,0.3389462310959669,0.4937876940383776,0.4710168986273601
3.0,0.40411799433703005,0.8166783207553511,0.6616383404329781,0.8014863823069943,0.5069460333338672,0.4212023846266182,0.20301812352701382,0.7273331289227439,0.529515775434551,0.6738882813522671,0.7263742824621178,0.9297889748420152,0.5172321417111753,0.486328633745633,0.43691306825352966,0.23003027673407403,0.8424004070720269,0.41380804571473023,0.818770661813395,0.7720087182537355,0.8086626805681603,0.7553310215416233,0.6209055670250098,0.7853270767404751,0.10914740893294965,0.8086826573033062
3.0,0.5839810846712129,0.8351550524876769,0.4639431056802856,0.6620861879376646,0.33712500352126484,0.6168448509783055,0.2783750907260659,0.7667464637678479,0.45870741014970257,0.39114175054314826,0.6467498475543534,0.9832954469623265,0.47080742761043376,0.7168374130389916,0.43322868092342265,0.13090509648971754,0.8431304792596623,0.6404160194962906,0.7896852060980256,0.6979055898875426,0.27942322560461386,0.441984963999851,0.5069918506544979,0.38348548068364,0.34345574059276196,0.48743948993210473
3.0,0.5150073092609573,0.7912237027958638,0.7539900363934642,0.930743860883994,0.7327065347567516,0.7273757634699575,0.6317705291572546,0.7333257427484768,0.4679569041419723,0.6260055679842679,0.6593071370962529,0.6998026248563254,0.605928407327137,0.7161275989159286,0.36225387154984423,0.22149960320569728,0.7235948072409292,0.7849223058722128,0.93218004375646,0.7491164316503344,0.7955149742797709,0.33923174402176115,0.4935921651131036,0.5564795406685926,0.4970288266701593,0.7187526203619982
3.0,0.47211644816960924,0.8676550137457524,0.2684230045228987,0.7994868737697673,0.8504483227526964,1.0,0.48751887610528116,0.7724376973681639,0.7992758097481122,0.2690096266525019,0.6656392303756797,0.49070006338456756,0.393669285018889,0.5523892199520374,0.31446595154732576,0.21274242535429383,0.8866006710983003,0.6970179933017819,0.6515352366339034,0.24817982021304105,0.8248335920673255,0.6523392066261441,0.3755100159216893,0.42436872553625105,0.7416173703005952,0.6955829115308194
4.0,0.23662321570795092,0.38099806402254033,0.8879258258625168,0.9594435704415004,0.707399405084585,0.34355539755706394,0.8652364297275581,0.07276232063894468,0.1603870070273757,0.7062189050133054,0.3296740003377312,0.49362612565962855,0.6670566195283965,0.36342932185457144,0.1496233439093169,0.7400212644099973,0.8487159439138281,0.7855987906258934,0.6397383397814691,0.7947891504293196,0.21251903341475212,0.6056073131024307,0.4773242683498244,0.2732540909187253,0.5126426497484257,0.9316582823609934
3.0,0.2671362885697385,0.6840910063203376,0.12299964076849795,0.6252972529325036,0.4182839367336289,0.5682681608155584,0.8257871751674879,0.8783116625807292,0.5735373369533449,0.5862294679069846,0.6330304538972429,0.46852269770535254,0.5402155503506835,0.45715437117833224,0.6755213560787386,0.8850258458139606,0.6571545716580555,0.22752181506195487,0.8381492625186922,0.46291986447327066,0.660436184399481,1.0,0.3471337679073001,0.48713998738214936,0.045628900218591485,0.6801952617279019
3.0,0.8056624645472175,0.31817905445519334,0.18446632169389932,0.6199010102644273,0.387889209314308,0.33772252482744813,0.8527216430147269,0.7886862606811572,0.4927109797729045,0.6085899090957538,0.6457538848176186,0.5627119900506589,0.27511235957183355,0.5617945931613328,0.49133122061137874,0.20677241035672003,0.6488373299098432,0.5659657957853359,0.8509939543128386,0.6725000046082245,0.6375932987763302,0.4486960941318955,0.8648048833159396,0.508490361798198,0.09702962014248541,0.5703632412364058
2.0,0.7840352442211225,0.7196212004609661,0.724346979932255,0.6689747777548873,0.8610463117205105,0.41155767580485186,0.19842132027623569,0.4354911826266368,0.04226581621952967,0.0,0.7702341600260983,0.649848364525504,0.47641899956461503,0.09037837329619271,0.7667273191245486,0.6430339352624449,0.16401526593978075,0.2881442997253826,0.7388250473774809,0.5669438950650765,0.1935915619615352,0.6687089046791441,0.40405151740216716,0.7246361544684555,0.18746634638930648,0.5684529803878489
3.0,0.34818518488520817,0.5542143153119372,0.7513498649140423,0.56630007921248,0.5622643644047736,0.6171081998315243,0.2673187025239095,0.5643600051609637,0.214441026326119,0.8031652086463751,0.07397631965141743,0.28688118922774364,0.3640211410493411,0.32127420048650623,0.4167047160145035,0.30391126978765454,0.6038571628274954,0.5759899284380691,0.8944090364804061,0.3411244720580535,0.9123995917340308,0.7915784140879316,0.10227473240549197,0.41680951333651634,0.9050898111750739,1.0
1.0,0.3622335239482431,0.7473127871532833,0.16762819987053101,0.737563917450454,0.40487804718315185,0.25554539730765385,0.04057676137581717,0.4168309036074479,0.39102623125270247,0.363107506016485,0.43758252001181186,0.26620752532579717,0.3719767780712113,0.17830920114652288,0.3715532218282705,0.7406187905224574,0.7565985740529854,0.2860415184841943,0.2562660987992623,0.4961017168917016,0.5134693191840632,0.5012776644293331,0.32634551928296496,0.30238584779257005,0.2702620938498486,0.5856489924871351
4.0,0.08245843135961922,0.7735891506353548,0.7383154991204226,0.7372178699262161,0.5967761660059822,0.26633858938465854,0.7904077029943628,0.037777614607930436,0.11312243848415297,0.8748731681495887,0.36810738953593963,0.46118509008141556,0.7783403016077031,0.6839284909831392,0.2705477431016987,0.9420322800097856,0.7443623755243857,0.8558950646069612,0.7176110832493497,0.674551983475851,0.7377550485005819,0.4141935616334983,0.41614448085203687,0.22676329707491116,0.6765834870486364,0.8060067524415192
4.0,0.16121557423827843,0.8611276191780014,0.4281325553993706,0.5952591154338116,0.6784019037456709,0.39642876615484546,0.48743684548945254,0.7663063871281607,0.17252185828783353,0.4835797448502241,0.0,0.8795857520626925,0.6286345737599,1.0,0.19477483809554966,0.4649102737422639,0.0,0.7625029380606846,0.686602193870095,0.5417524478140509,0.2032243289162448,0.5010914324453724,0.492453450428818,0.3513719187243612,0.33869998584967703,0.6690035839031265
2.0,0.20667367163977024,0.7039090972966933,0.2743962228724568,0.4162171176540036,0.9833958719410831,0.38412109867394195,0.3722228648731304,0.7073350246920409,0.16822666816732124,0.5480517395734315,0.7081916822337727,0.6759484716041434,0.0169418593010436,0.650074766622683,0.19197189870919512,0.6740324769213921,0.7394028104972811,0.2728793260306297,0.7406808069063143,0.8493252171055328,0.5456423236528382,0.7794444001960628,0.7215082010977217,0.8312584065534079,0.22198319801118185,0.30578462319849986
1.0,0.5018254224114164,0.7034185378591328,0.19251743463459708,0.8178731987957552,0.5069949628771191,0.43268865599739276,0.015218068491968117,0.23963602354726066,0.19500272617135614,0.5159538526159358,0.33695323415406875,0.4471692636898257,0.3808190819562933,0.4573916068419469,0.3181503388774327,0.18658801386145143,0.4571593630286256,0.5534069137773514,0.5136742676821983,0.624814203754902,0.6394221108642394,0.34306643192747127,0.07355251778797091,0.648945464456164,0.07432694692795142,0.2946477006866526
4.0,0.3679132066634539,0.9692230948735698,0.39382187815186476,0.6986932151071248,0.43569506883849174,0.4782103354777071,0.9770436688869943,0.35260531002510537,0.1162847236658554,0.8223923171588913,0.42353529230203796,0.3878416170583804,0.5633194014720292,0.45786552524376567,0.5944825326031429,0.4501233348493204,0.4064358894601424,0.7529335627679861,0.7784164410342548,0.3038787297858922,0.6257080320593865,0.4368530864050771,0.4054947727422333,0.46555813396726964,0.4434557861424785,0.8520881012423537
4.0,0.1633293261129781,0.8695297531868956,0.4963245999786946,0.27353387028679943,0.6968902256429107,0.15081867416686554,0.14559864723159557,0.14931341191921413,0.22288430199109338,0.8291064570626204,0.09423356361531926,0.46852269770535254,0.7121624867826142,0.44232247088162835,0.4558167193123284,0.6579398061109741,0.7918224754705573,0.5154496550962148,0.7333609898393862,0.5990081866096493,0.7579224646965119,0.4825702700341598,0.7806649019985131,0.7289448363947778,0.7090821089679783,0.7496640119555602
3.0,0.47940091801846363,0.8179713513852716,0.4943240346793742,0.8014863823069943,0.7642251505849583,0.6021057682741263,0.06351053984734524,0.6036801296840633,0.09972875747960194,0.2720802830969094,0.91519210615032,0.5651332326766014,0.5619246008276944,0.9177140158618524,0.7500319009424079,0.9199121948602696,0.8087514831440752,0.47659550775708226,0.6630362257466657,0.7217340612986913,0.6767578911765465,0.7798046155452731,0.48028186461045136,0.30063251473467417,0.35943388946123767,0.7956866800486089
3.0,0.5010772582250053,0.8575255595925063,0.22611129020096546,0.6607783606025077,0.29420729282809804,0.8956368366125881,0.8184056207387757,0.8074141983778808,0.22288430199109338,0.4216476735156805,0.5874230189269092,0.8037028770552681,0.2823836347039722,0.8223733342316979,0.8243871401663035,0.8460083370836933,0.7209080632534826,0.6328116579265095,0.8374082948163832,0.6297834084003554,0.8828497804174255,0.7307836964811516,0.32096191593942286,0.6633597558624762,0.3846868789103134,0.7473829975471564
4.0,0.3335052517183146,0.7068340523260227,0.3655180253756841,0.8799127225508925,0.423803642391006,0.1376224910582089,0.2156281537534609,0.2690222782627726,0.10658139466848716,0.52923966801647,0.4676154935077434,0.2818175524275096,0.5625687036915186,0.6101256307173408,0.5449029735182702,0.6357310319789742,0.8427657151749571,0.7735624402753268,0.6870646163342238,0.7682252820113209,0.7961880925543007,0.05612256579695747,0.3809347026670019,0.2616923749338689,1.0,0.5159474876526433
3.0,0.6269345188715905,0.5255972838202266,0.28738402036205607,0.5766154307713358,0.12096212703015567,0.7797922199748715,1.0,0.5956125657607704,0.15087093236283466,0.6458429603451066,0.5834466982657477,0.9762931135656772,0.8816282379651874,0.4127823021790319,0.3031262800414451,0.27704265359040103,0.6663265276493681,0.6439221722265326,0.825751514128572,0.653760456973615,0.5115072961499322,0.5629768907344223,0.3562871975967535,0.35592325375581674,0.5089817884470248,0.7040138779637195
3.0,0.18963118629637432,0.5854606107167464,0.41950627358528647,0.8290601571833124,0.40333244436578775,0.5440945014695996,0.3560503348276186,0.3322802365030478,0.16491897803756878,0.7065780394060149,0.5233135598289552,0.6747455398583463,0.5411015176694212,0.559767108041367,0.31997529762012616,0.8706529925871789,0.6197861535091831,0.19563010167092007,0.5933680167634594,0.577094168732475,0.8579680450946563,0.47076265102013765,0.4285346616612859,0.3260766761710392,0.45435028408817557,0.5901224644594396
1.0,0.3529354289941141,0.7979005141484263,0.23646319454806203,0.8051678119040733,0.0,0.20215362041059953,0.09720644679684827,0.22591916470717566,0.0684979106877193,0.42765849070032397,0.6311902761651299,0.3694181116420875,0.5223679162832253,0.348549959659056,0.4862193119685408,0.6007059096181528,0.6926205736997575,0.27458990279647144,0.050477806267550475,0.7187745607531835,0.6951025057894709,0.28453423439296643,0.39453148588372067,0.39176881634828037,0.12352555463881242,0.4084371187214067
3.0,0.6349860459373771,0.9202789328148685,0.3011365298808529,0.7354821501122859,0.6463086469338207,0.8682909426388107,0.49922577114963274,0.7668588098035614,0.3533703826984386,0.48840070820231346,0.4320220408231647,0.2885541419747612,0.44294045873896915,0.653335129577755,0.5532246960401255,0.052050162188742366,0.7280082426379655,0.5409537132550569,1.0,0.45290313230676466,0.5183117191082173,0.23211533208076454,0.21743849218409345,0.2289144033590801,0.4410592961711948,0.8193373338134066
2.0,0.6160563616660814,0.7242089467627739,0.34337531298680335,0.16931988817158544,0.6163676346092453,0.5663888452390716,0.6598845656859265,0.7589205132954767,0.0369363853226725,0.6288871440642392,0.583099101035956,0.9412907211983683,0.7899541693143702,0.7061176515221471,0.46593728222172776,0.8922668670126251,0.15510741017634327,0.5148173238221252,0.9806085379212363,0.49069614335070166,0.24674359003748225,0.4888675619911644,0.8493858445308284,0.3389462310959669,0.22198319801118185,0.6720094690053272
2.0,0.35645331067212316,0.41978004491146975,0.39952914639624887,0.5057485398121457,0.6871219313482317,0.6262767828390846,0.18379471624407584,0.6364148293526922,0.1931814590189732,0.8836636331964315,0.504007423803072,0.3992291472681859,0.48186497676516454,0.531547126908037,0.35427231691824385,0.93165979442456,0.2594103910942614,0.08234180205493172,0.7729822873521031,0.06530729524794526,0.6946097207199292,0.4302231188249384,0.7096067189976107,0.7512605300865003,0.38866235777521735,0.19952110104029794
3.0,0.6885074804074401,0.6546172476478151,0.42728188414255325,0.7205287505250952,0.7605619883784338,0.4518267995344442,0.709445773258807,0.7324576103043268,0.31495815938840266,0.5062819324550853,0.45648039763745135,0.16305485366527808,0.3644496582150769,0.6644794915020552,0.33244121853044556,0.6540820507437045,0.7285907376511621,0.2392164153140127,0.8820940317282452,0.6936952770907601,0.6250674709286216,0.7067315212264091,0.31641534649187864,0.7289448363947778,0.12905676097537508,0.6961935327832792
3.0,0.3207468509365731,0.6426106495525238,0.6133348543915244,0.737563917450454,0.6588490509544955,0.058383757804435145,0.33178536496035327,0.500155637090871,0.39009648207968833,0.686707252223022,0.11609914363431906,0.7014904814630742,0.6258978521301866,0.750373442761304,0.26180366300029984,0.6373679302461532,0.9052535267480929,0.38083636702148443,0.9217803100051507,0.6266896521834444,0.7275006621606356,0.4695892858604735,0.034710647599470866,0.2675196054342617,0.8149341360736704,0.5820185409308986
3.0,0.8841458041904029,0.5060544539060177,0.8288540151787261,0.1634286594936912,0.3596342338876704,0.07799000153728441,0.6590602750815021,0.7467034801906561,0.9922696612820756,0.40264573377791424,0.6802420527277132,0.13156068876866955,0.43175741623017155,0.6927139109032282,0.3235914538056155,0.8210140498077765,0.6532291825564259,0.7673603109801818,0.9129075464642976,0.8048263758204722,0.7190913241638494,0.45793410651311406,0.08903389162338636,0.5692126406657791,0.41219348586343785,0.8654716481742212
4.0,0.34214853380672106,0.8472947386760957,0.2398298290802591,0.6702504799672897,0.4673361282825864,0.2476129815104384,0.503685043380013,0.23911347349203177,0.1339245231042733,0.8047386969334122,0.008533433499807237,0.2554317323934476,0.9901678587673555,0.6151146763386064,0.8675348222229943,0.7370172880550854,0.7015524938182383,0.49041033765688347,0.9294110409274702,0.15899883813419516,0.1311967294359348,0.5688626781374054,0.4646392661383416,0.5782723215096724,0.21230805998262678,0.7311484575821132
4.0,0.38007132402084226,0.6994619428506441,0.4594268444130485,0.37203361085831593,0.7157145168705041,0.3804383612818497,0.8439108556838668,0.3662548856109453,0.02564603180918718,0.9757270507455296,0.12865041680193118,0.6387507684471125,0.6107497724508989,0.43115772745171677,0.21628210568125117,0.901741779579336,0.7842923172451228,0.5163972150041868,0.7367670488277341,0.6429441348074622,0.21251903341475212,0.6749704106348423,0.3885496799483157,0.40384735178449205,0.25068124472054204,0.7268030497702782
3.0,0.3101686459910879,0.6242039684472277,0.19645713116149285,0.514041033006889,0.8235651798237197,0.4802078897286617,0.3689345295894334,0.5026706961269936,0.08300150772091724,0.5485971330038681,0.49431683024456247,0.08598147208221786,0.5856780624915444,0.558748288284684,0.3921681042236896,0.8320555602802473,0.731194957503192,0.48155683150100564,0.6967976821633665,0.5571801804194052,0.162394145698735,0.7837535437368698,0.64324207469626,0.5369506156484058,0.1120887766159279,0.4790188723133933
2.0,0.6943617080356965,0.6776913612745153,0.20417273697675592,0.48180346370248905,0.6702789731066064,0.4740472249143857,0.4317455270601559,0.5254612493344365,0.1735759156310921,0.6551843902854494,0.4214404118171231,0.8930278201055388,0.941289953821886,0.6671136898447062,0.7768419073696337,0.690072962884953,0.6455930568167375,0.6690875767288696,0.589588354506284,0.13161646778255237,0.20005217245716678,0.5794860430478507,0.4890162622235122,0.3177933405063986,0.13447027309410406,0.7037170616320092
4.0,0.1253908121922392,0.8378665743020862,0.41150669491474906,0.4468974919437661,0.20485828800728778,0.06256024111012914,0.8570762976215198,0.10764908445193869,0.0663012545255634,0.757251343483429,0.09751660411858891,0.6374235405343665,0.4747159331429897,0.5099748534370743,0.13969341226643273,0.27337099054889474,0.6843980716797609,0.5829908493047663,0.8170270037886292,0.27894745167752527,0.798530626192323,0.5578880994208936,0.4707336642360738,0.6899697789612289,0.5779930044996616,0.7354280856392847
3.0,0.842946186606562,0.8305750170471752,0.3077655784010879,0.7457616786372129,0.6283346341663034,0.5955884922611384,0.6037724177571767,0.5250277828278471,0.5600911987459009,0.8468576244386139,0.36965342660382167,0.8011222324720301,0.4902523679171578,0.6485581463555329,0.4060524537203097,0.7287671805540241,0.8186161332398136,0.6360795330972517,0.8205017788973815,0.5417524478140509,0.7309630892224386,0.532522647777947,0.20283429051302668,0.430549138345448,0.27338391793507594,0.7847526982993135
3.0,0.4857423507565291,0.8580828311445339,0.31678821697303156,0.746772180634615,0.6648881651458937,0.6199999190008043,0.6769376925540331,0.6193520306290109,0.6135535554983934,0.7507163586816827,0.5043094559808052,0.44052131805634925,0.571947432623178,0.6342926599544012,0.24584380486779606,0.3430093714226966,0.6942993947861399,0.5724663370350638,0.8784714397378344,0.5990081866096493,0.4931626815370078,0.43375391439491034,0.3684172412509526,0.3127303640050088,0.3649056158510969,0.822281312480407
3.0,0.371274198845811,0.8681919709519473,0.22434783063727068,0.6983037323600764,0.48020644705501186,0.8259200392602069,0.5737485264753471,0.7286157599489129,0.26631108564804806,0.4747799782660707,0.5421283373658009,0.7484220493771547,0.9409170278674608,0.7520925875522795,0.43934382851654175,0.24107178720654485,0.860369483884878,0.5406475394574959,0.6732799341780414,0.5961986310061163,0.5973741236693956,0.9381169577472931,0.494727408100892,0.7839509736073197,0.45813082126698385,0.79288427213155
3.0,0.5405392511517119,0.8186155731840632,0.20982196118256663,0.15131987587481024,0.1729637365463688,0.5803538728759138,0.47423870318317357,0.8924473237160712,1.0,0.5194423981468008,0.7540486306666536,0.7761488460134095,1.0,0.4760195455711204,0.5474244088650215,0.19915465088309134,0.2451775639264004,0.6358077199034194,0.846867388063395,0.8679204714784982,0.6946097207199292,0.48045720472346154,0.4463796097378489,0.969748340070348,0.2294668396047571,0.6499055155229235
4.0,0.6901908528179235,0.9047811222548572,0.535315916784299,0.5777418638635274,0.6717322996792358,0.2925744620663,0.20695900206461768,0.30289296515061936,0.19226210647335495,0.5502608725841893,0.3462418095169397,0.7830011698452422,0.18762551168181105,0.6198842577451233,0.7048105593895244,0.5790232775757194,0.2908797483182213,0.7332034500994784,0.581129827209156,0.7434220818595398,0.9620606711098387,0.30920414221362896,0.16360231090008698,0.8027539822740911,0.652238722228371,0.7677523727256774
2.0,0.20109108228770506,0.5366837901048682,0.584893981086532,0.48029466224281514,0.8525066900035836,0.3705138379890729,0.29148717479913805,0.6741270171554242,0.08689034401596339,0.7688039877355196,0.5530450233095601,0.910239517167237,0.8808150981993328,0.7507361742107844,0.10010005318129024,0.8291014611600629,0.48854122193503713,0.546444880043693,0.6246539797475418,0.39706213566163795,0.18696941958196586,0.7212456432374026,0.7012387396162664,0.7289448363947778,0.13447027309410406,0.4514147653666871
4.0,0.42081862523223673,0.7029270937331985,0.18852104988457732,0.7097921460829482,0.7354061006856472,0.18629305804142782,0.8058295596180991,0.6454260533861683,0.070661533171886,0.5086005042768115,0.49574331111939973,0.5915443054777761,0.2059925406984461,0.794086977017837,0.6861350147576329,0.6628883654197982,0.7085969778136278,0.24322500560498855,0.42031767725292474,0.20233102463541533,0.32092824204952425,0.26240333402180677,0.8616448127663691,0.33256891005758965,0.34345574059276196,0.1977485715351273
2.0,0.20482339176365713,0.3099827766427995,0.0,0.617418597413703,0.7253898953775196,0.438095278638591,0.8292070348303313,0.3714259748542828,0.0684979106877193,0.6339203315489335,0.44598769562378304,0.290219741059598,0.40870120430022516,0.6129865000106131,0.36848612646670414,0.880564625524627,0.0816000801185527,0.5936652066542829,0.6179761264405907,0.714482812758977,0.08124422825283488,0.24367838577456333,0.14667396804034255,0.3498419409163455,0.3410889749594833,0.030502100852536542
4.0,0.15479096983937016,0.6649886949550888,0.5421600564756953,0.6994707997280175,0.7524545686917236,0.31529554027929363,0.47927448134084,0.7788153223450767,0.522721397695977,0.696424625761906,0.5239265607780005,0.44052131805634925,0.743193804813304,0.8069417238431004,0.3163139383124109,1.0,0.5831599944978502,0.5065511666479413,0.7675879719197755,0.6492650889891441,0.6244253569208689,0.9012447271377892,0.3692120321857241,0.44847866965742256,0.23852208257103638,0.5112935960635038
3.0,0.6349860459373771,0.6918848367135341,0.20034172522848515,0.4780184030443734,0.7102572373105535,0.57395156694371,0.47296494537964134,0.8397806545189467,0.5901357939652963,0.4250786123794095,0.5755959730672628,0.3457711959471837,0.7528831466206425,0.5651440659325662,0.7278414099565614,0.06848658949079904,0.5071909448484235,0.49073636935170045,0.9299168712051531,0.6730146353873203,0.5473678795828999,0.6936674971887619,0.5628998264768038,0.20907585730649922,0.3713200430894997,0.7425062238175864
4.0,0.319443162480564,0.22242112944158338,0.21167978716124594,0.6794574412761589,0.5381254093607034,0.5277283313358552,0.4660052763228825,0.5839867161640195,0.9083245995590199,0.8980513387361075,0.5240625133015667,0.3774238287550824,0.5625687036915186,0.5047409776589049,0.1496233439093169,0.8608491454359328,0.6681948741423187,0.7057833432868645,0.6450223481252408,0.65707793324678,0.4606428865989969,0.6070274338892722,0.800381900050786,0.8784125290835072,0.6856431779737773,0.5216591471644788
4.0,0.13701387257593953,0.8833205733507978,0.3479473330687421,0.6904156291070996,0.46507785529832574,0.34471741051274685,0.5435028205982363,0.028025393180683866,0.1419945736991316,0.7631735323641046,0.21063053019463224,0.8037028770552681,0.8369443503412071,0.6428026853867873,0.36225387154984423,0.5098989644280997,0.7529387978278205,0.7599467697018807,0.7586631205884712,0.6619702748219362,0.2032243289162448,0.5668508395100996,0.5708375690625673,0.43902739380515543,0.3723735662133083,0.7675154916644914
3.0,0.46129901125517137,0.20156352260856997,0.3479473330687421,0.6607783606025077,0.47980243941231,0.5056280087041708,0.1856826421500732,0.2293414932500673,0.05236667745596103,0.6403441568602765,0.39989280446551295,0.48676316374523654,0.3668729317121964,0.6967431635573897,0.4453339131586214,0.5092976254759887,0.6206916593005805,0.34839569147123617,0.6950164283830134,0.4665716074256771,0.7231079926885596,0.46782515889662296,0.28790453181360975,0.18808103174793475,0.31082457088669446,0.4676147212296586
1.0,0.43395841294548754,0.22242112944158338,0.20606860746590244,0.6113832328257681,0.31271639258379624,0.4889139891775931,0.005250152936360515,0.21063680776005828,0.0285527606468817,0.4985929010722823,0.4880077316537979,0.2536055930436625,0.2583428742027458,0.41333080310062753,0.27693864966592663,0.5862514921287177,0.5599727850135365,0.3736983326993161,0.030125619329135767,0.6786043897364515,0.4151991420892464,0.3447368465625398,0.48145835662098935,0.08602435131492286,0.045628900218591485,0.10368682260144413
1.0,0.7289353942833192,0.9047811222548572,0.45790495595737923,1.0,0.12057739689166437,0.1310639871636533,0.005739068905034726,0.070938701767961,0.2329598904040187,0.5528842145451028,0.36654858570863086,0.4493595771970894,0.36087056233300696,0.03509228272971787,0.4872488558428011,0.5928578367737847,0.8492497742107403,0.6022166436707423,0.565954435350718,0.7368019674865401,1.0,0.2659210185452213,0.32634551928296496,0.5599192730683252,0.9916574338886862,0.5824749050816243
3.0,0.8709013263007775,0.23639884422485413,0.26231849619300324,0.6334665675333091,0.6126581003996123,0.3848899843272423,0.80288372916196,0.5832254992118299,0.0979633588418223,0.7898298339212451,0.4304665399725201,0.7383704472252244,0.6830218139306223,0.6079622277205706,0.7110994287140475,0.7412152361169458,0.8057978327737845,0.6980246265441128,0.9204700682363928,0.6750622667899983,0.7770239781929498,0.6236719388419139,0.5053430239977031,0.5450680630815737,0.3744676148315689,0.8520881012423537
4.0,0.42081862523223673,0.885846130760653,0.7123991615564945,0.8576361284413697,0.6741892427322003,0.6296584041711865,0.3834416177244178,0.27192266171440355,0.16931254640728138,0.836129169679344,0.3011765984654863,0.29517305579840963,0.5913627478341315,0.711936608328081,0.2595762383446633,0.7180757135233594,0.8226119647207213,0.44374662769103923,0.9190645704116566,0.2990940376041147,0.7971945734302469,0.8759665126874204,0.4495923942210805,0.4677754285486274,0.6988008931489337,0.8527900693993509
3.0,0.256223508679794,0.3261359903680503,0.5235203459686527,0.7580126883441204,0.1932756990381747,0.3006819758590796,0.2679436847385717,0.6260843087028702,0.9889782277956559,0.5403080097826747,0.6002394325966536,0.9888582080435174,0.44294045873896915,0.5710819449629126,0.35264957076947173,0.7770376421643749,0.704458857961815,0.5996608055721456,0.8992404074185616,0.8493252171055328,0.7648225570230964,0.7382609536219186,0.3368846967201412,0.6575325253620836,0.6080120651689326,0.6159768262876243
3.0,0.2246217881838162,0.7168310153958378,0.31931317934660264,0.8308882103129304,0.7323684875474056,0.7024817633320561,0.23304327355981555,0.9489558296023728,0.8638110367098989,0.4158778798057431,0.8167647783086749,0.4558555622573824,0.1425142719648021,0.5663077441018588,0.565280098409999,0.511696431131978,0.6211431599585845,0.14752844054141595,0.8637427363025235,1.0,0.2330165859234416,0.6156375496889127,0.4285346616612859,0.0,0.5630366808215017,0.5860995384470064
2.0,0.39074461138329,0.6134898339163024,0.21167978716124594,0.40500291302489916,0.6408891850368673,0.4723455584486041,0.7490962412097075,0.43143854285835065,0.1162847236658554,0.49761329578474095,0.4295718934125732,0.7816405824527537,0.6277560908555807,0.34753170685932916,0.44651736903390216,0.9137893983399802,0.19156551495287644,0.5097405830460058,0.6515352366339034,0.5106239704941794,0.41377891402985695,0.2664604737212706,0.41474199553462876,0.38348548068364,0.09702962014248541,0.0
2.0,0.40911921802772455,0.8949923050611359,0.21717984705185353,0.7994868737697673,0.7082500313924599,0.3396111640100266,0.7475822338793112,0.4197193810214486,0.2280102756060856,0.4641824708099603,0.40570554780389617,0.8757065604368278,0.6557988281327244,0.6294751874721227,0.6236277400039716,0.3430093714226966,0.7009019249427876,0.9489334442989604,0.9300010729966516,0.33075296312703084,0.8217995165264441,0.19640631818124815,0.4398696640044784,0.6999708405284267,0.4148763803636269,0.5316580587128111
1.0,0.7991129127211517,0.6300505603989042,0.2529025453794085,0.7454241535778879,0.3289054012529743,0.3520123587346519,0.16391398538327773,0.2033180016601047,0.0684979106877193,0.39110345530524515,0.37823194053934966,0.6741426388851894,0.22230968650107089,0.5257273385162344,0.2481777210463876,0.849245206278835,0.6655751803190781,0.6685658621615468,0.5079089424937134,0.681103057913689,0.7602425253560289,0.0,0.3755100159216893,0.5683776246897514,0.2718277939962487,0.40418564717667416
4.0,0.5276776989187346,0.4449931897615604,0.5347378854659218,0.637710731470301,0.34479289570134464,0.22000005021629374,0.18429945529967234,0.22240715803771283,0.16153345280510667,0.6643466259189682,0.19066215278638585,0.15364012882860575,0.455450351430866,0.4954645008167189,0.3878711333128204,0.529152055633342,0.6170493760137266,0.8910288854922879,0.5878505071114549,0.31768929197708035,0.0,0.379964553892864,0.34118947774665787,0.549499966835402,0.11499652793222405,0.6837232630738911
3.0,0.6428438331278559,0.810451220951033,0.3077655784010879,0.3884316801503568,0.8102964179609057,0.42030004401192483,0.224516833548614,0.2310204369490134,0.12090153208632771,0.813694963030872,0.7237029632970954,0.5900406400851796,0.6593540632706473,0.2749420124886091,0.29924668781863406,0.8429583282075406,0.7840604771543523,0.14250474902617677,0.5477055375186775,0.5875684614827408,0.7163793015101981,0.6712779040229598,0.6277086686686778,0.6607815034845278,0.1061716385089459,0.5413153838661335
3.0,0.47940091801846363,0.6882754370061822,0.26231849619300324,0.5777418638635274,0.6002482802100789,0.36153022759687986,0.4307605716112313,0.7731019583676364,0.5855940681712863,0.7584488309559366,0.669609471591324,0.0,0.23962068159736988,0.6608503360579112,0.2893167561757497,0.25306708453245497,0.5690666939857771,0.641226497871056,0.7877166637369782,0.7131802809822254,0.1968415646808291,0.842719899440226,0.3360177361152981,0.25576935006363605,0.1694463946150404,0.717058004718946
3.0,0.3141757333751602,0.775103075051277,0.18852104988457732,0.8259025187745892,0.5350061759669511,0.23960941404427374,0.6901412347347906,0.8743191076110544,0.8665832095197141,0.45786754295287446,0.7047008684836037,0.10541769039090784,0.787631397432225,0.4637281900287158,0.35427231691824385,0.9212958752277249,0.703815972979595,0.5157656332338588,0.7447138014970646,0.8329205940577886,0.4194146989512606,0.6271934110726657,0.40907862535077294,0.3604178138956342,0.25737703828108444,0.831122961919156
4.0,0.44658990280576977,0.8719213348422875,0.5241221749110246,0.7124160084191317,0.9132720553677846,0.39101733369585606,0.9059196433993575,0.4476266192695597,0.15451361259467325,0.7420996677102393,0.29234231366182173,0.8879140693266377,0.6203917839558394,0.5883862692577568,0.8048977441337298,0.3005283239897189,0.766763478202451,0.7970122846220578,0.6231524725789991,0.5185466166439306,0.6626714035587171,0.48045720472346154,0.4901655205789449,0.31102677108004884,0.848284019865821,0.8115363552306462
3.0,0.727440776001557,0.8259166866215139,0.5679652758145491,0.748449482287981,0.9099226495308381,0.5531216268288793,0.6108638201781331,0.07633677031880619,0.19133684165209527,0.8287873042799996,0.5403290362974944,0.42686495065623264,0.5565336768314573,0.5057544928163922,0.6749804419256368,0.5026095114178033,0.3092797232499022,0.688918958188272,0.55818954201648,0.6791061948170111,0.812483014562716,0.4275097768915269,0.8289374453464811,0.4116804696817033,0.40948199869874835,0.30820102705388086
2.0,0.6319899375415053,0.7477304204824957,0.28879032183855824,0.5657174074189193,0.6029633672833813,0.3112240993462593,0.3173522440033846,0.5944721577554632,0.10658139466848716,0.774062988856784,0.6593071370962529,0.11609228872212454,0.8618447130582617,0.792984307938761,0.6325235843215439,0.7265941465602409,0.6355941567655353,0.6899358370643176,0.5323914166968396,0.6725000046082245,0.8423425133002322,0.34521330114656246,0.5928133749482232,0.6226034475031257,0.21230805998262678,0.5655631678681271
3.0,0.5157242656949883,0.7485637718780513,0.6656399596596468,0.7079050603475939,0.9660337378583156,0.5222543555645757,0.02850386443434917,0.7790112715816422,0.676360368181641,0.9230615045586845,0.6001486341000437,0.8019844016305405,0.31564937294365436,0.7076872197330125,0.3669404504224845,0.8686344163733477,0.43600702330181523,0.2733073135582654,0.6216415396916906,0.7074533988998777,0.6576153707479224,0.7333720283001383,0.13345271841976883,0.24362294486945008,0.24029508954308465,0.3129727442081282
3.0,0.1108740434177151,0.6782304429418605,0.31931317934660264,0.8530425626481787,0.23088232260623656,0.9306868898091504,0.5844972362743339,0.800645518735466,0.10824474479936445,0.9334184008390405,0.3267978136027527,0.6340849887025125,0.591259804878629,0.6875176923112664,0.33933341724280996,0.6729348575261875,0.7360397502837037,0.5084663433360818,0.8171615807105271,0.8690650451936647,0.6105683744716122,0.40796865017122474,0.37394547827724894,0.25176587295977615,0.2840181720798913,0.7791229318303212
3.0,0.9532420436687229,0.7413977026447487,0.6044746470012994,0.7778767425801104,0.6497508430088024,0.46807714013290413,0.5212277463707575,0.8308950643875838,0.6803541836376242,0.5230387701681811,0.6860058021273974,0.39798063483161317,0.5946488773229517,0.28092193800955745,0.36225387154984423,0.7597533865778441,0.6555919568679397,0.41021097983805593,0.834296138468969,0.6941667290636394,0.5672425917362443,0.8298722579157007,0.6828922008007206,0.7175227571119895,0.2590238108318556,0.4906125594911974
4.0,0.3409276967792152,0.7773583074593876,0.7650652076788345,0.9190025259139578,0.2814922536458936,0.10842073259027132,0.411071109962278,0.606512778791905,0.3180691602409755,0.8592883284737826,0.2303048087781649,0.6824971891915963,0.5677000961182741,0.5224880520079511,0.5032476408051398,0.24511888490041003,0.7235948072409292,0.6957579162809603,0.6145664119759033,0.72382601427527,0.3585619071709209,0.4981042615404273,0.658518590124262,1.0,0.5065116188412337,0.6703434799181571
2.0,0.40411799433703005,0.7489794938411697,0.3090726111577684,0.7580126883441204,0.6265927800793805,0.30946021767490545,0.2163568336661528,0.43464171175630933,0.12240812369378123,0.6296123204112437,0.5109804706871497,0.7830011698452422,0.6219694136113342,0.2558058214357525,0.4648298898604546,0.8738572370840139,0.2451775639264004,0.4537096769510466,0.6450223481252408,0.49823053294859326,0.4343219108036451,0.2819084059388451,0.5118949715413106,0.8062268692319547,0.2001902711921627,0.7095949766793539
1.0,0.4544595251575934,0.7014474211711532,0.2669094097784514,0.7316310155840982,0.011447124265662452,0.23669030031010502,0.06532842306552132,0.21571927142917527,0.07696377496783541,0.5192842205940738,0.49463475886003,0.40171389834675164,0.7059954195396885,0.4484886014834761,0.4746488516476218,0.7444765458897271,0.684049403951686,0.4577962645775988,0.5850435852877361,0.46045434247338735,0.7373356154778951,0.2605010859734368,0.4418346258813638,0.2788987374174889,0.017553543814384134,0.6235696968724478
3.0,0.4737493191941017,0.37614620243084756,0.3686922764768795,0.5267576619269284,0.8132059679731487,0.5820671174125451,0.44792675176135743,0.6877094780472854,0.9502537612514113,0.7901046494574234,0.5375026141100933,0.043835500540766084,0.4931048430508148,0.6512073026351254,0.2748238034338933,0.8526632091341318,0.6640655358630924,0.5597110217506013,0.6072769953216944,0.7052140959442691,0.7563643902127372,0.23040536002443635,0.40907862535077294,0.4317726004119725,0.39833749580377253,0.36569869510002956
4.0,0.23997271711693766,0.3627690041373511,0.7910775725939163,0.6267537194072992,0.36848572591037515,0.29210082133887605,0.16567562225183552,0.23485807102118542,0.12537478928878912,0.6670431602688445,0.1642594094476955,0.6055391719898527,0.27851511409132523,0.6995430162690154,0.45120394790654245,0.3160267472292584,0.6847462437890075,0.9424765519167285,0.7126778792649424,0.25114450844433783,0.8624552697748721,0.09685444132303582,0.37158627664774024,0.7321428683280408,0.43124101794513614,0.710176102331004
4.0,0.5757427570981545,0.8501753753732547,0.6976704254154683,0.5726422556434377,0.7233800572605714,0.06854510996797288,0.5770506867907004,0.07633677031880619,0.1885248006650376,0.8054207753119385,0.0320377514867685,1.0,0.8059237177084952,0.679725124788225,0.2872897243442127,0.48881214787914573,0.9083451678091131,0.46456115209499943,0.831777111619011,0.671984275363452,0.8786977154290097,0.7967418844992539,0.6245226863523132,0.33736245170021556,0.2523717856304207,0.7499163256983097
3.0,0.4769907703668368,0.42934262936908896,0.7151325849680223,0.636302086313221,0.4512445324341033,0.34926151929188354,0.5751231616409329,0.8369846250279491,0.5774583163533253,0.6815841589796381,0.6468207870782294,0.6723281588896013,0.46143544758977406,0.6720802944061621,0.39780106495570466,0.9446154303552229,0.7329158477502353,0.29024156329756695,0.8145916627569403,0.620380702128327,0.8454306149288338,0.8144900872925496,0.27991796481139,0.4754302373253619,0.09702962014248541,0.6199984805878056
3.0,0.3088219491361709,0.11049155066708984,0.4563746823990412,0.9375926063458534,0.2764424537580979,0.24990078279108158,0.3923669496483596,0.3532771606518548,0.18565670202863566,0.6692988957031278,0.2670693132282303,0.29517305579840963,0.15460195124744835,0.6447332664080214,0.872817541290006,0.27213796360312775,0.8275167949644042,0.0,0.6291031049220853,0.9717073550687085,0.4166117955629803,0.34354414222776075,0.24057384563682338,0.4025251145854174,0.43537810862444604,0.3021208458344418
3.0,0.5691207628956385,0.8227662966902033,0.6150734763332066,0.8436583755673049,0.6189032502283504,0.19161129851659364,0.2655750117223214,0.6426439488924004,0.8588475559728524,0.6083959959424428,0.9011257057106177,0.8427681553537143,0.42694618707220994,0.47242902368220135,0.6803451510600719,0.2397116437373672,0.6875139459783521,0.20826144480412392,0.3921432391127024,0.7312105331214203,0.6412383824277867,0.7150279384365464,0.6639545904863342,0.5879025401706129,0.627253392207394,0.5980005524264981
4.0,0.18768148782153282,1.0,0.5901571591306001,0.7201642982535149,0.501349587994787,0.0,0.6208695889753493,0.12831050424685092,0.09253334899375303,0.920508033564407,0.07175110640937166,0.6783429388559782,0.6411053477152522,0.6209957539374963,0.6177629292179312,0.38767481972374956,0.7203069855589255,0.6901898547650923,0.7335514851548655,0.4928729063566206,0.9115311585020474,0.6252054161387515,0.2696876671806624,0.28261329848573546,0.950525287833083,0.6928186768322263
1.0,0.4293260867019301,0.7531022002196136,0.25607679648060394,0.6372418530709445,0.4914416703263698,0.2562361401918135,0.09720644679684827,0.49341807657580383,0.15451361259467325,0.275910321914641,0.4401436003920478,0.6225087171848038,0.1861496849774547,0.36918357615612185,0.4206015131438167,0.7909081660187983,0.618877287762812,0.5075093286273392,0.10548393805675131,0.7043125312436002,0.8254362587630004,0.1671377489265642,0.3200570323554182,0.21133485675883287,0.1786158724247162,0.5932123042853412
4.0,0.4769907703668368,0.4475164086589018,0.44701164023371226,0.8324470669817087,0.6036626343928738,0.37094764214241893,0.5107755155895376,0.04239993195175368,0.15330960403007732,0.8631664657913984,0.09686454795793759,0.616936217025499,0.6428277568808851,0.5532563414637164,0.13288136266680303,0.621050667049541,0.3437929693209533,0.8394190556503841,0.7483224270913563,0.8358205848486941,0.8621934092508468,0.7496918799774389,0.5003522795862471,0.8840260289145473,0.29279233366512575,0.9678308412259837
4.0,0.22809600738104172,0.807786107346689,0.538188165217312,0.617418597413703,0.3734210469388496,0.4079034602732343,0.2687516997015958,0.07276232063894468,0.18757510623444004,0.5829857675778272,0.4918345581266634,0.712009112234283,0.5471620844853734,0.1004800957931069,0.42824294470615615,0.9783683734000459,0.8543510229286294,0.6390633931982399,0.9536368091323715,0.6171633568613245,0.9082489368435972,0.816645787431228,0.48087057526520693,0.4610821853221949,0.31481043001601167,0.8833300110453708
3.0,0.2246217881838162,0.6923965846460399,0.2544942055991152,0.7319829879466834,0.5693430007466594,0.6527246005054816,0.7444137166503538,0.9188343163011577,0.6169666172254563,0.4967958645755609,0.6443937608653972,0.7508938336259928,0.39353236997300917,0.6043220982033277,0.7631431216126449,0.7444765458897271,0.5558855071856219,0.5248750790496582,0.8895782988179026,0.6667655182847234,0.5719866928594198,0.699007243983545,0.36361253701901924,0.17337249023756454,0.4295671601257106,0.8324445153839133
3.0,0.7715163969653784,0.4225466239427497,1.0,0.9024561193579336,0.37724631601625863,0.33311911782200965,0.19809210209332453,0.7406601924814715,0.07696377496783541,0.6614344388028993,0.33156739706191674,0.9400963208975706,0.21313418853053742,0.853089861213097,0.5051874156473954,0.23143084921592033,0.36777353351666947,0.6776470616574339,0.9806085379212363,0.7118706893781731,0.7540099578348609,0.5316357480825303,0.4217021871840007,0.3806815036345836,0.3775767224119396,0.6946644996891024
4.0,0.013609199340386074,0.4306817263830214,0.7096385694936503,0.5709246635344059,0.5945271446612951,0.1739394566704239,0.7118461416284004,0.28368757086840873,0.044858286066943295,0.8871112562967541,0.3002893109526315,0.19853555504422205,0.9800767635585848,0.6340270097370831,0.4046932636680691,0.798758720141083,0.6377111884199806,0.3755829520322047,0.4795596472309848,0.12673510864231738,0.4734523754708607,0.5262881532085774,0.3200570323554182,0.6496133223533903,0.0,0.3432327808523866
3.0,1.0,0.2972067325314631,0.5466308805467914,0.5483546395134766,0.6495852722146247,0.6308908067342257,0.6470662783608682,0.7796716530762542,0.14068060855000947,0.6791699618496921,0.4723214149099891,0.12647439519652587,0.6493909648410294,0.5987045257244309,0.7957216585523913,0.5446504788728814,0.4191079757576985,0.19515841874854947,0.8909684311721064,0.50656305037465,0.09105542020484586,0.6136129523563626,0.7261033981842024,0.21802809998526537,0.1786158724247162,0.6964983495567271
4.0,0.15479096983937016,0.614852365224782,0.4289806291826591,0.7778767425801104,0.465026461369844,0.2671184795210019,0.48310527951383164,0.30354204108927557,0.15087093236283466,0.7332099130491553,0.3460674260672984,0.6197327107639274,0.35481576985026764,0.729242182720164,0.25733174513445417,0.6747621991745064,0.7481515632751881,0.5534069137773514,0.7076414447248983,0.5838795492264472,0.6559083493821988,0.2656511188394669,0.2898746920265613,0.7284090604858042,0.7839496135303172,0.599721821244064
4.0,0.5358595095143095,0.6438353963061455,0.4203810583973635,0.721982534732448,0.6519416276142578,0.23950891376310102,0.8676878083507827,0.24773109731214174,0.20206565013232855,0.7317129308003681,0.12754325778757908,0.27148264321065096,0.7429456917181795,0.5754606926756336,0.5202598046428295,0.5413901459947805,0.8309884299915083,0.4478843419643791,0.5211526422461609,0.4772069258796312,0.7460071769378149,0.5990973400216809,0.4483106049637124,0.6131306672850907,0.3527085955851812,0.7176240059690236
2.0,0.5721474159270805,0.7807065424083501,0.2607711721451892,0.0,0.3208492997589129,0.5123157696158219,0.47959139960946084,0.7815694775792493,0.27172067710626546,0.6431123440454057,0.5983234318621495,0.7601422573257514,0.3785840791499085,0.6631538104055723,0.6111057124120015,0.9150230841314967,0.7568579060386847,0.33266158714119853,0.8762714212915498,0.6406039803454958,0.21251903341475212,0.38780642443216806,0.8382896893989089,0.8005663056542001,0.2331277009061579,0.7980364425964243
1.0,0.5084828709005434,0.6934172064157779,0.3255269496559685,0.6291669227593043,0.3519231493993028,0.4938402312272762,0.10678174884768113,0.34014446249524816,0.12683549405680097,0.42438653735429155,0.37072816760833754,0.27322482182762703,0.3226613916699051,0.16807244676823319,0.22896395356829483,0.20526286848214742,0.6202393248458741,0.5973820679237996,0.4110454769762266,0.6024748035994127,0.7163793015101981,0.2710274158364579,0.16222064173941347,0.3260766761710392,0.22198319801118185,0.5118795393405713
3.0,0.7388490112280035,0.628115600595893,0.7571254670372559,0.4125213693178605,0.7175513640649428,0.5632478298670499,0.4086792008403563,0.6619240025354383,0.35032844732203855,0.5906534481184326,0.5876172268358213,0.21510314170601175,0.6612179421526286,0.7387207911097347,0.5951943310838445,0.7937152835910953,0.7672608165207541,0.49625865659460117,0.686602193870095,0.44245311190163383,0.6288878049231774,0.8667186979357909,0.33861258572125663,0.6408330940295561,0.3134887362859979,0.5486050057812624
4.0,0.21577101545459865,0.33952492776568943,0.18241654155468187,0.6252972529325036,0.9057633020823339,0.12514268279439633,0.8586757967725908,0.4043061440888592,0.20714423091207362,0.7868206532601526,0.36275408466477754,0.3694181116420875,0.5962861193120848,0.5536025008995173,0.29924668781863406,0.8602266205756928,0.6625465292111198,0.691458733724655,0.5738466446458954,0.6543165425112308,0.8579680450946563,0.3625951897895796,0.4105025636503595,0.8949972813172412,0.4085717098176428,0.4492316075685801
4.0,0.35175432996879097,0.6209008286834572,0.6824568350536125,0.6963493704518834,0.5377479273603547,0.23224298290241027,0.40928259211573337,0.34014446249524816,0.17669253244743735,0.6475701077292322,0.140418933975074,0.9118540197447447,0.3345407143756699,0.5582375991948765,0.45120394790654245,0.38152593254919015,0.7539900399462471,0.14552275143681,0.7509938287488369,0.49069614335070166,0.8627168716711774,0.1671377489265642,0.3562871975967535,0.259728832023219,0.6759466269642554,0.7627357069797552
3.0,0.5885970417247948,0.5854606107167464,0.26231849619300324,0.8221798808324918,0.5062607248846219,0.29210082133887605,0.24960090432687815,0.6893394795289803,0.5473052424851552,0.831336287819614,0.7533036568855132,0.25724911324746325,0.8828461621498002,0.7642097101543391,0.8240618709150406,0.15290220090556705,1.0,0.6064582953491698,0.6835745964844396,0.750239372754999,0.7948401410523707,0.7525803701149849,0.809010276451212,0.2655876478168508,0.3836832268361642,0.5338328196671871
4.0,0.30611177985155985,0.5516555576016725,0.7443656065201212,0.7928301421673011,0.9588907799989047,0.21329764816462443,0.804298821499446,0.3583190963117278,0.0,0.7768927080362781,0.30533517979676733,0.840441086535176,0.7527200436125828,0.5991517999628031,0.125907106262163,0.37974784563461056,0.6946337826027325,0.5357327403353477,0.7354481917276628,0.34911260650186104,0.5781828092832376,0.5808015422207415,0.3428975514370395,0.20907585730649922,0.3925766729951691,0.5501429109152622
3.0,0.8525329284702945,0.5120658526861093,0.35355851276408534,0.5691980551525305,0.34786444245723114,0.487468858813258,0.6202055884641058,0.8530280943975025,0.46930788293032877,0.44763139692074033,0.13728140904718306,0.8909905937914121,0.5598809848387237,0.6322946198512849,1.0,0.6938781205176445,0.8349774439321394,0.7368053790830162,0.9815617701317013,0.7622590761820769,0.6835298129905715,0.11456945037380399,0.5140535828710416,0.42436872553625105,0.19390784160697466,0.710176102331004
3.0,0.6711785601020621,0.6999596702839431,0.20034172522848515,0.6786310133503127,0.6663101049563321,0.6481588165634565,0.6414901211333307,0.8504812866082054,0.1746223070349371,0.6265451211661195,0.5067084724891185,0.12902607609628333,0.6924273823084599,0.6743007917323193,0.2481777210463876,0.7625581171166236,0.1669139866065001,0.19184882110552637,0.8786799203212837,0.6310099037214959,0.3106206418674142,0.15375464667458663,0.5897522703557984,0.5414828670098063,0.12352555463881242,0.6509811700734526
3.0,0.26250396232618123,0.5785613638820976,0.44220903155552166,0.7071471841103342,0.19666143044122178,0.4722681328122641,0.38507969421075255,0.3743209884647882,0.1339245231042733,0.6522839998053356,0.4005475747051047,0.29352913486122006,0.351186459223805,0.6296100388694992,0.3235914538056155,0.029637701561509595,0.8273224760033103,0.46959750580234466,0.6394569945495001,0.13161646778255237,0.7958517472411958,0.13612224073828788,0.3723743391886016,0.25775452991963954,0.26065999313221977,0.12286145951556406
4.0,0.5787089312090298,0.8513191575098246,0.3064523657975275,0.9097081516753303,0.674510940528648,0.3651170711505897,0.7986452267324893,0.11837752228054661,0.205471209923599,0.8682462706824216,0.2322277802881205,0.840441086535176,0.8231565645075003,0.8050515081091781,0.4114270069096168,0.5164423306208596,0.7573757477487182,0.34292391770809566,0.5937086973844474,0.6709495026493619,0.7199891958659314,0.7301349601031074,0.3707965427110547,0.8435406140976035,0.3251438490608592,0.5655631678681271
3.0,0.11578501603016918,0.7370926258418175,0.8941819459663021,0.9557229377336358,0.5104618066421158,0.45443734509079864,0.14527108313813114,0.24272925127317047,0.33058819913651716,0.48945999723153333,0.2516058122192237,0.6842637340307306,0.10514037925828584,0.6405998165296097,0.22395690975049065,0.33082948943481305,0.5999536692558238,0.43085213940099365,0.6079196948185083,0.7332223603935863,0.9512405844825988,0.34354414222776075,0.4495923942210805,0.35592325375581674,0.8280675283280644,0.5557113860583823
1.0,0.7057644357950154,0.46099134526638597,0.3205671044932743,0.9409642341295121,0.05017687195223689,0.2690652278560807,0.3237078058811151,0.39300401190717077,0.13666514280227443,0.5841644980421152,0.26332056451319574,0.616936217025499,0.22037881738148374,0.20494342884468678,0.5266176806657704,0.39027536662926937,0.6381324078490023,0.5182889713636851,0.7105921572137683,0.806902918271638,0.9672212542732542,0.3447368465625398,0.4832161541177872,0.594182598627108,0.7981443564739655,0.9625308364615366
