Type,222533_at,228608_at,225592_at,202535_at,238147_at,209987_s_at,209839_at,234863_x_at,201616_s_at,227766_at,209200_at,221972_s_at,227550_at,220663_at,208396_s_at,219736_at,1556047_s_at,213295_at,240228_at,204162_at,225704_at,200650_s_at,218418_s_at
1.0,0.8252236644582004,0.9779461209327469,0.31235860738264665,0.2300407149298846,0.9250195924990045,0.5369505413389404,0.9714975149364848,0.5300715255480304,0.13068754849370046,0.4691344160279023,0.8920646712471041,0.25054731958468934,0.6388881606137042,0.81590694644735,0.8275203673504861,0.9638351927128052,0.9145641814094697,0.9091522944332602,0.7049640055037959,0.07227667650978488,0.8350823295737694,0.6185334111432422,0.12889880123642075
3.0,0.6235470965021165,0.5769628879589791,0.7173796435082233,0.26210984254252373,0.5518176662655849,0.5158837826128012,0.37554304809164274,0.7294559481374695,0.6261438495060873,0.34766458845350173,0.34267122474906414,0.6690570663719505,0.09964130462408033,0.1959416871108074,0.22626275161776593,0.6729280526136537,0.22591022252217624,0.48488583496156895,0.336149437555712,0.8065330461031186,0.3798722312202001,0.7136282702547363,0.7362459132262499
4.0,0.7533535689293788,0.8059370729558665,0.45592037396158624,0.49225324681559174,0.513627354713618,0.8594752278425242,0.8136593605654704,0.5788477153260488,0.6041827339764227,0.40703399309148103,0.3000228616122654,0.4871780962593885,0.6373895398859717,0.39607726792444403,0.39773568267517817,0.045024592062826746,0.5539932505276157,0.5646288422944825,0.8864027801444605,0.4875111313421607,0.3569801096141946,0.3529803696170162,0.6200212441158635
3.0,0.42994818472070506,0.8255394252689003,0.5658489441955628,0.3786006356250769,0.7729087816507307,0.6709586060673021,0.8952090773033097,0.5946479556207477,0.3793475004296395,0.28424381786273506,0.29085864668631684,0.45211329743549383,0.5009255289248794,0.31042930117062584,0.6589028508363811,0.51473622324187,0.6947236457369542,0.6377106922016915,0.5141802816400581,0.5829330500373989,0.6779740696558199,0.48831513463468856,0.45361395318072206
3.0,0.26693565279121023,0.6337788326006014,0.6005244109445481,0.5781756338197565,0.6714271179687678,0.9222346990904174,0.46977948600878194,0.6913012121064881,0.6127116345236604,0.10653121806238187,0.5357115776504756,0.6061007129131444,0.4044974547395855,0.4402311209270191,0.4081648675539166,0.5900938282435374,0.5748912543378677,0.3076789810768096,0.44341710957237973,0.8763570798870018,0.262163964568918,0.8294083308376341,0.6175324693070771
1.0,0.9392483839993561,0.9398611182168641,0.26410272824818043,0.20652368206582777,0.8172214049842587,0.5301128558477832,0.9841151188111765,0.4388459944974091,0.1437813148056547,0.5277026141830322,0.8396574595736169,0.23514709782846974,0.5814769014805586,0.8338437341197632,0.8132489162994528,0.9734048085805594,0.860600859781164,0.9147668629341642,0.623163601656792,0.14366985960217515,0.8125817250109555,0.6168135033242887,0.10561158688687998
4.0,0.6661487164912783,0.8644849089040242,0.5362951471423953,0.3608456919048928,0.3839125128960673,0.8413187105213181,0.7922290969728044,0.5780542382356381,0.5929438487929837,0.3783938582683462,0.4776793430087518,0.4044437760938491,0.8663791839516857,0.5648359121356453,0.2391413002720809,0.5151185177285124,0.48287038494599593,0.8548687587380216,0.829227054070737,0.6183967788344266,0.5313571968426493,0.6584355748330453,0.35432568634823997
2.0,0.7647121932608723,0.7435504144367967,0.5114366918052523,0.608089615327753,0.5893641402773065,0.5293731471766561,0.7064792077112373,0.3357406614505936,0.37909592550224613,0.2957249451536274,0.6674014883386684,0.35171693263861814,0.6460943862707511,0.4903497128542733,0.6206238919334222,0.7150640637197996,0.6248805467200083,0.5923442248472683,0.5083587689744844,0.5753263786647447,0.44453764286249764,0.7661659870695995,0.4061319207000428
1.0,0.9681282361997812,0.9803229164233014,0.3610964713222811,0.2243671213147609,0.808087158611876,0.5761204712873578,0.94657883267053,0.325869452357413,0.0033492303017908323,0.5043723528095416,0.8846095212652402,0.2607316636969583,0.6446557806282116,0.7083848169726676,0.755183434836965,0.9433065099139264,0.9082826645286156,0.8691376350132485,0.7411362405208721,0.17546425231088464,0.7527489883151358,0.6700743988083822,0.26212290155982715
2.0,0.8272742311526531,0.8919801946502561,0.43310951527456854,0.2920104071610529,0.7242317134771552,0.7659484399438397,0.8902312240105683,0.578167774558622,0.23483666043052284,0.3820737156079349,0.7548712771368653,0.4337683424637503,0.6232597563786139,0.6853740849913188,0.6207162800708729,0.8537338697833261,0.812854408522544,0.7481890362860526,0.7485565636202082,0.4853844065458852,0.753851410616504,0.5536412209885367,0.2315028185422548
1.0,0.8224795692589483,0.9312345204962645,0.34516578815121607,0.16258504273955496,0.8253694674096703,0.41207838142099096,0.9590497862662359,0.2729933178114438,0.041843896215206094,0.4105070642653191,0.8718201292553377,0.29001741478993254,0.5768468960956556,0.7170737881742468,0.6860936674570437,0.9837405236487012,0.9161060748138644,0.973762890622305,0.6940922425657924,0.2319581906888376,0.7081153682401005,0.6245795174459128,0.2341163305899942
3.0,0.65767006585005,0.3665051369336876,0.7382066562993037,0.6880093149856047,0.5942991766935126,0.5862116243603234,0.3258947625200648,0.8108598780607332,0.9505197776161981,1.0,0.21985494394382132,0.8904942679458284,0.4590005289219087,0.19953149829630595,0.10924534240636051,0.7191986790393123,0.4009241393512058,0.5078714943859963,0.0,0.7683397875742978,0.21640214925896945,0.9998291037761087,0.6423992632387314
3.0,0.6978925030779958,0.17339119906933007,0.5959055251758685,0.6259264075850721,0.7201166140231556,0.0,0.3157143872718072,0.5940170409911796,1.0,0.10079419876608796,0.3997972577051143,0.930222028142571,0.13042095178380134,0.015327000959645471,0.19436240305590158,0.5214981865733439,0.32095962151812985,0.06429132801349606,0.15790284212267863,0.7503848519646106,0.12176712482375882,0.7143167310092049,0.804854949721286
3.0,0.5398213074650562,0.8196972646889034,0.41461751549769016,0.5826560495177276,0.5565773772722324,0.5800392782459607,0.7644032200045121,0.3000251410673602,0.6763576265585661,0.3284811173318039,0.3727619344974902,0.3882273907638506,0.3525813844595714,0.6783040213806788,0.3580953387269495,0.6558795661832229,0.29052268797699254,0.7734277830602603,0.4176261572071481,0.5159378790054987,0.4836955420594849,0.53850612209286,0.5445489497970865
4.0,0.7602867929334219,0.9285728399456596,0.4123563716864415,0.5090067869619938,0.570491966017667,0.9065394489599126,0.7176910338791338,0.5578089415463138,0.4114374409012195,0.3435605586675309,0.26095638236077007,0.2450470459377851,0.8155956659329794,0.6103314488005555,0.5031338521120777,0.7313432064178945,0.5524484431922112,0.5492555362568355,0.9446253883239292,0.6065418241198994,0.6635193066908313,0.11564429727916453,0.21565963614920355
3.0,0.5602874396600094,0.25311015915782364,0.8417376912077859,0.46276194000368964,0.3745097295863902,0.5272556827663631,0.15166832241498118,0.8560806517458818,0.874107517455228,0.2681456130213893,0.22771433794344526,0.6672991488560238,0.05482556228519553,0.17335482948575098,0.2326473887374483,0.7923516036027555,0.16303447585216557,0.18254791564113143,0.36741627374149044,0.8038671760255717,0.06998257089039206,0.8535443864686532,0.6231309965469077
4.0,0.8809375277894536,0.8466175106289585,0.30092834063572466,0.36162836578469215,0.42218616927543273,0.7932608343165968,0.6912444938529473,0.46189203992486727,0.3003489849370088,0.40820812005441537,0.43744835245081143,0.17012220591412014,0.6338060632773006,0.5423217456940811,0.47642850420082966,0.6638417320618717,0.5841095571570024,0.7389621110263543,0.8228882022987459,0.2842701629529953,0.5541446313440334,0.31066672318857463,0.3396285415387544
3.0,0.5951597330721173,0.7539527125542161,0.597009292540289,0.5603937371949749,0.5390242022454721,0.6996118825609089,0.7260723895361662,0.499624800593679,0.7205616814404134,0.3812374986782516,0.6301473867916864,0.5484851663788974,0.453011786262302,0.579116778324617,0.4387379913902188,0.8236832651442947,0.5765225361344231,0.7343140377986451,0.4812595382412028,0.7529510942116299,0.48567147556512,0.7143760638288627,0.5362266627466012
3.0,0.6910515127108793,0.7789159236022545,0.6336836566199304,0.5599212876197815,0.7897002650487343,0.6395246662918661,0.8005060395809499,0.682339066881915,0.6327862449209202,0.4583123717549833,0.4916330427977337,0.4223526381314634,0.46384091451414594,0.6213044624577244,0.41757941208033184,0.8303468600624927,0.31927326413592816,0.7507883342448919,0.36198094592291696,0.8000356410082595,0.40138778447461687,0.8225069572306407,0.4661222243744554
4.0,0.5361756650299845,0.17720959907605616,0.7234067279182044,0.4265316238571423,0.6383675264707452,0.8381878602717819,0.46168936413535483,0.8389029646751033,0.5171788940557975,0.13497181895862706,0.33587389714343,0.4776254813333829,0.2574840574569425,0.2649904215021986,0.2832628872186486,0.6410211714762899,0.2374389353919479,0.37331788006549776,0.419663357709894,0.7981259352365491,0.3322384632891797,0.514022528867958,0.3846431551288127
2.0,0.8270395951845961,0.8678629840377817,0.4534991886309141,0.2624161371765103,0.6981540167266289,0.7166580679794944,0.9157028561905043,0.4198073491895286,0.16836400853135672,0.37507762832280767,0.7606438450408102,0.1958087003602626,0.6690953656852943,0.6094811612020853,0.6065128066232537,0.8458276561808474,0.825266889509023,0.790189706604526,0.7869930740162492,0.20403072198614033,0.7254748416101702,0.5503813641654349,0.3108127322135434
2.0,0.818838838417197,0.8044718736898872,0.5479531718114229,0.27992594399127196,0.05833992839998061,0.8573114044998064,0.8163602577639003,0.284679241017161,0.4518822576949029,0.2655153582352469,0.32321622515346615,0.21026942388390743,0.6768613310527286,0.4755681803946643,0.4453262677953619,0.42226738388134477,0.5755642131931582,0.5340786793785594,0.8982774523165037,0.5987475972630679,0.6365757211819716,0.42399620299420654,0.6117143350248546
1.0,0.921515397367543,0.8880095698153646,0.4581332190146762,0.32483304199546326,0.8140466333003278,0.5703036491555783,0.9459853897265533,0.08398534155119447,0.2592234140962527,0.5054524904799382,0.8481751780189576,0.0,0.5878473451806406,0.8339141119213639,0.7652881244086055,0.8780379736176719,0.9106521911775126,0.9124169379480914,0.7139815798786866,0.16661799443642,0.8917069423738075,0.5622949071515424,0.37029274839774307
2.0,0.5317739884634012,0.6297590362813096,0.6321489467079748,0.6040548562421583,0.0,0.7074030380211747,0.5209933101707784,0.274907008668378,0.4912740233295641,0.0,0.5799850694003801,0.5271414260695434,0.5045287548402677,0.5022567282458167,0.5252474266313284,0.5859925183967982,0.5368859049402458,0.5818483736998907,0.5300705665528046,0.33416313451374724,0.15898189924045292,0.6061717365350393,0.5697432048548905
2.0,0.8464208075577244,0.8416946670425669,0.4286440821847272,0.4531718237401123,0.7278458423785468,0.8781440175462406,0.7961090991478431,0.6844781953505596,0.21473887360636532,0.26967936554817873,0.6069203587052256,0.36079295966435293,0.6649121650501948,0.5665844732121871,0.40240716720783776,0.8339243097151323,0.6680208454811805,0.5669710928056609,0.7323166719026848,0.5103083607363273,0.6455017400038787,0.3156229969258377,0.2950237178197411
3.0,0.6327621751054588,0.8036712088235042,0.7107832079968908,0.5737548752394125,0.6695520817799928,0.7901402820707727,0.8257502880182808,0.8051174525163463,0.7613816580378872,0.3868102832576862,0.557923243887827,0.3988037482957305,0.5159885164728836,0.536270009881274,0.44902771104785755,0.8230695711522812,0.5459053859611861,0.382666938452087,0.5054187212195377,0.8379076614911847,0.5475017750335687,0.6924520828343377,0.48319125150961184
1.0,0.9328520340309727,0.9624188008460023,0.28670310202204263,0.23358044878529316,0.854407001740403,0.5503856324278446,0.9633583344139758,0.203660845295432,0.12995677564697683,0.5111166379771421,0.9361636587166114,0.3084604121764777,0.6181412019762078,0.76289601424529,0.7061012530436751,0.9155323429666065,1.0,0.9425138052918027,0.7974419367058011,0.44873471605309595,0.7012468004440099,0.6214023004153605,0.20813047225621073
3.0,0.5810041876292398,0.37738895746471285,0.7046240779447741,0.8199207918082404,0.5325989121784132,0.7296622507073544,0.1268894785689265,0.8288435719272995,0.977029340383327,0.3277268825354268,0.4360035350376667,0.606160178154358,0.48189237138615915,0.23661034252174995,0.42813629544683945,0.7064140011210485,0.19098042734884338,0.30727724658278144,0.3897957709911588,0.7686595904983373,0.06129803878016754,0.8238127902984728,0.6949928865249817
4.0,0.7460084533752287,0.7042117899460612,0.7192926102918433,0.6919138575140599,0.515176656111976,0.8393103273816307,0.6901261237924847,0.5691236390627537,0.4799679817723354,0.05005299837417298,0.4750196178106899,0.29427167491521333,0.7200070867022441,0.6099597727313437,0.444114100638966,0.6175060125862858,0.43688462121185345,0.2765161070831725,0.6098964090372762,0.7533646993307226,0.41660300360189967,0.4427028293145941,0.5080682897030105
4.0,0.5589405721191382,0.8523229943444286,0.434760538568119,0.3803736369118058,0.418176724138495,0.8638997110400696,0.7919699857559787,0.6650776455002879,0.3861201138959497,0.3942830154410756,0.31957641601610054,0.2516632639134606,0.7553907884428348,0.5805402479955254,0.6295716519853314,0.6839263154550226,0.5767615594972808,0.4419274398474198,0.9487562507626645,0.7573813285413594,0.7304027572218156,0.393459239853503,0.3192842334914753
4.0,0.7791445300278074,0.7888834187355549,0.5370867582944125,0.33130263981253594,0.5675368865453421,0.8141712354383482,0.7627947318488476,0.6467738532859262,0.24957394500481217,0.34539608749066625,0.40308571280854105,0.3226942436631337,0.7104032574771111,0.6198733782475856,0.48554733679342355,0.6065660350479236,0.6396810131225518,0.5578628341062288,0.9050453144811034,0.568131347066649,0.6395834223732426,0.23269686646905183,0.27581042893783914
2.0,0.6914713340996229,0.7332493399742953,0.5606846023206113,0.5586912226455589,0.698224877671549,0.6339853195276723,0.6988971406938262,0.4243193300584567,0.6751767120939823,0.3626409215700169,0.4071243790259936,0.5497352063791465,0.37913059519702247,0.6328828837533054,0.37712239376525675,0.6465028017253008,0.3027449328481457,0.6561486803452434,0.4352087611403955,0.743548337129222,0.17990441537278676,0.6147656175243663,0.5810924168272571
3.0,0.7293607323532588,0.8011794412780657,0.5325696176828459,0.5230134891368445,0.5634441970511797,0.629876184056636,0.79303062439421,0.49680858682682677,0.6567979334585768,0.454821755412056,0.6324886159642006,0.4304490303248864,0.48189237138615915,0.5267181389737717,0.5446435795109693,0.7287088426452647,0.4664141638574908,0.6581575656344172,0.4598513388633063,0.5903463562003329,0.3979948773448637,0.5938392053328554,0.4832170741598174
3.0,0.7144867306280416,0.8096492277401741,0.6067227382275596,0.4102423086874676,0.6520328096845321,0.6282161383810568,0.7920736627546613,0.6100337502841163,0.615642027890737,0.382868069317297,0.7811705753843191,0.4033373130457204,0.6407613519974902,0.46449916677074654,0.6599327574437248,0.8523288871064464,0.7393593997548165,0.674379492937658,0.629171239071352,0.7389398389971152,0.39875861851547917,0.5757233398929581,0.5991605904372536
1.0,0.9028718446531809,0.9039064096846071,0.426867171903204,0.21319269166949947,0.8531192579397605,0.5312760733467715,0.9049566834311412,0.23055921231689186,0.182000726870988,0.5330852586944074,0.882609247521223,0.31127588356669483,0.5658166968571293,0.7909564948674724,0.8329812406238685,0.8525503859829868,0.817914007149778,0.814256362917811,0.679162112509242,0.07789501135079578,1.0,0.548305512492153,0.2817993810603159
2.0,0.7262336923265335,0.8670232425939908,0.5706867331515432,0.40540402992305397,0.45662855683747133,0.8708916641547705,0.6800442657681481,0.6082691108657713,0.5794530381599011,0.24524489612183256,0.4691165550855184,0.4580980365846115,0.682948650349507,0.6105966232550841,0.45623348918442763,0.7692505779925506,0.46282885177722516,0.5204175848213376,0.6657463911949606,0.6909541375871135,0.44968682760844997,0.35465291806961374,0.31438371721808633
3.0,0.4250849492494907,0.1955978819934997,0.7627198597687084,0.4506944012127989,0.5495164016227129,0.3764091930095981,0.1532657110722691,0.9505433955062921,0.6940774725537305,0.15543649603763068,0.239369905603785,0.9200894468587766,0.15771337242011174,0.2174758622256275,0.35485725026141324,0.8853310029057767,0.09764943637385834,0.1940332257316479,0.20994372773808775,0.9341125519369675,0.33919072728792815,0.6523395159291294,0.7287744758312358
3.0,0.8282332328455767,0.917382017286107,0.45076692427336645,0.2657753787361446,0.8577393112353414,0.5877229922646499,0.9021915645892989,0.13489787695666586,0.1808324222937888,0.38782728741553935,0.8169345140220418,0.3585837265614136,0.6427888008243466,0.6418245611199702,0.7756652759550339,0.8879366663795881,0.8414425255838488,0.8994574933487887,0.6858162207532569,0.5044575645678038,0.668239627259393,0.47690178195580063,0.29717661140484697
2.0,0.6829968730299601,0.7505630486163566,0.5670238498984806,0.6205522084902476,0.5680923293612916,0.7837305373463962,0.7553443469595089,0.7630968877443943,0.6989981624632788,0.38523926944926246,0.5394739008643317,0.34542675152622515,0.4937334777418477,0.5697409497470134,0.465292825609734,0.7772895866870239,0.4806921866465183,0.5302784520282267,0.5082799124540955,0.8609990352510284,0.20173528358458312,0.7433443893734365,0.46330750563890927
3.0,0.631326330313232,0.3771957299777745,0.8415830584980319,0.4951997837457866,0.5561034907941758,0.5084708263555519,0.4085423599239501,0.7505166363723228,0.8552041282207901,0.20245828174581687,0.35509880890903556,0.7758698829701987,0.2793556948613957,0.2969388322022383,0.3400708910076801,0.7950995282266323,0.2987585913953018,0.4983872362801231,0.2860916844311734,0.7116158226780376,0.2418878061063731,0.8265134008613322,0.9571480870937211
3.0,0.5716570363343886,0.09178641429228378,0.7645128124722954,0.6624494222223134,0.42924736303220373,0.7267777505545453,0.3001175525826319,0.7945342185057972,0.6813728742362583,0.3246918885365164,0.327800188373804,1.0,0.0,0.16132220628084365,0.09548922749900353,0.7888219763617589,0.0,0.6749863353528311,0.16740061541993484,0.8172051754358873,0.31622174929473135,0.8082464350893888,0.5977637364068892
3.0,0.263016643971845,0.46072820004016185,0.315405340672262,0.8525910794662304,0.4992445909797972,0.42768955143390125,0.5259974181855986,0.15597370255481535,0.7006684820434502,0.15874934847563527,0.27036723149062153,0.3612521293386263,0.4513799749185876,0.25969752882437286,0.4950478342672218,0.6798855249069427,0.2923356911151669,0.5861393828034119,0.7261890644219864,0.5725694812858904,0.11396892284089079,0.6984629338577842,0.3276662138239538
4.0,0.913354972233015,0.8698847449187568,0.4084007979373528,0.0,0.799354811548449,0.6374660789966974,0.9136487605876508,0.16417090704661957,0.3246953262242883,0.4865706084515173,0.8886619870360353,0.1234087135072813,0.632852797935656,0.6871034267505141,0.7193193661276543,0.898630089764343,0.9755040802934323,0.7751144005982104,0.7174445806824034,0.025583039086638136,0.7946641742315026,0.5970882614583602,0.30211551282403365
4.0,0.6888693680597511,0.8549000497828619,0.5106016511352063,0.42676626721492555,0.5801547300044287,0.8863478033990002,0.8378107108585705,0.5821036227585619,0.35273466252975927,0.2998739716170272,0.22099793476305354,0.2659731162954993,0.6943734819747907,0.6421081980172767,0.6196048289757039,0.7013795961559526,0.5267268321855614,0.6904242077645663,0.9182592904586542,0.621146974574026,0.7342398784088274,0.4073819544234044,0.3002212887522115
1.0,0.906775438425376,0.9647847590006805,0.3769228626258491,0.049502677392985715,0.8530676774063755,0.5049057971155059,0.9418948576521488,0.2948881743725098,0.2302727773796925,0.4941749070868514,0.8568499820270263,0.2752439356739296,0.6097563791827768,0.8345934999879494,0.823236668596451,0.8885327388141455,0.9157166766712207,0.9461504874290729,0.7415676294446781,0.13640655549479305,0.8108936300392101,0.5362679804924811,0.348564997048957
3.0,0.46074719182460694,0.5635248256630355,0.801635045341375,0.4776298090241255,0.6387678969385151,0.6838307597153839,0.2943924436662695,0.8196265643426935,0.9388956592146765,0.29099151753923735,0.2768283335310407,0.5843988080679157,0.3247211592565957,0.170461969757333,0.2326473887374483,0.8174760393781658,0.24423781948020734,0.477203547098851,0.2287683753707413,0.8457557852907595,0.42548197065048116,0.8093893371436107,0.46082801587894795
3.0,0.7110841911450307,0.9164330063299284,0.32540230453001195,0.17962791908109269,0.7455896988479428,0.539444785803043,0.9192027625290827,0.05775299522669925,0.3301422279913167,0.3995203373113107,0.7822751002508396,0.36171092549160594,0.7099994938415206,0.8299686365017683,0.7683617981455529,0.8029456948752006,0.8718158250831285,0.8156602922312255,0.641916145972372,0.32076110301336974,0.7805016384976902,0.5193870019760214,0.2573610503562376
3.0,0.6318723215140714,0.6958289857252389,0.735431718067519,0.5913407843235604,0.6561438111386397,0.6331086729875938,0.7148055244143061,0.7628600623232047,0.6540671544789848,0.2853784452679133,0.5643289108030882,0.449293301161705,0.5256097963262232,0.41749172892481606,0.48787558437565776,0.780151894166973,0.5743371452801338,0.6128924933337768,0.5215240030309454,0.7318844151174588,0.4325864509564743,0.6718555370132211,0.46590447265627916
3.0,0.5439068006900101,0.51873346149468,0.8294791052114715,0.4133669621409819,0.8209269251584597,0.7487304738925042,0.34323820712451497,0.6472656241970473,0.6120513532059639,0.10691002340869447,0.22303497758288762,0.47717721154179565,0.5186711477560217,0.0626905987043442,0.24981074543302836,0.679160031085191,0.5064093798024859,0.40217032352425897,0.34635226696285115,0.7680727593342904,0.1329344227516229,0.7683850037731811,0.4285599974936846
3.0,0.0,0.2571169205978195,0.7652384840834777,0.8194865240112317,0.5148671892642276,0.7486027742487411,0.3598425280465328,0.8213586810292333,0.8170654160447717,0.1774771500285141,0.34093876701565556,0.4625644565167899,0.5976219330213351,0.38711551322695376,0.19130183490953395,0.7870744728894719,0.4206976176964591,0.3551320858393943,0.4624889514340099,0.9243926341811716,0.10895182414066208,0.9294218102573738,0.7190909451105904
3.0,0.6119838812978334,0.5166723538052853,0.5929126302091201,0.9139576781662683,0.6933111605746657,0.8087406088460063,0.44540677514628346,0.6767878425275871,0.7912693307620832,0.23881494876418846,0.3761684618647355,0.7027609537059027,0.5206221347425674,0.39827262866770324,0.3433705762509163,0.6242184040026884,0.45338955386634244,0.19771630307012508,0.32702747243816926,0.6454412346862147,0.026114359993794183,0.9688121751127984,0.333150600427064
4.0,0.7968502376908017,0.8407503331181342,0.43993469160357207,0.4889745080578777,0.6341032717464116,0.8001221524857609,0.8281440751948295,0.5333237542257195,0.14055470482080074,0.3249776554546952,0.551134539259814,0.3223009395469458,0.5888871522548829,0.5030428903030207,0.5449124287189853,0.6605374332418171,0.6646997852005135,0.6039287919325247,0.8299497307733258,0.6065418241198994,0.5132342524962117,0.3935474168034284,0.273756744009496
3.0,0.5287222131750086,0.40196398693217633,0.7818086854338666,0.5470264236874943,0.5609156658125624,0.6384286656326671,0.18372806033038816,0.722688605930891,0.6792295256542017,0.3118563685674846,0.27806365238438235,0.7687838303741755,0.09510130516886642,0.1664672659007042,0.2960637757474829,0.6667543006187424,0.36613600896901566,0.4656140778944568,0.27817092782889624,0.8057880827275536,0.4350389859899649,0.7868932294026122,0.7270050328080129
3.0,0.6766153772630715,0.8457412663377762,0.693629418116697,0.45552739074158727,0.47544614851710315,0.8320644090739064,0.530753755153105,0.7674541727109403,0.617448307807306,0.3250728539378426,0.45386743712871874,0.4191309632988211,0.49795770004061984,0.3611060592044352,0.2932882870581404,0.7017471057627996,0.3000942546344581,0.5708028579670473,0.36369650283187466,0.8063678205546488,0.5164019603615673,0.6301102801989542,0.4965986548620441
2.0,0.5553353508586328,0.3237221890761698,0.7293870752050493,0.6799696964873869,0.41641217482680165,0.0801866811638828,0.29141439351857673,0.5994234281989563,0.9270833701120603,0.40139678637593323,0.5831832737389334,0.5336027349132723,0.35717576123191924,0.24720105290207706,0.41208700991707337,0.48814649704098845,0.32372453795822714,0.49034684916962856,0.32240066282899743,0.7714550720409994,0.3678222996894256,0.7487412203084934,0.7651626983314767
3.0,0.4948539736230076,0.6452178773390707,0.7083115268723463,0.5889105354278562,0.5679997994713246,0.8985330167952695,0.7068815270820367,0.8242498347015758,0.5163721676897334,0.07892728159347077,0.4188598211709226,0.6091846217689569,0.7007502255680077,0.7029905768622011,0.4266958892837978,0.7489341740314369,0.5843416297808139,0.3063119756886411,0.5472316423324521,0.8315544409379335,0.39632434787558657,0.33622923457576137,0.26636502665463546
1.0,1.0,0.9707957188047983,0.24007822045565363,0.20819770583446667,0.8759416583654774,0.5388687083334766,0.9644335632371723,0.4607084842429066,0.11182110201243806,0.5489413082336618,1.0,0.20107688625394474,0.6129525441325402,0.8106463116144372,0.7903267283855365,0.9438570740213088,0.9911086399506807,0.9484805799971555,0.6759375106544391,0.2883489990287974,0.7405569685551225,0.7114839824689559,0.12582643001643656
4.0,0.7101160720568337,0.7949075757696829,0.5791137317566328,0.24738283300081476,0.5767126897390471,0.8473451682366914,0.7890580227862949,0.587058685631573,0.34302711318986956,0.0700169515836295,0.5110433001634047,0.3374401314366893,0.8018339614920984,0.598900417820459,0.5397422006110695,0.5801987338276854,0.6345237920901546,0.46549087488407703,0.9471601998595188,0.5319131843686956,0.47250292169003816,0.37043625844491895,0.23933591803297816
4.0,0.5551416538755608,0.7457888060547108,0.692184475785985,0.3241407768794102,0.31174958033992517,0.9287684665185615,0.3909189113015992,0.6261923010562088,0.5799281963513203,0.1914848045805659,0.30357160785122206,0.5792458369349885,1.0,0.23200337550208575,0.26722722239466307,0.9640322306838057,0.46589977478319883,0.17245176369533946,0.8102832507082133,0.6906846928006342,0.7354544435597595,0.654591643441807,0.5047734686836257
2.0,0.5544309420208855,0.7152899457490233,0.5162428317685912,0.5306927667510555,0.4372977850033478,0.7742338382338175,0.5085923242059264,0.6027840701240866,0.5673246896293207,0.29796178714501853,0.5388467271624043,0.33944741423930747,0.4511749369368135,0.3277889367217321,0.38703300147773456,0.8038408530719199,0.4140341328808659,0.49034684916962856,0.3868010519287399,0.742663343077234,0.35234549659679665,0.5030537019619507,0.21880913346736006
1.0,0.9574423158022671,0.9640384796677555,0.2582640094136,0.12930219492967554,0.9606711285446848,0.5471057746042266,0.9391282474869399,0.1244882793181484,0.07581864821327003,0.5155606066798067,0.9023896734679258,0.12508561686281391,0.5421289057878397,0.7555949031694017,0.8081187911830056,0.9514427697228386,0.949894183942626,0.9262088678787415,0.7519126280873093,0.0,0.6778179727687944,0.5798089018927953,0.26308726572472346
4.0,0.5448914167026304,0.813053621523977,0.5165036078037814,0.3923959882959451,0.3888809078415115,0.8599407030631643,0.6355061890114101,0.19410935216690223,0.31469045643025095,0.09593282702765674,0.32041055855863537,0.46684355744807143,0.6352989382150412,0.4256305479862645,0.3670251495807317,0.4102498916588359,0.5358234497267006,0.6601596912863311,0.797458761367449,0.550776264609462,0.37523378182607087,0.31029644833243925,0.3238178598000325
4.0,0.7883966162164319,0.8074490630923488,0.5009602640126086,0.42899093892913565,0.4219365421904053,0.8814710520765853,0.7997618647275431,0.6874776980744831,0.27310119021648627,0.19815691767976026,0.4539962557372785,0.13422050938114502,0.8257497718258013,0.7083477209243015,0.5095538727813863,0.6257544483701497,0.6127930582638752,0.6015808417506089,0.9114580610953713,0.5855061447792969,0.5629285607539377,0.20007067966053288,0.29525342512104025
3.0,0.694480922917681,0.7555396292688481,0.7238867745241284,0.6889302567543276,0.13081659144431088,0.28917733480368274,0.26928787704574525,0.699067524302188,0.9435621921030174,0.2152924135626848,0.5396362556076562,0.4966438168124277,0.4468133605666,0.36320692221902756,1.0,0.4923753880500382,0.45098428450509487,0.32438958699260734,0.36007549176824105,0.7708791788512817,0.42842763313444576,0.8398310128417105,1.0
3.0,0.46490965766980014,0.5602694327558313,0.7555596883099696,0.7285077092151485,0.5457535343359401,0.7021863985810641,0.0,0.6821309014214842,0.6514275894203457,0.15085501097144208,0.19918905952783897,0.755115674907033,0.453011786262302,0.18886506942123213,0.0,0.6699491469650587,0.06392924593969351,0.26385586486153745,0.3082515189744314,0.7425999274409651,0.3391122813146488,0.822898037658912,0.7003740592266136
4.0,0.7687349852663431,0.8581558813388848,0.40105406044835346,0.09693015193040297,0.8014235902488224,0.6152742306120773,0.8212303244172666,0.18483637184918122,0.23514387648608995,0.3930945310103472,0.8270664878130946,0.2785487254854492,0.6265663288921569,0.7351839300757363,0.8113493293050869,0.8385879465217762,0.9026247198325356,0.8195465796095547,0.6628679126990231,0.36992358978726436,0.7371497426222277,0.518242045932354,0.29331884130720004
3.0,0.2645770025527678,0.7108202285608872,0.7030645158163028,0.4929912015581702,0.551051783771043,0.8526081778678559,0.7427265443452775,0.858807659832808,0.46106839733198546,0.31344012302715457,0.49960643031640584,0.6467621781516482,0.7590331772905751,0.5480428990664699,0.2911814017431841,0.7112264266334556,0.42564876559455433,0.41006667973348315,0.6596285216673907,0.8168204034359787,0.6734267433779619,0.8334686769463993,0.5771077893712848
3.0,0.7673344850017246,0.9240232074560163,0.38743785061936553,0.3048639886154584,0.5396130610455594,0.6977459482221068,0.8639867755211187,0.5750806920461291,0.10503073640272541,0.3409004160284088,0.6524465614612701,0.27148929835687535,0.6853152264401768,0.706299662031229,0.5789577322926083,0.7552420549279574,0.7031439337261763,0.8198523134194,0.7594827164412821,0.5334720279723294,0.6654449817397738,0.37035652307214806,0.24020685276979808
1.0,0.7095804454563317,0.9785296005808537,0.30310079036221405,0.46242989870375073,0.7882295670959294,0.5703496895143124,0.9944664321170551,0.43530680901335483,0.12084851907684714,0.5207405819867125,0.37444892153284753,0.47575533544664955,0.5755305310914232,1.0,0.7115397126708115,0.9036598809970193,0.5506563908138697,0.9182312624534461,0.3588527514058314,0.07789501135079578,0.7685425691766038,0.34627851234485907,0.26263081675861816
3.0,0.5313723680439131,0.5606523909692159,0.7842543844284313,0.45024288984393085,0.6386878491310828,0.6413047213450805,0.6167115056795878,0.8923400783870562,0.8563112432821566,0.2673474059931789,0.41897031507036425,0.6115454376051238,0.5406498833827098,0.3007441905856803,0.3597790107639518,0.8226197968641806,0.5068174495132848,0.4942338856410143,0.4461850681584864,0.8945897924216977,0.0855775123576648,0.7828635633409259,0.5130314915400339
2.0,0.7349079345897798,0.6705675659205236,0.5184116545249126,0.501050968076229,0.38994853357772197,0.8205219787104286,0.6884784133607673,0.8538117966701829,0.6071612306272355,0.3379437015734507,0.4281241552403293,0.5706359714845912,0.2562545366999628,0.4558702778154601,0.4180828357517975,0.8300967566989318,0.521181365429399,0.4791936462433367,0.6522835234060274,0.852818051955179,0.4221878982405771,0.6086801930602647,0.3158529888409229
2.0,0.7310174744822477,0.7686839035770946,0.591910842864278,0.4330681340767152,0.5300049084884323,0.8794165877688828,0.6298364486112437,0.5736940549693755,0.3151157693745261,0.16408968734865323,0.590181712090118,0.49729329327314603,0.40369450425916276,0.3919865353706185,0.48090108870122983,0.8442129905605386,0.637030319599762,0.6498550850180407,0.5444568506801234,0.6950256977799255,0.48346254932085514,0.5617809596535804,0.31033071221100444
3.0,0.5692281946124316,0.6731003194444956,0.7772081312540492,0.5738472982495758,0.6677452404603387,0.803089262202977,0.7346918256346516,0.7424258430366558,0.7203212014943492,0.27479475694740385,0.5552944401860817,0.5439884994097163,0.45593164660754515,0.58938772317763,0.4370282413314718,0.7529323727537901,0.4463433668377879,0.2564611122375565,0.5135678771726361,0.865177669947199,0.2091754159141809,0.8023765112322028,0.4181379395835198
3.0,0.6319584891369066,0.7570271217423747,0.7430042375770561,0.5954592843078462,0.6613680616332595,0.8651542067510858,0.7950274420326804,0.7910790244778444,0.6176234091198136,0.286401528988111,0.23995569151065513,0.42670152099069264,0.6722133127851943,0.6337123628651582,0.36161501372959587,0.8283823313543781,0.4340693470538449,0.5179407228524384,0.7646654480166294,0.8266230522761298,0.5545473700789489,0.5947912529915083,0.3440087089357654
3.0,0.47818555077045444,0.5656967369350394,0.7059735703749396,1.0,0.5329967680842375,0.4833459664606163,0.4049023555764556,0.49361602198798504,0.6820153311254917,0.15258082824186164,0.3186314252091963,0.8006668930932194,0.3515039960793345,0.3199368383681775,0.3567382425328879,0.4682162917498775,0.4706009830959258,0.48003592394829475,0.3215469968183283,0.6843489194438741,0.10743652112631928,0.8191988215006881,0.44845605242381553
4.0,0.41959022559449544,0.535905325850417,0.8065080297037804,0.48482473512935603,0.7026684906102724,0.7031640430019526,0.5904819640365363,1.0,0.49076651423401796,0.3733655555857106,0.30627984258272156,0.707103069125562,0.4998378976481821,0.3316321543848088,0.32048645210765825,0.7226288057827783,0.3587651021389365,0.0,0.49504539409886295,0.9580038886838982,0.24035161128811078,0.5519979081994968,0.4781950670776525
4.0,0.738360430341471,0.8628534576582942,0.5225485595350845,0.5027125916537521,0.4325567928564227,0.7681192750649333,0.8295292281576677,0.6665773780027507,0.2305841307896952,0.24012384327710978,0.4000547384443986,0.13641292450249382,0.9267433891759984,0.6715987006467724,0.5073016500436027,0.6669209268746354,0.7103469951084983,0.5884487352702953,0.9245577378748657,0.561215746554323,0.536920413015421,0.2810200673466656,0.21212418246753798
3.0,0.6647295335553585,0.6590198289428885,0.7694669849165048,0.8124963372579684,0.6856647810950202,0.9043723961933056,0.7117785554703628,0.8747773291814263,0.40173278326683687,0.30488369643978525,0.4326357908275938,0.5275517059710675,0.5595328149819598,0.42552638419999705,0.3827379920234956,0.8099364292512227,0.3669481048694088,0.39976707603838174,0.4862053591203229,0.9798671466159359,0.23024599685518102,0.6387195807207856,0.3590057309573469
2.0,0.8629069852266331,0.8531967958001873,0.4583784630037387,0.43838607546081104,0.7426876331566846,0.7189696258528332,0.8177503732683407,0.5695969719889304,0.31353335447646347,0.3312936392083026,0.7776192345543405,0.48893761333888697,0.5952738714632012,0.6677965680233012,0.6173634451613317,0.7974263634672518,0.7642308876366188,0.6416642544982657,0.5562963834003312,0.6316662038394973,0.7293860769711552,0.5892018386445054,0.38155526164768233
4.0,0.5588763665605513,0.9160522701146082,0.5263948351975131,0.5385712567281642,0.5844681374515845,0.7974774577011985,0.794497669045406,0.7063730519116256,0.21236704868084322,0.354938015693423,0.20085125768599085,0.2817285764933643,0.7316596215680782,0.661970567081347,0.542683667670709,0.6272777019093522,0.5299861005103896,0.6360941328702368,0.7676089323731753,0.593142085386352,0.6285636270852102,0.250701824672635,0.1717517410432354
3.0,0.5398543569404075,0.8033702180384188,0.6042674706821015,0.40113918166519097,0.5542985116273739,0.8102577555203796,0.7607448248454564,0.7057531118707762,0.5776582456030235,0.2801033033777767,0.4350704801540391,0.21860569591490037,0.6961822425139024,0.5026500913361034,0.4411076312000437,0.7474745882676602,0.6043496211414013,0.43967981828993086,0.8434653029152911,0.7021017855089678,0.5781675512617819,0.5803048415963532,0.31068134278435694
3.0,0.6269998477720152,0.734443682883668,0.722982758865633,0.3990569965327559,0.5568614883258902,0.7660273612087573,0.6839233071202262,0.7959168556393644,0.7300084393080415,0.24859340254004822,0.42416558395258847,0.45623946646742836,0.6014820969878386,0.3525376600803814,0.40737123433458877,0.7641345067151408,0.4360597962415281,0.37826049761776115,0.7199558810820303,0.768553065839846,0.5180323498897744,0.6903924199542608,0.4198982205764346
3.0,0.5395899145175151,0.7809072622639347,0.6455223530901135,0.47448937495732246,0.7923363981818637,0.7724587450222331,0.7483234652254073,0.7753729553106755,0.8363781270867716,0.4732187728902966,0.472287473510515,0.46056664106629713,0.7135307293139892,0.6400213408920769,0.48016248856909005,0.8528921757587145,0.42513206166936746,0.5131264793119955,0.36791783531463923,0.7682330337483609,0.49452187080006427,0.7948515544212217,0.5763709984175214
3.0,0.42311372447870155,0.5162059718590912,0.7249862496899369,0.8034546681534919,0.6158251447367393,0.6413323547087654,0.44551171801562084,0.7387399186010521,0.5109104665001111,0.17297465672233384,0.1596040147023685,0.778416748760757,0.4013995009338568,0.23200337550208575,0.20436289631775323,0.7952922722674881,0.43523231525319167,0.5323743329111805,0.3633546471233685,0.7937823451898245,0.2422710959708184,0.8235055124768246,0.6174297838603651
4.0,0.8496235606064517,0.8178364428293468,0.3864137301671446,0.364489703903191,0.7586586156822229,0.703252579900777,0.8803404865468057,0.3178600380956834,0.3181985697242873,0.3534617918245835,0.8361880502832103,0.3950121502862627,0.609169008055279,0.7595314991314884,0.630585850178552,0.7461113228640535,0.8362210133898152,0.7296688898593328,0.6287573380880488,0.17546425231088464,0.5720904473250076,0.5099114181737081,0.41801184125943847
2.0,0.7696437101428836,0.8336253269302896,0.48317740918474156,0.4775217839156846,0.47151475222650013,0.9604816101321422,0.7782639420470644,0.5848707571994832,0.5526375038648143,0.3900455337457371,0.432006037546066,0.4260472308015854,0.6110500935074747,0.6816370141328825,0.5086720578281589,0.785251977502632,0.3928907930357196,0.7782548748421186,0.42856592633406815,0.7790936252647198,0.6527892582042718,0.532107970226227,0.6077360179222556
4.0,0.7438808202980596,0.7591875182331799,0.6810832945116835,0.4724231464546665,0.4747744413003277,0.7867443089855858,0.6887537936693884,0.7222296553514326,0.273513037849416,0.19680515267595053,0.3018465425297596,0.48208869175065944,0.5518016227847006,0.6299844580534248,0.16100286126943145,0.43053671702425056,0.46976905866263147,0.4630833031473878,0.7052120352147409,0.5741510972665532,0.08132528796763411,0.6569215455253651,0.5163144144421715
2.0,0.8673760213817628,0.8889990873026988,0.37506031271956736,0.2724394761330629,0.6140601393503067,0.8558597682499175,0.7207622722084917,0.4173933800925964,0.25410618910666927,0.3199875631160233,0.697467773680997,0.2697645322428066,0.553708825544331,0.5420495482329821,0.5611060018514842,0.8589376417714847,0.7459612055884596,0.7193442202250765,0.7641234322352414,0.2259626876605416,0.5385874147480991,0.5475265862469805,0.17495409199677947
4.0,0.6735494832418555,0.617510315349008,0.6634236163437061,0.568370508768049,0.6198356200613195,0.778646975590649,0.4590212145954858,0.751419033459324,0.7881440336863367,0.3738964705587159,0.25598297226723915,0.5265254460656138,0.4921942526402669,0.3156136579549079,0.1769258842601458,0.7402571322233946,0.20536472208732456,0.7020455188980498,0.39215751776511115,0.7928801108894329,0.36052108482920353,0.8210652535605985,0.30373043066574185
3.0,0.49418113105042766,0.4241796161629381,0.7475126345376077,0.4864241069876202,0.7398332643523842,0.8317485836282679,0.7479418584936279,0.8843021378003018,0.8345165206823575,0.41798109421026486,0.3933574863398601,0.650512252535082,0.6308935620105767,0.4662107575340949,0.3574179281812488,0.7648834780224825,0.24924284402480254,0.25654864573333813,0.5746504386691597,0.8573173634537454,0.15002928385282385,0.7821585410862536,0.3846780775179774
4.0,0.5466273024556022,0.5302293586599253,0.5951682695918926,0.4343439926084128,0.5797935516736002,0.7914138222815018,0.504132847370274,0.6366042684304942,0.48465368631575906,0.19985622102365833,0.4450217355423701,0.4425784887723784,0.5702696930492163,0.32085442271944803,0.3081029146384792,0.7286692350137837,0.5935015274039899,0.746232083839279,0.41348400312801215,0.745489443209234,0.6521312614999484,0.8158206496395141,0.6010558095177705
4.0,0.8012141055120878,0.7540958188046282,0.4111136038954567,0.7213459916447954,0.5981419786274417,0.8429618445742907,0.8040621132322887,0.7204417534443907,0.4368364896937482,0.2864552842421048,0.19252002395135986,0.47732667439672066,0.6517016428700949,0.49459249384156934,0.4004966560790873,0.4713154555434351,0.48245691100501326,0.5417154959020515,0.8323945425795136,0.6015549566260873,0.5002398973378447,0.2325676184516368,0.5074695202618514
3.0,0.9284797866994523,0.9128598313890396,0.3465291698082764,0.15625247259436167,0.7732734250618051,0.6944662272991678,0.9170837200778353,0.09091912327559633,0.1556162723380913,0.37629490692004086,0.8907101263142307,0.3173613556890865,0.6597772070541544,0.7539351908191324,0.727166113609483,0.887604673828789,0.8986071433371501,0.8839877740272039,0.6838200107331424,0.48856320783324986,0.8166738471983238,0.5601505324867235,0.33870521167944273
1.0,0.7877627125434,0.9238894573911864,0.30822134341126967,0.24059955857875945,0.810682293165221,0.5916089704487391,0.9617606499226764,0.2786832053815455,0.2332964148191699,0.5417380869016984,0.7640892224534123,0.3146758822874665,0.6576807853028938,0.8700744543396501,0.7964845550031469,0.9326739690758294,0.8493624478755385,0.8825223844228981,0.5681773580985433,0.28564222984433524,0.607641556534344,0.651587708515189,0.221583402565339
1.0,0.7904074671292263,0.9386277114402364,0.3456000110349981,0.19740460592419634,0.942720534221973,0.6086540918072646,0.9462220099823683,0.2233903428567958,0.2799012121185103,0.40064753767186756,0.921148881582576,0.20834656472835336,0.71045069860212,0.7895535055790854,0.7208175137910537,0.8581196070285835,0.8931344858553303,0.8287847779128602,0.6680781809353455,0.26673601398616464,0.8387937173595369,0.6219514430795695,0.24194178212132306
3.0,0.6211864692546708,0.6538980047717833,0.6209519637419133,0.41802446521177383,0.5027480238985131,0.8571358987313353,0.6207276598326205,0.7456377143340134,0.445686757969362,0.14687468213114452,0.34399987453332387,0.28939213969289834,0.5899208882341177,0.5475095032354069,0.4758624165266302,0.7461113228640535,0.48956483000661255,0.49605088720389123,0.6777322663775077,0.7713505297586907,0.35516193464163154,0.38605459410539744,0.32440641352723004
4.0,0.7380917390320239,0.6872881606355072,0.6383260526563411,0.4613218018004831,0.4825540529973222,0.9886483184925098,0.6918406264827557,0.6959691333912603,0.33732890968980317,0.04959981137649486,0.21130278359362895,0.387351617172107,0.6315613970426722,0.590758933414137,0.45943522095953554,0.7658881334317483,0.38464864838851925,0.41538500512027715,0.8639585825923035,0.5614300996567132,0.5712646613882938,0.0,0.40776280454995784
3.0,0.7100395807344626,0.7244194568543783,0.8051037568813743,0.7082564346570578,0.7270450136637039,0.5753676901659828,0.7075992016382202,0.5897621409715417,0.5004587040940129,0.332458206170979,0.6337605219388939,0.618336445253814,0.5753271418933242,0.5995082835798045,0.4917556828845902,0.7546244026407183,0.6884737544747142,0.5764023790319269,0.5553174157634306,0.8170129137484515,0.6027000332582779,0.7983008477719774,0.6086164722061597
3.0,0.6302329831027885,0.550208527221899,0.6615957287637824,0.6343618922387919,0.4534790001658927,0.41976348043101336,0.4714545031433941,0.7031921834344189,0.706210001062659,0.26768974059077,0.39770823642829106,0.49440098908962393,0.19231019993298873,0.30417307120910486,0.31740920764502484,0.8474902701736353,0.3786247468343479,0.41845999354812224,0.4890239113715719,0.7990838503538221,0.23658663055680954,1.0,0.30901248307108264
2.0,0.7402868967399732,0.8973741412131118,0.4679428183451141,0.3203890614602744,0.7117807758739055,0.8605646343964519,0.8046211241371348,0.59736037382073,0.27213827364674203,0.36613079625308553,0.4163054575097513,0.34919051644338994,0.5091724716246027,0.6655070460330507,0.40362589682216965,0.5774127486568287,0.5239250436250447,0.71966582495502,0.7451614698169853,0.5342453710303592,0.6490763641587598,0.3550925264927762,0.615093540851337
2.0,0.5877054829187852,0.7546494911618392,0.5674539300932058,0.15424873506355236,0.6020410506563166,0.8640668898647951,0.7748985346931506,0.6136154663403286,0.2656717915205228,0.27120574095226707,0.41214304587812955,0.22984155529518577,0.4494224599114739,0.5867402264260152,0.4929748203760923,0.54597089146271,0.6021946902837135,0.610145069814032,0.9469635174932775,0.7461102456263567,0.3815284005132762,0.10015292562281507,0.2840409766204235
1.0,0.9811780068382098,0.9401956165754183,0.2871934577865207,0.2567249203804233,0.8945799475101921,0.5789617515293782,0.9921501371546082,0.1592908120864168,0.0,0.5578184841808131,0.947699158999036,0.1663738377425424,0.6228323331375102,0.7767946610722269,0.788641754654257,1.0,0.9665201496508217,0.8672903144958455,0.7177796571788201,0.2828853324654808,0.7185623473628949,0.663338478136574,0.1513492693057832
4.0,0.9470771757634464,0.9555879640966625,0.35874931913843056,0.32178124751760473,0.8497551260435311,0.6211469499131258,1.0,0.24143513157704882,0.11160059777027981,0.5754235973906254,0.8996074205077192,0.17932219734263283,0.5987398195326631,0.8446773621727751,0.7826935935638919,0.916258276309226,0.9502909687530527,1.0,0.7001878936031809,0.3399639282621307,0.8475923950461414,0.6241358908420621,0.2701066092120932
3.0,0.7094273289445598,0.7649166201564959,0.5933942286068477,0.8192382336556249,0.6628178327367614,0.8146487939512271,0.6996382788061761,0.7002178157867731,0.5791452296800701,0.4524094458634655,0.2569098874071441,0.498302105745586,0.5249348039818791,0.4379506844156401,0.36815439402603883,0.8129346939601446,0.49090306502620507,0.6701578560317323,0.39550115372581657,0.7945002161596397,0.2819797515744558,0.61346692538774,0.30914454579248773
3.0,0.5881661870086381,0.6720183682620244,0.5091037374346249,0.6205522084902476,0.5811465936327339,0.8077254713233422,0.5142218515344574,0.523853751074923,0.5438409156139088,0.23881494876418846,0.21060798012613555,0.5715850905952529,0.42190543289157234,0.11399626157628,0.2923546004581694,0.6757534550734087,0.5613274077367937,0.8213447548133127,0.34237590606084684,0.7276672952221516,0.6000041187985243,0.632455902109791,0.3136031819653249
3.0,0.58607506634495,0.1479227596433341,0.6812683748696639,0.7553189186403088,0.45523126398363395,0.7571980167856367,0.16438568240070442,0.7840373902625623,0.9576520858854575,0.3450387682228607,0.3457121872638485,0.6808469292264934,0.3931954684340893,0.25527195346319187,0.29468078942070985,0.741959487394731,0.27078936369885354,0.38633766603878367,0.39492392597955955,0.8637509412972308,0.20979030715072186,0.8284343713468677,0.5345982152278252
4.0,0.8029648380337715,0.8418878840830806,0.47528919669524483,0.6176322766948824,0.4062047123290992,0.7463358515123282,0.7530597879001493,0.6403591295746225,0.4560044931796639,0.3103145320767718,0.5296874880825195,0.18899779436363456,0.7399419024059546,0.6485059176020384,0.6128048018500062,0.753071085818469,0.6407634820000223,0.5496300417365825,0.8164791646311388,0.5360343666839782,0.5292941925121122,0.263343240737693,0.2836605138356227
3.0,0.8257582836018407,0.8252014963678796,0.5306326838788434,0.451821735920142,0.45929556460170406,0.8915538003728256,0.7233289799320535,0.6208803019452429,0.4354313152818906,0.35245926159757435,0.07451595526331445,0.2912658891896245,0.7050566649154683,0.3859142013332467,0.27219857517535706,0.3541288030138318,0.4114560037253773,0.45410845122296517,0.8161292789834578,0.5820032018932123,0.34782031982920136,0.11756870994439295,0.3519409584091948
2.0,0.7700626975479671,0.8474550126387249,0.37330759283498516,0.30913699609670087,0.676639195029314,0.8084002821178983,0.82012204766828,0.4489123868309447,0.1759361592043243,0.45247316318948916,0.4177892935757754,0.4304490303248864,0.4861526894879236,0.36490208723242634,0.5594874815356768,0.5509567661952539,0.7479324416339838,0.835273126429663,0.5617096576840322,0.2896841488204094,0.8527089236224383,0.5426526209874106,0.4874245886581469
3.0,0.39380353303205934,0.5734978503731623,0.6433914382838101,0.5203987457560407,0.3170413440027126,0.8478154379849066,0.3949401981974262,0.6832387567202527,0.7107125415515292,0.18886391584020898,0.2706599828267023,0.6108382298889415,0.48766164985029214,0.14499041848932756,0.313442966186083,0.6707120285693738,0.18380556029813075,0.6192066598000598,0.3581504393308435,0.7889834150288549,0.5867662577062611,0.7008233519180265,0.6509286289545636
3.0,0.32683428765234096,0.6023040413055042,0.9321900520500438,0.7961504675971462,0.9217147751323866,0.8676785971340036,0.6824354422714654,0.8395964437577833,0.7157195626415604,0.33935726355964585,0.20826474672096013,0.8024750525118055,0.5916923381208636,0.4941873781447472,0.4198350216892935,0.6257544483701497,0.3447751084955928,0.04898203087401199,0.5447816224922638,0.8425817763574781,0.35295584310998945,0.7322979940671775,0.5338251646189585
3.0,0.5314393218532877,0.11978502788747032,0.6877321239960047,0.5719962019463021,0.6000520858916293,0.23348496113701694,0.22376241783446355,0.7958357738145685,0.9522864282686572,0.16550922116231714,0.3817489771399677,0.8341078773451718,0.10333768684514572,0.04446445229442552,0.3855622376528916,0.6734109244609888,0.2205199538946618,0.3667359356960525,0.1558403865602742,0.8849134927015475,0.035299136751882815,0.8698320203569093,0.7058768987140974
4.0,0.711745766391617,0.6812504097413579,0.56036741766257,0.4049181083696292,0.6953823794554045,0.8644450861207462,0.6495142261088744,0.20165010371269232,0.6205616643360814,0.26321032437716135,0.49370120452780764,0.6382883894033506,0.5089505577319936,0.4720745275091981,0.4420031026237609,0.7066822238161419,0.5796598825261247,0.9128528100183502,0.4993136154426331,0.41733122476082246,0.537181259906315,0.5342598233071272,0.2592638789341907
2.0,0.7596724135081583,0.8526338154292518,0.5301683453259697,0.49719123398833515,0.7671601565029306,0.8808307436103273,0.8765549076796042,0.7219423045850007,0.15966334203213,0.264768057131734,0.43118156486345594,0.48171810360423084,0.7007752768984316,0.7284761501867378,0.674889678496452,0.7944371454439385,0.4772667480195521,0.6026581358152084,0.5759186175709452,0.8151544568980817,0.4646327057821424,0.223575724628092,0.4427772318036027
1.0,0.8319705919747435,1.0,0.4024332685216184,0.23932928295836142,0.801308887999382,0.6652146963022207,0.9923542569355024,0.0,0.19571681357772808,0.4137266562658594,0.3617860474751611,0.3355217687716848,0.5370868802399722,0.9881988998059714,0.9116221115808181,0.7809275189391146,0.5601832085526498,0.9474948309583472,0.5106312743893184,0.10776849735752322,0.8363507677033523,0.3797966151883976,0.2437213226758994
3.0,0.4040450445933544,0.7923456620208075,0.5295767194756181,0.5673440126258962,0.3826962934485286,0.7977109991240907,0.6182491533705354,0.3956794275968892,0.5013390933851386,0.2425404168031415,0.5886490538794583,0.2155237315258037,0.19231019993298873,0.5107828422395325,0.4232945283515022,0.6863885046442105,0.24683879309052353,0.6265364870574376,0.5048572630575056,0.5774572546594893,0.5014765195639996,0.5840667431238085,0.6361074251119366
4.0,0.8928749672600698,0.8853326619990416,0.38504483302618353,0.04123108541428491,0.8797657972067018,0.6487566496115894,0.9728214882989178,0.28873293824765744,0.07422255983343526,0.5522383591418701,0.9243093431552215,0.2860455809120908,0.6259940292532162,0.6543060728879528,0.6947972512477177,0.9165563547263648,0.9644409967685468,0.8286174760879138,0.6909980329826129,0.3901893420705506,0.9055225937103804,0.572758059157305,0.18981387309385608
4.0,0.7688049318766264,0.8266794059700688,0.5586191507037855,0.5302961885437772,0.5191819594315892,1.0,0.8433364160462494,0.5945429338175074,0.25001519130137617,0.07255825958844195,0.0,0.33147184209448455,0.9095412338742901,0.689418864386831,0.45393016548274,0.0,0.5848283011601202,0.5653064400353154,1.0,0.4308004603269969,0.5263698369387213,0.05681579965840317,0.13088044702366455
3.0,0.6229358970180077,0.6393773953666572,0.6753726134142106,0.7085536533475464,0.5374504277372537,0.7465045644936595,0.6588409706442288,0.7888276397628092,0.7378497254385162,0.2577266678460307,0.48185035464497017,0.5461751833016898,0.22751679964987773,0.3680043233898525,0.4576857081078959,0.7926868922476165,0.5571326559085297,0.557387903441262,0.36791783531463923,0.7756284979798711,0.27620885493744274,0.8898277267934701,0.5518283296160996
3.0,0.8391098152456803,0.9178893758494946,0.0,0.14653766740577856,0.7428816422995133,0.6655865278132808,0.9414650487033994,0.14481899433340997,0.1409597046292317,0.44309794731091906,0.8422141204851606,0.3335004406118733,0.6933837897031089,0.7669994418954219,0.6835704503531834,0.8241069273531006,0.8528536054927639,0.8674157379652194,0.6739301762781583,0.2987092273817084,0.6894261641882979,0.6075235629540348,0.2141323051566366
3.0,0.5369396123000524,0.615424113757746,0.6506443513707237,0.7646139453411603,0.6342648656897476,0.5903389625143818,0.474770951288288,0.6327815260992836,0.49498479992339234,0.40603993324829896,0.555796173621555,0.6917315762678329,0.34878148814286103,0.4395390827646692,0.4654918189508124,0.7416645613408748,0.4239656651186733,0.5114179915287572,0.507251742816385,0.721803332175215,0.40014416599638275,0.7401162332440324,0.5930577613527989
4.0,0.5485543174880316,0.8844963639673422,0.48614871544591093,0.33102871557172237,0.589983757309087,0.8394965275464041,0.7856065706785225,0.6605904343703076,0.2805738154896513,0.3252631652725968,0.26444213362556523,0.2598533328521156,0.9552351161317757,0.7025741160176324,0.6039201219879136,0.5852131796523178,0.5943061083325937,0.42640769323349037,0.8420256085528005,0.6508247615859749,0.5880829373337925,0.22172466606297178,0.31667118115841214
1.0,0.818838838417197,0.9587864419489592,0.4495198329097225,0.35004841622252747,0.7386607365918584,0.5593374252842547,0.9382629960387601,0.4788936261653856,0.17875556551859903,0.4650274269069512,0.7920240648697209,0.1958087003602626,0.5594771825298213,0.8006076975190051,0.7260714458339644,0.8469723247421566,0.7471334498192174,0.8594937409238665,0.6226933889092805,0.546812429083133,0.5753796065044993,0.5841255688817356,0.25263338437858296
4.0,0.4891662556178755,0.8275820724373745,0.5203552628495376,0.24202549896496162,0.6259545470913563,0.8808850378815505,0.7444702275719325,0.6944027455143181,0.2931722643208349,0.20301809514998492,0.4020858437456135,0.14158600615435318,0.738206694914207,0.6448817601517685,0.4973548711624951,0.7679130077047958,0.6478717462054739,0.3369848831702131,0.8863713966469091,0.608896141040707,0.728261744786164,0.09582288440588908,0.0
4.0,0.7676148242860608,0.9092017783487018,0.455328557325682,0.4285232532507996,0.46686873641705356,0.7619789727478418,0.7799205892933833,0.6176090106839092,0.31729475313738176,0.3127976757415533,0.41299216200032396,0.3948391977918814,0.31347609315010266,0.5377955254195468,0.617832451655301,0.7523068589955435,0.5371368969825472,0.6373415799463676,0.8872481515215883,0.6993285465597727,0.6044738894234255,0.3183275652909245,0.33579778692639684
3.0,0.40025384868599734,0.3736887435947481,0.8326407176126076,0.5013628636151096,0.6828941742567464,0.5812362783396323,0.28266446597730055,0.6979753621477617,0.92253203524188,0.15657160659296443,0.22107657741575393,0.594444217527121,0.29978759382312997,0.09096030715154924,0.31864572602281177,0.6793157364530368,0.12977683574324042,0.2815728706905041,0.2914432878250117,0.7953482160163766,0.053445742869275586,0.8503502306052789,0.5324068344804304
3.0,0.5607677945836529,0.6847658124496432,0.7364226434336418,0.28937792501452136,0.6625129756559016,0.9444111736403419,0.7675033821987545,0.8772473440469425,0.42007106150332923,0.2108217498025498,0.7577257981893147,0.31387772460285895,0.46873836209800585,0.49644834700795976,0.597962208570767,0.7976981730941997,0.6733912406001994,0.48231611427280124,0.506058332088472,0.8574933652916527,0.5641141411114363,0.5675617062763364,0.41573370209832095
4.0,0.780565877406377,0.8225321613363741,0.4172955572135636,0.28967097840728984,0.4746624001114818,0.8999428795409222,0.8201991716791837,0.6569464631231007,0.39444912545715727,0.3146227733692994,0.39818720406716046,0.28866177485892797,0.4799848572912931,0.6639409121255032,0.36359911012739216,0.44677328060530924,0.5006915518469763,0.7272929692133633,0.8694322388556979,0.655223986636652,0.7527155424414405,0.4106320276569346,0.45676524016230713
3.0,0.40656039391494947,0.2655592698846364,0.7401205244628577,0.5913407843235604,0.33497389781541353,0.8108959317523253,0.07964818377426618,0.9361755205601695,0.8586504540494401,0.2286611006680784,0.4427458265663483,0.7199809703721631,0.09278688950019644,0.0,0.04276393384687986,0.8102917276195666,0.010165387256193063,0.23661229056815825,0.35477798866014754,0.9265651179935714,0.29245665583500635,0.7625431222744974,0.5188940391998986
4.0,0.838942229800197,0.9172786845343932,0.37854669418293146,0.3719702237632042,0.7712034987578884,0.6309223516084262,0.8877600756335252,0.5667409502316211,0.1600462840135462,0.4175546518510977,0.8891148096614133,0.11152867580120515,0.6392431131733989,0.6449752888099043,0.6533590125118728,0.9008534550190626,0.82646313119005,0.8831944693433067,0.6928901073321755,0.16661799443642,0.7892348401953891,0.5116302890229841,0.38348861536152634
4.0,0.8566150703146825,0.8797889747174398,0.44917006671245535,0.2506686809685443,0.6569156013526641,0.9009503986932464,0.7644708189557606,0.33609755840700534,0.3350456082325496,0.35744053854486696,0.40950262886094807,0.19334151322491058,0.6061170723056193,0.6973335234751943,0.6218216603969743,0.5066511393956649,0.6155195984191298,0.7369745240619517,0.8168587347234553,0.5319131843686956,0.7848096312555437,0.14047185737652837,0.30373043066574185
2.0,0.5598708474302141,0.29055473356716444,0.666104738205865,0.6449936761598984,0.44307029395435954,0.7851326520445806,0.34732587886591154,0.787313288697044,0.800169613224478,0.40105984335239253,0.37688340798247677,0.5797445641298667,0.14545972215339972,0.11006933162035785,0.3119619000033906,0.7397731465968838,0.36176094693738425,0.3713725806049081,0.29119188960269643,0.8904188928818677,0.268557211915036,0.832753661343193,0.6831321380090583
1.0,0.9758769780472896,0.9230265187870296,0.11540612902223095,0.09311419633924865,0.823180676151051,0.5203074247689399,0.9945580246150358,0.47943746203258797,0.1222410535647928,0.5122532680766172,0.9583947491631027,0.3181546020642349,0.6274023695322344,0.7870878052305849,0.7576399456242029,0.9413230320112129,0.9057051705138724,0.9474948309583472,0.6798256541708514,0.10776849735752322,0.9081274601389915,0.6520041459756797,0.2519523793299802
3.0,0.6229650146683079,0.7349313287154088,0.6911281268046628,0.7386370519745414,0.6692514059723534,0.7439653324370324,0.7813047480774491,0.7053180699023892,0.9771339259026728,0.40090997598658806,0.37104184213691793,0.6433767920594414,0.7013504813568902,0.45782172699530427,0.3198747351333831,0.7063692590772204,0.3685109168514719,0.42112103973884846,0.4757107341889105,0.8155824070798383,0.4487489786392488,0.7575507795039604,0.46393814308214554
4.0,0.7552841798448208,0.7988791790265752,0.44298227880005514,0.3040058237932998,0.509784571375944,0.8813137110113561,0.7158298537180657,0.6082691108657713,0.5032679861635442,0.3569243918203072,0.33173969364038425,0.4150569563593706,0.5565033637004614,0.6301325781143696,0.5085917019757745,0.6789522175493165,0.5340240620760752,0.8250932272664945,0.843122893964055,0.5778414308827362,0.5492855071993448,0.4175935397124984,0.3507032809742836
4.0,0.8790876331541382,0.8937671718686117,0.32830344884409485,0.23277774550979755,0.6817228783290604,0.626413052087561,0.9165458889132045,0.5951722836763361,0.20101847691109234,0.47295010279563243,0.8819858792558477,0.3082587682416331,0.6058603536369472,0.7336661082898226,0.6780452966665088,0.8626694222903329,0.9051066747875172,0.8177429536676287,0.7533022954050722,0.5168076080843056,0.8475098703181305,0.6315161283930613,0.2736586264757224
3.0,0.6428390695705778,0.4899225976688006,0.6357562484368472,0.5534597895640735,0.4365713942309829,0.804668976808137,0.6077163091605973,0.6901680829206613,0.3841420932768225,0.15503011342198253,0.441634143687746,0.611368718794417,0.16457459939700536,0.2850209129920418,0.2521072377248139,0.8671645598012879,0.4562693822748678,0.618111273446788,0.38144215155587485,0.7406205226325587,0.39092556649061777,0.6102442993310174,0.5175951548789434
4.0,0.5864753549712799,0.8719938835627905,0.6715798978056667,0.6613276809958903,0.7125382383609133,0.932430505993096,0.8357118211045688,0.6461986713593765,0.1810124221916686,0.37774950446079275,0.3423009511921717,0.3883148933751124,0.6902482091236214,0.47652117373297487,0.4180828357517975,0.5086402258145373,0.6551587305046742,0.55691259338816,0.8083409078895291,0.8164732562816471,0.5066695101848238,0.5079009712306657,0.13861468214444117
3.0,0.5936086572313876,0.0,0.9489482854507465,0.8718157712098517,0.3447237398967076,0.4967097487580189,0.1139047077536451,0.8517674783946421,0.5474851412241213,0.1514313268616687,0.1832784415414041,0.7656106484499121,0.4633627876303392,0.14207347214845922,0.24748789397418344,0.6286515562474981,0.1426448028534097,0.2206514823496531,0.2866080046161903,0.8230084167767475,0.22212698535456468,0.9188734288718359,0.692023592690382
3.0,0.47538407595801346,0.1945056012792006,1.0,0.4177864723923952,0.6275133163863854,0.8148393591092232,0.44424946104787794,0.8347611148164525,0.6127116345236604,0.24080730620465254,0.4205855380454901,0.792735373702961,0.14137600918094012,0.18588247726983606,0.14126611716134765,0.782203109504349,0.3723504005857817,0.08578356121988039,0.2360010782600726,1.0,0.0,0.8248095729014662,0.528069479780547
3.0,0.8577357893031247,0.9206297392206403,0.2870534071783801,0.19056174729229672,0.7462322642333173,0.6751160159580468,0.9538749016525381,0.4205261988216573,0.1741965430881057,0.38298705106256126,0.7996521400942467,0.28980906677139834,0.5961806610380846,0.7913677747976285,0.7203099516177592,0.8147746796445852,0.7787200165922136,0.8755120698912948,0.6154946501984622,0.26673601398616464,0.7500323742018828,0.5835290070527208,0.2548238951323682
4.0,0.8820371188439565,0.8922308483228791,0.445658334374615,0.5271143510308003,0.8268413685505566,0.9388705398424685,0.88746046432526,0.6304010724831407,0.22792852113607662,0.32431046524397383,0.43768837924911014,0.21564258055790642,0.8420535658396792,0.7061127132336573,0.41065770167904725,0.5735692008068272,0.6574552695710806,0.7568976598645496,0.9877677355587035,0.5914009169541844,0.6240061650157657,0.22717197416474166,0.1964075162126618
3.0,0.8928942647091038,0.8865021980335226,0.31295622894939534,0.16492068145296285,0.7693085266748451,0.6465387457954306,0.8608783854050304,0.5309247670411501,0.24175825227806794,0.4301050451737664,0.8722674973472713,0.22155332507516798,0.6333667323385401,0.7538723628173223,0.6510664449735452,0.8581000853546649,0.8553462716086834,0.7715153971691125,0.6842517662841742,0.39485226208891483,0.6615455975537996,0.5166175147022191,0.34613765364953475
1.0,0.8360656666050322,0.9427538435270043,0.3631333963758416,0.019599696597106413,1.0,0.6023993159121649,0.9376684785411302,0.23862683802580442,0.13555402262155064,0.5100290697468178,0.8822291701048456,0.19765203377940202,0.5870396543348185,0.837271155296442,0.7657848642155769,0.8821578323825068,0.9684681779937422,0.9824827471883822,0.7684162350695768,0.17546425231088464,0.7913397462093997,0.5984870673623449,0.30764469732939353
