Type,35900_at,39631_at,40304_at,41641_at,34224_at,37247_at,37976_at,38702_at,33823_at,34849_at,36105_at,36133_at,36139_at,36156_at,39182_at,40165_at,40594_r_at,32562_at,1910_s_at,1817_at,613_at
3,0.3462972828982419,0.13466332470672943,0.27718121754877406,0.7746000744047619,0.5249818609422302,0.17101769911504427,0.2316073830434144,0.544929467955126,0.48645141592244867,0.1836642726376567,0.007974255223492108,0.7145140247879974,0.2554439632666851,0.038059611909404434,0.3282211713350309,0.033317200279639594,0.12958403337002491,0.08494588744588745,0.1055121700963347,0.2890503275703479,1.0
1,0.13058071390516782,0.0558419769187401,0.03268112558889691,0.05535404265873016,0.16810528159323476,0.20855457227138643,0.08768776914991014,0.15044985004998335,0.21868559651934968,0.1497817208843825,0.04070960392391499,0.16597086323113722,0.07893362818268372,0.030422383503067543,0.26764641687886503,0.04576409564456438,0.6255865824691502,0.019025974025974023,0.7186912158695776,0.4212798708490548,0.010513925897041513
3,0.5526371870005328,0.0693728391036483,0.6104155171682016,0.11923363095238096,0.14413670594710898,0.17020648967551624,0.04743820148519887,0.4777296456736643,0.1990687733760782,0.13896634276862413,0.050539673525405046,0.5204718417047185,0.48561073743051075,0.08214075989449335,0.1992288104765369,0.04151083603439762,0.08162910607728406,0.17214285714285715,0.3562104543122613,0.32781438306020155,0.37041128995376094
1,0.20697922216302614,0.08981856961397647,0.0248716098637579,0.06037636408730158,0.1891966273862243,0.1968289085545723,0.239293343731986,0.24919471287348655,0.4484390504541638,0.2806365300661879,0.49042852748396876,0.2989019352033051,0.11078350072176663,0.07364053116696462,0.2682720989450709,0.012383340910979763,0.409144893111639,0.35958874458874457,0.2704782534344183,0.2128925681890709,0.011464704452291375
3,0.5096430474160896,0.11552856628560172,0.354866092271126,0.3327752976190476,0.2590757837323926,0.18960176991150443,0.13768042227572255,0.6406197934021993,0.041676207923059316,0.20070412617941133,0.06404418798824989,0.8282235268536638,0.41340336005405565,0.05804163814331644,0.1523463077482721,0.028516394604715736,0.8765714616766122,0.12006493506493507,0.3681810408710027,0.2499859210452216,0.8141288100344447
3,0.7589770911028236,0.13147080200245892,0.04564039443713481,0.1733940972222222,0.13905776977157294,0.31305309734513276,0.18652018129824915,0.8604909474619571,0.36791084650026723,0.1400647796085058,0.02126580738066505,0.7334746684061753,0.26776006634110383,0.050926752036648315,0.15190978537650054,0.029406156959946028,0.09472220612942471,0.09743506493506493,0.31858861084193124,0.2577950479623059,0.14954663508637642
1,0.6955780500799148,0.06342252019100794,0.06065107593056322,0.17626178075396826,0.7207085491255724,0.4212389380530974,0.22984413323838915,0.3220593135621459,0.5298068849706129,0.234305027460921,0.33335361545768305,0.24067188519243315,0.49491692005282717,0.02339833953547223,0.4008439432520916,0.0477587277376081,0.4782457563292973,0.1906168831168831,0.7945049307416063,0.4226502224474854,0.011946111315709027
1,0.307858284496537,0.25020547619532807,0.0486962918947979,0.08061290922619047,0.28213115164252295,0.4204646017699115,0.026126614899460856,0.4046151282905697,0.3752385314098161,0.17189128291789887,0.37875515081449634,0.1655794737986519,0.2872324088577659,0.04525236270670642,0.07687886504183339,0.14682545502544622,0.5088204623138869,0.28205627705627706,0.5064983184176025,0.31264665577894163,0.012747653743299418
1,0.4562067128396377,0.09085444134248977,0.058422817367683885,0.10738312251984125,0.4829242663063874,0.32304572271386434,0.37243000689475886,0.1875763634344107,0.4567971910541181,0.23433319250809742,0.23546701281492222,0.04971732985431616,0.12862802911637336,0.04920237357531949,0.31804292469989087,0.10516795486656008,0.18098603788888248,0.32753787878787877,0.735678048224363,0.6618704360721593,0.015154688060387679
4,0.5770378263185936,0.1046468186850882,0.061514084008884744,0.13160342261904762,0.3991843678851109,0.462094395280236,0.027805093079244517,0.26707764078640445,0.40813678345164495,0.6277144064216308,0.021810044384048783,0.25373994346597084,0.2646272919929973,0.10818649891151652,0.12841033102946525,0.6233078626637137,0.11189965818898094,0.6882683982683981,0.7872655760132247,0.7998911227497137,0.026022448002041166
1,0.600799147575919,0.18992793049810147,0.05646336459969157,0.04642547123015873,0.2844704646100728,0.2617994100294985,0.39340815842121324,0.23581028546040206,0.5875887336844515,0.36203351640613995,0.7802229005466033,0.11287236355729506,0.1508031573451273,0.10198003419557664,0.35356857038923245,0.07405071645424813,0.5220004634725682,0.35022727272727266,0.0,0.19111711813181656,0.012632116096079182
2,0.22040490143846564,0.7827182632676488,0.02952619441732807,0.08187624007936507,0.8359228402011559,0.8255162241887906,0.8335989510924237,0.09735643674330777,0.2155560644225632,0.2545838614279679,0.1591572101261886,0.025331593824744512,0.5418163948524217,0.38221830014891617,0.5823935976718807,0.08924511975125764,0.5795724465558195,0.8760822510822511,0.4276349541127515,0.4848228867488877,0.007100751235410364
1,0.2945657964837507,0.07049361835089221,0.05745370173874906,0.12247333829365079,0.36418224123695864,0.19026548672566373,0.18012274931334984,0.34927246473397755,0.5699564918708495,0.23185466835656948,0.09458568690484641,0.3184279191128506,0.19917687889677196,0.022486673782634223,0.2490796653328483,0.06791037844232922,0.509790858003592,0.15154761904761904,0.6610043892150715,0.2172664301402264,0.02770496498968586
3,0.2944059669685669,0.11367418607652546,0.22496215497361458,0.2445126488095238,0.22865220545923087,0.22411504424778764,0.19880641551659828,0.5985782516938798,0.4245477444469888,0.15634417687649624,0.003380354058284064,0.8331050228310503,0.11594336435394204,0.02131870342312646,0.2508694070571117,0.0146126356032051,0.3719657030299519,0.08429653679653679,0.17836173972524652,0.14261042593531184,0.897809358068018
1,0.5693393713372403,0.11703992011900638,0.053662125263500414,0.12041170634920634,0.20060546923865993,0.2682890855457227,0.1730697500932488,0.4379651227368655,0.3552782230364095,0.24143078439656385,0.06594056661494725,0.4224070450097847,0.16600632697564421,0.03514779691590938,0.20651145871225898,0.0732342861612621,0.47365448120039394,0.13115800865800867,0.6372342244769993,0.49824482363762645,0.00919246405696006
4,0.5539158231220033,0.2720640678173334,0.03787332173224113,0.2009083581349206,0.302484425429708,0.09203539823008851,0.0720897901054559,0.3509385760302121,0.21967788718418443,0.8058864948598788,0.02169511234606713,0.0957055881713416,0.33579041125341685,0.06318395208726037,0.06739905420152782,0.5782624212291432,0.6722814437170501,0.15481601731601732,0.8497406372912272,0.6537891160293592,0.005844279321890293
4,0.8985082578582845,0.06116737649352325,0.1314743290465883,0.28425719246031744,0.4763441667292151,0.71047197640118,0.262351225797701,1.0,1.0,0.828784678214336,0.022056810230303522,0.1721678625788215,0.7209066617525108,0.033137914588923095,0.13622408148417606,0.6815432976939511,1.0,0.11716450216450218,0.5879268084136122,0.7118507255354696,0.01667352671447037
2,0.22226957911561002,0.7725769092304661,0.02058486481898052,0.010029141865079364,1.0,0.9949115044247788,0.48813762390785886,0.10229923358880372,0.032363941683840936,0.3045486551189973,0.11608473871553306,0.05848010437051533,0.1624742774655241,0.580435847605823,0.5071516915241906,0.057751443419425175,0.09504084352007415,1.0,0.16046286268027132,0.7716393534943964,0.01691904421481337
1,0.649200852424081,0.17185281791073162,0.05505567109488844,0.16455853174603174,0.41236958642948285,0.4785766961651917,0.1485933561651577,0.27821281794957237,0.4015723990535074,0.33198141106886353,0.11896311019616193,0.30959447706023047,0.1503731687091127,0.21141399033828964,0.19020007275372863,0.06306068472590919,0.3459243381032385,0.2395779220779221,0.4424271789317676,0.3812111655497362,0.015708305953317975
1,0.45135855087906235,0.09343902621264918,0.04745129663426849,0.14915054563492064,0.2254497235357402,0.3398230088495575,0.5393057769036881,0.5444296345662557,0.6623921838027632,0.3424588086185044,0.6907854928725236,0.06781909110676235,0.17998095764611935,0.4817293747789778,0.41591851582393596,0.0466929684329916,0.6037454376919067,0.2188744588744589,0.9027532349085106,0.21801730772840752,0.013043718964301274
1,0.0,0.20090477451959327,0.006352305363382994,0.0,0.4762941279491606,0.25693215339233044,0.8014422479174438,0.2556370098855937,0.5772841767803985,0.29004365582312347,0.1607696390119901,0.03411611219830398,0.1625357044135262,0.1563685206033216,0.4725209166969807,0.003964820165339358,0.09044956839117084,0.375,0.23029128427292936,0.4429239173283775,0.001470697967740926
1,0.36979222163026104,0.1453548794652864,0.04873873491504322,0.06312003968253968,0.43333583527233605,0.3418141592920354,0.17354447119460176,0.1839386871042986,0.30257232272345624,0.2939022672862977,0.06784708630381947,0.07302674494455316,0.14447618170091217,0.26250458266148,0.34734085121862496,0.06087050046688079,0.11201552633103527,0.09740259740259741,0.47546029755458014,0.7069512492725873,0.016844426150983634
1,0.36318593500266383,0.124161962790129,0.07359619710538601,0.17537822420634921,0.31309264680127097,0.4296460176991151,0.12692007731172222,0.9783405531489503,0.5295015647660485,0.4156879312772849,0.21066366491226288,0.3040226136116547,0.4346570840627783,0.04061616925188254,0.18440160058202984,0.06339312340808315,0.24997103296448644,0.06319264069264069,0.5158752778886165,0.3139982354376677,0.023923514077540203
1,0.4277570591369207,0.061775314327634334,0.04780498846964616,0.051223028273809514,0.5385673897270384,0.35306047197640117,0.42347382817356705,0.38642674664000887,0.2817342187619266,0.39428249542317984,0.05408059440145761,0.3425038051750381,0.05775668785896372,0.14819272808676723,0.2971262277191706,0.031542564373328634,0.34789409651816233,0.20742965367965366,0.49444222766915574,0.2712075988811924,0.006767376982493639
1,0.4211507725093234,0.2464831305741786,0.0570221976995883,0.13798983134920634,0.32682829192624285,0.5533185840707965,0.16302148678127792,0.2827113184494058,0.4554995801847188,0.3221236445571046,0.43977392192058196,0.12116220917590781,0.21318222304124818,0.17023654644142144,0.409094216078574,0.06916191230463117,0.234379526099299,0.25154220779220776,0.4653423017727868,0.6535356948433481,0.008588298443370905
1,0.4426744805540757,0.14936251434937067,0.03437884639870973,0.09105282738095237,0.795791738597413,0.46025073746312684,0.17330711064392523,0.20276574475174944,0.47706281963208924,0.5021827911561753,0.38152366078823097,0.04196564470537074,0.17730888540802847,0.04095682727340564,0.14133139323390323,0.05433905812299252,0.10584554776664157,0.08659090909090908,0.6130080373938323,0.5573952056465994,0.015691456713098358
4,0.48582844965370275,0.030111602442619498,0.06850303467594754,0.15352182539682538,0.5515274337611649,0.2748525073746313,0.1157189198964656,0.3727646340108852,0.5391191512098313,0.9047176454020561,0.014285376250308457,0.08542074363992172,0.3294941490832028,0.061071872353817155,0.0,0.9013537098690289,0.8765859451943689,0.13143939393939397,0.26426494898250014,0.8815302885247133,0.02387537339119844
1,0.008151305274373999,0.13191911370135648,0.05818938075633462,0.07195560515873015,0.34421676799519624,0.21408554572271388,0.16104348219230727,0.24119737865156055,0.21609037478055113,0.2621884241656105,0.6467124366606158,0.16370950206566648,0.17015264596578517,0.1264619906757033,0.3289341578755911,0.052931082527902844,0.36189965818898095,0.2545454545454546,0.5688878755058997,0.34619211203093614,0.09097145498003366
1,0.3700586041555674,0.3179073353303582,0.05851477724488208,0.09371899801587301,0.5526032675323376,0.4186578171091445,0.197043165711573,0.3980339886704432,0.2496755972826502,0.2802140543585411,0.5770331984572064,0.2699391171993912,0.1961976719186707,0.2158603886096935,0.17225172790105492,0.07443204317791824,0.7241903713573953,0.22911255411255413,0.4585304679929316,0.5635711738093896,0.018709877746727034
1,0.3689397975492808,0.3591044634184446,0.035454069578257856,0.05527653769841269,0.2855963371613,0.25420353982300886,0.27386886394719295,0.31906031322892364,0.4556140752614305,0.24258555133079845,0.6674880927028297,0.27442922374429224,0.11588193740593997,0.2703624276912795,0.24130956711531468,0.03245677074930701,0.5942007994901802,0.16455627705627707,0.30490794048908393,0.06130915507499389,0.009187649988325884
1,0.5354288758657433,0.1866980484855895,0.017076241812034012,0.07972935267857142,0.31076584352873476,0.32540560471976404,0.09542459281362675,0.11693324447406418,0.3038699335928555,0.10014082523588229,0.5207131194921356,0.10182648401826484,0.12147178967413004,0.0946575089138849,0.24258275736631502,0.10477196173044111,0.558006488615955,0.2786363636363636,0.3263694921051131,0.43197987648063674,0.007336640598485013
1,0.43542887586574325,0.08410599175378178,0.03357242901404864,0.09254092261904762,0.2513698116039931,0.36998525073746313,0.11886112147208754,0.2600244362990114,0.30707579574078314,0.10483030559076185,0.10231655663614206,0.08003913894324854,0.29764427654411985,0.048837382837973314,0.10617679156056747,0.0489124855169177,0.5268669254388506,0.11994588744588745,0.795473978224933,0.38818494114996904,0.0119316691098065
1,0.9519978689397975,0.05205849788410463,0.034958901008729115,0.12844122023809523,0.2500437839325477,0.4095132743362832,0.3340567178687283,0.3478285016105742,0.5113350125944586,0.3195324602168708,0.11492189691948333,0.03511632963687758,0.2504376670045148,0.05353846353499206,0.7493634048744998,0.08916689888486376,0.6338132205550084,0.36326839826839824,0.3758194151513424,0.2197630981209288,0.020069852135881902
1,0.14407725093233886,0.304704555797825,0.00904984225344142,0.04383680555555556,0.4144044134204008,0.18203023598820062,0.2757259276841522,0.2763339997778518,0.6769712235707198,0.270412617941135,0.6731975107072715,0.44468036529680366,0.09068675327866334,0.16134764313314537,0.22379483448526735,0.01314599435832001,0.46399397485661326,0.16522402597402597,0.47139428832012764,0.1968557000994913,0.007775515165519714
1,0.5237080447522643,0.27895855833825794,0.02246650538318973,0.09303695436507936,0.23092896995171258,0.37293510324483775,0.28002893538141577,0.3553815394868377,0.28967254408060455,0.16586396282213775,0.5387371673309063,0.3695477277669059,0.2536318683006235,0.06048464281195353,0.1866860676609676,0.10646348796620857,0.6095388447946238,0.21941558441558442,0.69720116285698,0.35035948264534167,0.004821289737127783
1,0.3853489611081513,0.07088079663630373,0.05540228909355856,0.17153397817460317,0.41261978032975555,0.267330383480826,0.3502198410814598,0.4218038431633899,0.5490420578581788,0.24185326010421068,0.011689264333546294,0.2380952380952381,0.3721244509966522,0.044152523951503264,0.2997017097126228,0.08034749619895477,0.16980476218063847,0.17786796536796537,0.4997434874308841,0.4619774361284752,0.0316741645785644
1,0.7845498135322323,0.13370556789544827,0.042216657470678945,0.16338045634920634,0.556606369936701,0.48097345132743363,0.24114701660393567,0.20676441186271244,0.5400351118235249,0.4311787072243346,0.13214818120049893,0.05864318330071755,0.22073773764550508,0.31448575238379506,0.31742451800654786,0.06927924360422195,0.5004055384971903,0.17327922077922078,0.44576184233027416,0.4172439038125809,0.01333978418530313
1,0.29363345764517845,0.12498047127069196,0.03894854491178926,0.11216517857142858,0.32824188746278365,0.4400073746312685,0.36112147208752954,0.18777074308563813,0.3451263262346386,0.33093930432333474,0.49738191578185903,0.09689606436181779,0.0905126078810774,0.1803800445775354,0.5692906511458712,0.07115654439767488,0.2791191124500319,0.31909090909090904,0.4870603659579319,0.5475680952112781,0.010569287686334543
1,0.4587639850825786,0.1918909923311529,0.03607656720852256,0.04134114583333333,0.18654457204333355,0.2910029498525074,0.2694155279011676,0.5254359657891814,0.780551102969239,0.39721166032953104,0.400801819982625,0.2525440313111546,0.30341840965631617,0.11277727129680398,0.20053837759185159,0.038509110286532804,0.4152714211227623,0.19563852813852814,0.5155902639229322,0.34114246025041767,0.0363077056389593
1,0.27874267448055406,0.14145592620517733,0.11018208055685241,0.25610739087301587,0.18439290450098825,0.3893805309734513,0.3453369954675437,0.42024880595357106,0.3099000076330051,0.2864385297845373,0.16981208611789997,0.06861274190041314,0.15964863785742803,0.13063748471094358,0.6085849399781739,0.0699538985768691,0.23495162505069234,0.4909848484848484,0.5002565125691159,0.36941300144543937,0.10178866720102829
3,0.4187000532765051,0.18223870560185845,0.5201250654329895,0.5149739583333333,0.22337311416347666,0.30715339233038347,0.16329275598205104,0.6479506831056314,0.21288451263262348,0.19487396141388535,0.0324547793135853,0.42316808001739514,0.6532448785282102,0.03874092795245063,0.14261185885776648,0.01821079545732318,0.7866143328891723,0.09426406926406926,0.41480932565695716,0.23205871862739577,0.7745956784105872
1,0.5498135322322856,0.06830640066839198,0.04774839777598574,0.15578497023809523,0.3810953488953939,0.4465339233038348,0.28170176211951664,0.39259135843607684,0.5140828944355392,0.2792001126601887,0.013754660663157859,0.15416394868449665,0.3180687367548143,0.06494888507496098,0.17043288468534012,0.013771761289470982,0.634609814031632,0.2143290043290043,0.5163313002337114,0.43395093014961234,0.016377461493468512
4,0.4215237080447523,0.00859943349703503,0.04122632033162146,0.09714471726190477,0.255422952788411,0.441519174041298,0.013427825438269305,0.2626902143729868,0.6158308526066714,0.8291226587804534,0.008643565327032353,0.21459012828875842,0.2916858625879173,0.053655260570942845,0.07343761367770098,0.5753975819974676,0.7495944615028098,0.2244805194805195,0.951490623040529,0.877588181186762,0.003942722211390567
1,0.15079914757591903,0.07674281172946426,0.04196199934920702,0.05064949156746031,0.26729465335635116,0.20685840707964603,0.4081301640048376,0.41477840719760073,0.2841386153728723,0.7280523869877482,0.16354490969384133,0.22372254838008263,0.11165883473079638,0.063644651506844,0.5026555110949436,0.024067582828564305,0.25970395689705117,0.2752056277056277,0.33873909821581255,0.6038557564153103,0.009411504179815091
1,0.3098827916888653,0.09144539767285473,0.06678409235601204,0.11226593501984126,0.4528259401035803,0.2682153392330384,0.13241327862737784,0.2966788848161724,0.4126020914434013,0.22074355724545838,0.8885902909470739,0.34028049575994784,0.27983046162351427,0.08081706015371788,0.3942670061840669,0.0489124855169177,0.33482996350153527,0.10699675324675326,0.6244941002109103,0.27707383003885794,0.0047887947738470904
1,0.354075652637187,0.11381003810649441,0.02618734349136284,0.0880766369047619,0.21686807275638617,0.3589233038348083,0.17486690854837067,0.07808508275019437,0.38058163498969544,0.1799464864103648,0.4763392117690407,0.20691454664057404,0.2230412481955834,0.03310547096782566,0.21182975627500908,0.039662868065842405,0.6244423845663635,0.19482683982683985,0.6528529897965,0.272718740027407,0.018524536104311238
1,0.6006925945657965,0.13450709487226514,0.04803135124428788,0.14891803075396826,0.47046461007280643,0.3526548672566372,0.45719032925299247,0.40769743418860377,0.7530722845584307,0.6195465427404592,0.11290382554668776,0.18292020004348772,0.10393439601953375,0.03334230940183696,0.5425682066205892,0.027841739632068596,0.6528011123341637,0.23895021645021644,0.7756940090064411,0.17885904150475862,0.006607309200407269
1,0.6182205647309538,0.23208281539746908,0.03809968450688284,0.16361297123015872,0.20100577947909629,0.25501474926253687,0.1924541950651611,0.5073308897034321,0.48133730249599266,0.4499084635966765,0.4263099717064366,0.1403239834746684,0.13280506158051536,0.05423600138858699,0.29220807566387774,0.08605761944570739,0.5774578529633277,0.251504329004329,0.3481730604799635,0.17427868821685338,0.006905781455726214
1,0.3315929675013319,0.08190518886828466,0.08461723469575429,0.1548859126984127,0.19832870474617828,0.2531710914454277,0.4690470539034507,0.40819726757747415,0.3944737042973819,0.40464723278411496,0.3658557197280844,0.13747553816046967,0.1440154795908965,0.04436989621285611,0.39461622408148417,0.02839906330512493,0.9405741266438793,0.2703571428571429,0.508521917573961,0.3561975558934504,0.0104344937645776
1,0.0909962706446457,0.09023291830538177,0.10385099670359209,0.17174324156746032,0.2519202381845931,0.2935840707964602,0.11700179715845511,0.6818282794624014,0.4627509350431266,0.15959723982537669,0.009067799761347002,0.47439660795825184,0.22175128228753957,0.04759965869310605,0.4001746089487086,0.03675402959682032,0.41660390475638726,0.07261363636363637,0.4941002109103346,0.4145407444951286,0.20602288126821827
1,0.3810868407032499,0.12092868447686779,0.03518526378337082,0.030381944444444448,0.445970627236108,0.4844395280235988,0.3607767341448804,0.16122403643230032,0.4604228684833219,0.34555696380791434,0.1820050232061306,0.24284627092846273,0.18851930341840964,0.19156984949404174,0.4121207711895234,0.056040361967059235,0.4946845489832571,0.37930735930735926,0.6146041156016644,0.49944622777871633,0.01767003892174491
1,0.4044485881726159,0.1968394025227722,0.08056392626232615,0.19325861855158732,0.24358878130551176,0.32684365781710917,0.08919670407921061,0.16305675885815837,0.2055568277230746,0.14221940571750458,0.014567635814175176,0.14081865622961515,0.04855800239565095,0.046936186641663456,0.20462713714077846,0.08448831331368033,0.2987660042871213,0.14769480519480518,0.5589978908966539,0.5589720485817798,0.014739474640689953
1,0.3785828449653703,0.23412535066805237,0.048705728392965775,0.047050626240079364,0.5962120643498711,0.2860865044247788,0.14479784793100722,0.7047095412640231,0.47568887871154875,0.25002957329953523,0.09759758237077751,0.14484996738421396,0.045967935133142894,0.6632481904570333,0.4571553292106221,0.09989977951493284,0.5203493424482939,0.3337954545454545,0.4689619791369777,0.5020799309192618,0.009003102667234728
1,1.0,0.11363343046753477,0.04193370400237681,0.09305245535714286,0.4984613075133228,0.2921828908554573,0.36428062798819977,0.3205598133955348,0.4571406762842531,0.2907759470497113,0.6033526351550061,0.09421613394216134,0.21447218894929207,0.020290240634337677,0.5853765005456529,0.05073112066057521,0.6631423440125138,0.2666017316017316,0.7253605426665907,0.3273263126278838,0.012085719306100147
1,0.21358550879062332,0.11572555172905671,0.21040419902946958,0.10832093253968253,0.34942080112086865,0.12839233038348083,0.2453629920992845,0.19860046651116298,0.4211128921456378,0.2075763976904661,0.7373600110875613,0.44384648836703633,0.21917135047145184,0.032965963397106675,0.2767697344488905,0.056206581308146215,0.4024679914257575,0.2000865800865801,0.4486689847802542,0.18141202530457468,0.349686724483631
1,0.3171550346297283,0.1554351000889831,0.051766337025876095,0.08272879464285714,0.25602341814906554,0.39476401179941006,0.22914335446972525,0.2771853826502277,0.4522555530112206,0.2742430643571328,0.8865147535552874,0.04019352033050663,0.21981633342547371,0.044905215960963835,0.34370316478719537,0.06673706544642113,0.6289467585887261,0.2384199134199134,0.7333409337057516,0.22488783766026543,0.00873512753671329
1,0.3423281832711774,0.190087556633315,0.041502199963216045,0.11178540426587301,0.2733368360479371,0.34911504424778766,0.13869203033693894,0.30453737643007883,0.3778337531486146,0.3205604844388114,0.2115594587377082,0.12118938899760819,0.10508615129457291,0.04859730004185227,0.23908330301927974,0.06365711883216245,0.38920833091941376,0.1764339826839827,0.4259818731117825,0.3412926357680539,0.007241562742960026
1,0.011028236547682474,0.05943526311141904,0.07967969667388197,0.07463727678571429,0.7503315069178613,0.24837758112094396,0.14829382975597072,0.23070087748528265,0.3818792458590948,0.07607379242360232,0.01947760008383278,0.24356381822135248,0.06984243987837464,0.05379476814166183,0.2805529283375773,0.06505531681895291,0.3807137477550548,0.060248917748917746,0.711394858348059,0.3251112237427493,0.012463623693883005
1,0.8209909429941398,0.09249485460436493,0.07584567717838801,0.11847408234126983,0.2248992969551402,0.5733038348082596,0.1528375888689205,0.29023658780406525,0.4055415617128464,0.30159132516546966,0.025809003234998833,0.30205479452054795,0.234589514419976,0.019810075042095598,0.1599272462713714,0.11769795990202835,0.5598458953710678,0.29579004329004327,0.5981303083851108,0.38658932627508397,0.024477131970470505
2,0.08838572189664358,0.9626338991570381,0.05045060339827115,0.0703125,0.9103805449223148,0.8334070796460178,0.5572660585715417,0.1362323669887815,0.27600946492634154,0.37315871004083934,0.16261869268187149,0.0393889976081757,0.4432875702570718,0.5061075116715927,0.6969225172790106,0.08752426069059248,0.42493192746654307,0.9580735930735931,0.33027418343498827,0.4740290214187831,0.00823927846739311
1,0.2552477357485349,0.16571230615613475,0.01740163830058147,0.07356770833333333,0.07380720058044984,0.2146755162241888,0.4047788590869531,0.7103187826280128,0.554766811693764,0.08283340374595126,0.39759048362725513,0.2932702761469885,0.14321692926686938,0.015900618699854326,0.35658057475445615,0.02045964536614699,0.7025230287932333,0.14669913419913422,0.5865587413783275,0.2035253702765107,0.018690621472190333
1,0.3249866808737347,0.06156134738043323,0.029229093275610823,0.04351128472222223,0.4822487427756511,0.3205014749262537,0.5588484622427181,0.13656558924802845,0.4235554537821541,0.20892831995493594,0.23823383261162773,0.12831050228310503,0.13203722473048926,0.1870569417993881,0.4281556929792652,0.057027900405281856,0.4210068941544523,0.4218073593073593,0.593456079347888,0.4676465619192431,0.009955493935477039
1,0.7620138518913159,0.10888540202011969,0.06672042782564407,0.14769345238095238,0.37569116064950336,0.2963864306784661,0.19558509375741753,0.6753859824502944,0.5143882146401038,0.48021405435854103,0.36418244446923376,0.1323439878234399,0.23247028471390396,0.05497571594960857,0.37748999636231356,0.11660286777251415,0.765164243091362,0.26777056277056277,0.5578863364304851,0.2955641906478196,0.017193446126961432
1,0.32690463505594036,0.1558222783743946,0.03818457054737349,0.08178323412698413,0.39190372538717505,0.3414454277286136,0.2894442372249161,0.3050094412973453,0.3777574230974735,0.48111533586818755,0.22776825644718027,0.1436616655794738,0.19622838539267173,0.2722149584559432,0.3854638050200072,0.022395611809395304,0.47928856960778643,0.3182034632034632,0.5304109901385168,0.21351204219932046,0.011156604059704079
1,0.48684070324986684,0.1566713535617006,0.1635329570052205,0.2097904265873016,0.47630663764417425,0.6488569321533924,0.15639799712906763,0.17152615794735088,0.4286314021830395,0.2622306717363751,0.09251691022117657,0.10940965427266798,0.272735649129273,0.14452173235959212,0.42267733721353223,0.09100997804926937,0.19789554486993802,0.24308441558441557,0.6558171350396169,0.42184302904019066,0.35467891365727205
1,0.5031166755460842,0.21302956819432273,0.06070766662422364,0.2015904017857143,0.16232580249693512,0.5352138643067847,0.3231607383043414,0.3066755525935799,0.45500343485230144,0.5159554992254611,0.8312256825779933,0.28050119591215483,0.3783746429558647,0.186589753655585,0.33783921425973085,0.09235439919041404,0.5852499855164822,0.26451298701298703,0.5365957931938664,0.39829363068085827,0.008977034485580663
1,0.3309003729355354,0.19866321602510548,0.04436710382977519,0.02838231646825397,0.7068728264404913,0.42241887905604725,0.3414375007064302,0.14461846051316224,0.31257155942294484,0.4218560766089283,0.23281850541025667,0.02928897586431833,0.10150803157345127,0.14931852173884833,0.3821462349945435,0.034187407418271414,0.3419848212733909,0.14656926406926407,0.4815025936270877,0.5487037975634023,0.013349412322571481
1,0.2548215237080448,0.10235091937861282,0.009768968493131306,0.025731646825396828,0.5321874452700842,0.13587758112094397,0.11772518169385011,0.3386926580028879,0.17277307075795742,0.32781298408674836,0.3908973825918527,0.08449119373776909,0.002856353082097115,0.050431986814912386,0.08739177882866497,0.0,0.28357279416024567,0.2071374458874459,0.37713047939349026,0.24786469185860976,0.0064628871413819735
1,0.3566862013851892,0.10140674777032857,0.0682200812076454,0.12355840773809523,0.39863394130451096,0.3558259587020649,0.2697885230522306,0.19910029990003328,0.5963666895656821,0.6001971553302352,0.507424947689021,0.09176994998912807,0.09373752265118708,0.055832227546580925,0.42015278283012003,0.09651966032588767,0.17100689415445225,0.1859090909090909,0.7922248190161318,0.2772240055564941,0.011544136584755288
4,0.2433137986148109,0.021199709276655865,0.05138434984366821,0.0642361111111111,0.2737121268983462,0.2556784660766962,0.08459077910775038,0.0,0.27028471109075647,0.6492888325587945,0.00805876407494921,0.2711459012828876,0.12316103074418747,0.09783698378143381,0.17343033830483812,0.4663576942444108,0.5016511210242744,0.6232467532467533,0.22578806361511713,1.0,0.10940933784892973
3,0.38673415023974433,0.12232116778404961,0.28756560983546253,0.11325024801587302,0.3936050439090295,0.1623156342182891,0.1972353147287873,0.5608685993557703,0.06136936111747196,0.23658639628221376,0.017408823400162934,0.3343879104153077,0.44807887220123466,0.03792659306290493,0.27087668242997454,0.03428518350126375,0.3706911534673542,0.12215367965367965,0.48902696232115367,0.1719509676934918,0.5844158970174439
1,0.12749067661161428,0.19506992983242652,0.014374036189748595,0.14885602678571427,0.5213290299982487,0.23635693215339232,0.08392390898918314,0.019493502165944674,0.13739409205404168,0.0,0.46967315356610456,0.23721461187214612,0.04978654135569274,0.07387736960097589,0.13620953073845035,0.02888794372008663,0.1338132205550084,0.13037878787878787,0.4227897166961181,0.24328433857070453,0.00558431961564476
1,0.353276505061268,0.238284460565552,0.03600582884144702,0.06488715277777778,0.586879831869699,0.24646017699115047,0.40120714794344037,0.1580584249694546,0.3955423250133578,0.17082101112519366,0.5508929205244958,0.08983474668406176,0.10900211922970607,0.22018187893987223,0.3741869770825754,0.01618683053938176,0.5292567058687214,0.14444805194805194,0.587185772102833,0.2932364701244579,0.013987276416599873
3,0.31901971230687265,0.12376799190321902,0.7080344637324392,0.7170758928571429,0.19605194025369657,0.11216814159292036,0.14252935923954202,0.9502388092857937,0.14869093962292956,0.12406703281227999,0.006956768651948605,0.5751902587519026,0.47415461162812117,0.04383133210263864,0.17588941433248453,0.010427819251132979,0.4600110074734952,0.05615800865800865,0.3303311862281252,0.35071614949972774,0.09054059583727485
3,0.21502397442727758,0.06742336247359375,0.23030997552452498,1.0,0.2836698441292001,0.16327433628318586,0.16762176031105536,0.38292791291791617,0.06396458285627052,0.33451626531474443,0.07311367792662603,0.6138290932811481,0.34994932276789825,0.02402774578476253,0.2671225900327392,0.017721915042361487,0.06968020392793002,0.03531385281385282,0.30678903266260044,0.28000225263276446,0.7373588575252318
1,0.6019179541822057,0.07208308710152901,0.5166588854462884,0.2839936755952381,0.9467337186319397,0.3300884955752213,0.14380658505984878,0.2357547484171942,0.41370887718494775,0.4474017743979721,0.017983483590071226,0.27190693629049795,0.41718111735618413,0.045498934227046955,0.543717715532921,0.05553192633549906,0.6124934824170095,0.06542207792207792,0.6422504702730434,0.284770325317715,0.7691124542362601
2,0.31214704315396913,0.9041088446464111,0.030219430414668305,0.051370287698412696,0.36328154319597683,0.8938790560471978,0.4822036101409469,0.22214817283127847,0.22753988245172127,0.5125756935642868,0.19075675986302804,0.04247662535333768,0.23968795110414934,0.39861206188945164,0.6330883957802838,0.10653193122430323,0.5525317189038874,0.944047619047619,0.3796956050846491,0.5230613279270147,0.012920960214129773
1,0.4470964304741609,0.12101698829634763,0.050266683643874766,0.09905133928571427,0.36308138807575874,0.29867256637168144,0.27230341460106466,0.30089970009996664,0.48492481489962597,0.529460639346571,0.253469088352314,0.41721569906501416,0.05454712982585459,0.09139530281253751,0.2963113859585304,0.062151367154080435,0.4095793986443428,0.20219155844155845,0.8050504474719262,0.3367592123294099,0.012970304417630082
1,0.484283431006926,0.09512359138426427,0.05908068418148635,0.08060515873015874,0.1893717631164152,0.35929203539823007,0.21005278446531708,0.5246029101410641,0.4447752079993894,0.2010984368398817,0.27174666274545595,0.22732115677321157,0.3265456555791025,0.07990863876298962,0.25006911604219717,0.05470082963006418,0.7536788135102255,0.19941558441558443,0.33728552699082254,0.25184434307597,0.014839366564849115
1,0.2944059669685669,0.08486676312160793,0.08187258605322355,0.09439329117063491,0.31905977132277513,0.4095132743362832,0.13103432685678115,0.2226202376985449,0.37443706587283415,0.38339670468948034,0.39928066065639717,0.27447271145901286,0.16554562486562854,0.03483147161020935,0.21465260094579844,0.0548768265794504,0.37675974740745033,0.09268398268398267,0.7052670580858461,0.2540969758405136,0.01456135410122542
1,0.2642514651038892,0.12643748429210905,0.02331536578809615,0.08486793154761904,0.4309589932197453,0.2373156342182891,0.2102223277158003,0.3227257580806398,0.35447675749942753,0.21563160118293198,0.27403854279697254,0.25784953250706677,0.17924383427009424,0.02935823273107158,0.20761004001455075,0.02961148673422994,0.9259023231562482,0.10814935064935066,0.6194493530182978,0.3885603799440596,0.01036950383801622
1,0.31387852956846035,0.2442959128916784,0.030799485024687687,0.06683252728174602,0.18658210112837445,0.20608407079646018,0.07507940275564295,0.0719204709541264,0.5046179680940388,0.2115758343895226,0.451162334742941,0.3247390737116765,0.006557326699222942,0.056129086679622485,0.26252455438341216,0.03133723459904473,0.49914547245234925,0.1880735930735931,0.3665279598700336,0.22590152240430997,0.004533649136235736
3,0.3822056473095365,0.08358296143840128,1.0,0.4439949156746032,0.2867722484925817,0.1839233038348083,0.19768743006340914,0.7411418416083528,0.2718876421647202,0.42103929024081116,0.020136769125198174,1.0,0.3538806474400319,0.04726711157685731,0.42325209166969807,0.08088526465541263,0.6722235096460228,0.14712121212121212,0.43664139542837593,0.3089110397777402,0.8478321045423145
4,0.10548748002131059,0.16574626916362697,0.050266683643874766,0.1956690228174603,0.3151442367835072,0.39859882005899705,0.1928158873328586,0.5985782516938798,0.6923135638500877,0.5499225461202647,0.024578554357783437,0.1060882800608828,0.9905709634816793,0.06328128295055269,0.17961440523826847,0.36132662589403997,0.7202508545275477,0.03790043290043291,0.5036196773641908,0.8101969176475005,0.013301271636229718
1,0.44507192328183276,0.1339772719553862,0.08167451862541206,0.11689298115079365,0.2266506542570492,0.638716814159292,0.34456839939868655,0.37170943018993663,0.46057552858560413,0.2789466272356006,0.22376253688811365,0.0880734942378778,0.2225498326115667,0.07762136347562024,0.2733212077118952,0.08922556453465916,0.11554950466369272,0.1370887445887446,0.7055235706549621,0.4652249816973587,0.025820257119405752
1,0.3560335641981886,0.09359729382756302,0.03019467198619187,0.23899894593253967,0.33190722810177886,0.33043879056047204,0.23964938455800072,0.26317616350105516,0.37105946110983895,0.19677510209829605,0.8420698583969686,0.41340726244835835,0.1262477348812924,0.07969191537405873,0.30181156784285196,0.028242621572337187,0.5595388447946237,0.184237012987013,0.4982329134127572,0.3359294925944697,0.010521146999992778
3,0.39088971763452324,0.1519504955202793,0.4556541176803474,0.20735677083333334,0.2341814906552578,0.14505899705014752,0.16133735715981148,0.6612240364323003,0.12922677658194032,0.1496690606956767,0.0030456990065139415,0.569406392694064,0.21336650388525444,0.03189207953878148,0.22214623499454345,0.023089821998640913,0.5293870575285325,0.08877705627705627,0.5134811605768682,0.4889902573632933,0.7339240195547468
1,0.564198188598828,0.09606097039105008,0.0651500360765672,0.10393415178571427,0.42177687707973677,0.40825958702064896,0.26194432199654133,0.4070309896701099,0.6607892527287993,0.49263484016335735,0.11059166337082145,0.09435746901500328,0.27178353143524064,0.3071080729462377,0.38579847217169877,0.07879285647937657,0.5816725566305545,0.30825757575757573,1.0,0.16573745565129247,0.015426682938218653
2,0.03526904635055941,1.0,0.01553414540978736,0.05699714781746031,0.6959893917786285,0.6705014749262538,0.5850146372339584,0.24991669443518827,0.07938325318677965,0.47272215180960425,0.30294733070341784,0.07465753424657534,0.2588224454068,0.27703608055102247,0.5963477628228446,0.06723572346968208,0.4314784774926134,0.43726190476190474,0.10511315054437666,0.5937189089748642,0.002351672527795228
1,0.33106020245071927,0.20042249981320345,0.04341920971096303,0.08958023313492063,0.31274237534088917,0.26268436578171095,0.14182858047087812,0.35982450294346324,0.292191435768262,0.3240951978594564,0.4099321562940503,0.19479234616220917,0.10912497312571022,0.04111580101678308,0.28407420880320117,0.0634420114495793,0.0981547998377846,0.16942640692640693,0.4218776720059283,0.15819113589007147,0.006674706161285741
1,0.2705913692061801,0.09322166296469886,0.03643025904390023,0.10539124503968253,0.23813455427956665,0.26216814159292035,0.24905903495981827,0.20148839275796956,0.35981986107930697,0.33189691592733417,0.43071119269032243,0.13942161339421616,0.055161399305875485,0.027054735633153488,0.20445252819206983,0.08654649986066909,0.2582556051213719,0.3871753246753247,0.6112409508065895,0.528035891948715,0.01172225712421982
1,0.2586041555673948,0.2775728676325746,0.03238402444717966,0.11588541666666666,0.1979283945057419,0.3755899705014749,0.19103003176110225,0.3756525602576919,0.5388138310052668,0.36130122517955215,0.4633856950176962,0.1549032398347467,0.13394146011855398,0.4831212061240579,0.1338814114223354,0.047670729262915,0.38107583569897463,0.18293290043290045,0.47107108248304164,0.2980984025079311,0.008049122756343136
1,0.2874533830580714,0.14537865357053098,0.058125716225966635,0.06532118055555555,0.5493882759138332,0.5117994100294986,0.28134572129350194,0.4373264467399755,0.4844668345927793,0.3174059991550486,0.1983743877333712,0.03433355077190694,0.2017568107128597,0.07364215334801949,0.5574972717351764,0.09273572591408415,0.2975566305544291,0.3476515151515151,0.6975716810123695,0.3032231420472677,0.015992336002734392
1,0.8021310602024507,0.175194777847968,0.12499469462246932,0.1460813492063492,0.34216517801296004,0.6433628318584071,0.1179794965695749,0.4612351438409419,0.7213189832837188,0.4129840867483453,0.15482359622346845,0.37247227658186566,0.32989342424521634,0.04077838735736973,0.1275809385230993,0.12127656453954797,0.15698684896587684,0.15694805194805195,0.6752550874992875,0.5765425841452196,0.024462689764567974
1,0.5669952051145445,0.07657639299275229,0.06801493994312635,0.07259889632936509,0.6505917085741448,0.35685840707964606,0.47181626032800966,0.7381428412751305,0.3713456988016182,0.29600056330094354,0.012436322580427074,0.052141769949989134,0.10126232378144288,0.04395948440597352,0.9258130229174245,0.06652684686798761,0.5324068709808238,0.28106060606060607,0.5364817876075927,0.35689211766251805,0.014579406858603584
1,0.3130793819925413,0.16053974011506666,0.03304189126098213,0.10606553819444443,0.1889839625709925,0.24498525073746313,0.31655985441886225,0.430412084860602,0.3606213266162888,0.30944937332770034,1.0,0.13858991085018482,0.22609723885868732,0.025354689887647736,0.12775554747180792,0.04394057169675725,0.501810439719599,0.15530844155844156,0.47115658667274696,0.30462165155525517,0.010942378005483222
1,0.5287426744805541,0.10824010487776715,0.055062744931596,0.06836712549603174,0.5139232905501764,0.5200958702064897,0.11213025442790456,0.6469510163278906,0.20109151973131822,0.33954372623574147,0.14731752003704868,0.2962546205696891,0.31740839706379187,0.09498518948696902,0.19420152782830122,0.07319028692391552,0.23272840507502465,0.14051406926406929,0.6170267343099812,0.2969345422462503,0.014816499738836777
2,0.27725093233883863,0.8811973997921463,0.007512414583421754,0.06727430555555555,0.8316445245064925,1.0,1.0,0.11968232811285127,0.0730478589420655,0.3653006618786086,0.24899349957914593,0.022983257229832573,0.11701833594397862,0.4910309609476133,0.847901054929065,0.11084385648426538,0.4180667400498233,0.8409090909090909,0.26369492105113146,0.6004580353287905,0.004895907800957518
1,0.5877996803409696,0.07647110766952635,0.03156345938910347,0.0642671130952381,0.16780504891290748,0.1433628318584071,0.22497259050783858,0.32328112851271795,0.5182047171971604,0.3747641177298972,0.41973518306307406,0.325951293759513,0.2536011548266224,0.05376881324478387,0.20376864314296106,0.10496751389642578,0.969961184172412,0.23154761904761906,0.1763666419654563,0.1479228848716938,0.010367096803699129
1,0.25157165689930744,0.01794944945964855,0.07293125645487598,0.13860987103174605,0.3163201481147889,0.27806047197640116,0.4606942230963118,0.14600688659335775,0.5984657659720632,0.2694831713843121,0.37420519425204596,0.10306044792346163,0.10746644552965386,0.04571468430734491,0.49997817388141147,0.024693349759715277,0.3514425583685766,0.3201136363636363,0.546200763837428,0.29007339828424467,0.008696614987639878
4,0.9075119872136387,0.15642681990775648,0.07833566769944683,0.21392919146825395,0.24143711376316646,0.5775073746312684,0.2004453336046025,0.5562590247695213,0.7769635905656057,0.8742993944514857,0.020454522406676875,0.2175364209610785,1.0,0.050913774588209344,0.1646562386322299,1.0,0.2379931637796188,0.19716450216450218,0.6848885595394174,0.7369300369807212,0.019095003237461158
1,0.5446989877464038,0.07390350430311304,0.04680050365717357,0.11467633928571429,0.27671445370161873,0.337094395280236,0.2582030676025454,0.4616239031433966,0.3995114876726968,0.24405013378397408,0.479614774851518,0.4660360948032181,0.3388617586535213,0.04282557984861807,0.23243361222262643,0.04294814445438501,0.42538091651700366,0.16024891774891775,0.4386364931881662,0.3150494640611214,0.010371910872333306
1,0.32320191795418224,0.11836787371195295,0.09503699616598049,0.07955109126984126,0.43246015662138154,0.3300516224188791,0.06766471126784443,0.2815728090636454,0.32444088237539126,0.1850866075200676,0.3380286451202899,0.14438464883670366,0.049095488190669216,0.04948301089781232,0.2453182975627501,0.07380138744261765,0.553364521174903,0.12371753246753246,0.5471983127173231,0.3960597698560192,0.8134548404256601
4,0.3132125732551945,0.03132747811084167,0.025635584228173677,0.05397445436507937,0.34872025820010505,0.26474926253687314,0.28458399737773105,0.10974119737865157,0.6162125028623768,1.0,0.015482021586941015,0.14571646010002176,0.22270339998157188,0.08936919867500251,0.04295380138232084,0.43393514512415116,0.5761977869184868,0.44392857142857145,0.3904691329875164,0.850443956374012,0.010925528765263606
1,0.4866275972296218,0.21825307874662916,0.03244061514084009,0.0935484871031746,0.08251394830994017,0.2922566371681416,0.048828456139161105,0.2144840608685993,0.37004808793221894,0.27215885086607516,0.9210011256579015,0.29182430963252887,0.09671672962928836,0.19322447417001107,0.23319025100036375,0.04987069113024263,0.515091825502578,0.16191558441558443,0.011913583765604533,0.2314017007377372,0.013190548057643657
4,0.6709110282365477,0.048410870879438114,0.11497814184457367,0.18905009920634921,0.5711676549325727,0.2895280235988201,0.03720909203937925,0.3934799511274019,0.6336920845736967,0.9808477679200113,0.027191568044837015,0.17763644270493584,0.4576307626155594,0.04034364283466406,0.20288104765369225,0.885308654649986,0.23794971322634842,0.06074675324675325,0.9650572878071025,0.7899419947063129,0.02507407648110839
2,0.014651038891848695,0.4019114380616632,0.023400251828586786,0.07313368055555555,0.6056193550001251,0.6121681415929203,0.8949849106507071,0.14167499722314786,0.0,0.3712998169271934,0.18462479760130074,0.01289410741465536,0.2120151110292085,0.4117582171581335,0.9051436886140414,0.04211704774895013,0.3913301662707839,0.6481926406926406,0.04583024568203841,0.43930093296540323,0.018806159119410564
1,0.17261587639850826,0.1352678662400913,0.020117991596281987,0.08479042658730158,0.29012484675623607,0.31541297935103246,0.1800210233630599,0.2596356769965567,0.5807953591328907,0.19664835938600195,0.5923123988006503,0.20940421830832792,0.1689855339537455,0.08477842628971505,0.24503455802109858,0.04361302181873292,0.4577805457389491,0.27088744588744584,0.5008265405004845,0.25678136321826134,0.007627891750852692
1,0.287266915290357,0.16936672576229972,0.10276869968733642,0.4134269593253968,0.3970076809527384,0.1424778761061947,0.04635312468210641,0.229367988448295,0.5523242500572477,0.2567244050133784,0.7104523927836202,0.48306153511632965,0.0841242052888602,0.20045940167473972,0.21174245180065476,0.06005895897804438,0.49258443890852216,0.336569264069264,0.5475688308727128,0.31003735616001193,0.6219102705747277
1,0.5807938199254129,0.0768175303459472,0.04155171682016892,0.19125124007936506,0.2926017663689359,0.3460545722713864,0.2153368824387101,0.26674441852715763,0.49832073887489503,0.18135473876918748,0.893329547336788,0.31871058925853446,0.2978439141251267,0.03968990386955069,0.38285922153510366,0.04870226693848417,0.7818854643415794,0.19576839826839829,0.43162514963233195,0.3656679994743857,0.014608291270408642
1,0.2685135855087906,0.11668330854033786,0.03493060566189889,0.06153893849206348,0.19957967424754183,0.18687315634218293,0.2650300091553355,0.23170054426302342,0.06488054346996414,0.44278270666103364,0.017300652070297844,0.011959121548162645,0.15728370035934763,0.09745739341459378,0.551938886867952,0.10098802731863757,0.05508081802908291,0.281991341991342,0.3892720743316422,0.6749826359557733,0.011883528423464733
1,0.5144379328716037,0.23625007641676685,0.06768246961787135,0.11494760664682539,0.6191548450048788,0.45258112094395286,0.233760582324551,0.259524602910141,0.6345317151362492,0.5063512181382904,0.2436254973345908,0.16450858882365732,0.2901501888878651,0.04011004876276251,0.28657693706802473,0.05211465223491681,0.5945266786397081,0.17765151515151517,0.6610898934047768,0.372557301345948,0.016026034483173628
2,0.42450719232818324,0.681202833873345,0.033402656933067355,0.04301525297619048,0.6356176036428232,0.7616519174041299,0.8572897946266093,0.23747639675663662,0.20700709869475611,0.3401492747500352,0.14798513996355978,0.051261143726897156,0.376117202616788,0.23168638698102373,0.4978683157511823,0.08860957521180743,0.5319071896182145,0.745064935064935,0.500598529327937,0.6110641812618497,0.009358549424839149
1,0.188865210442195,0.08468336288114985,0.05937778532320359,0.10982452876984126,0.39057769771572964,0.3851032448377581,0.2151051733297164,0.27274241919360215,0.2792916571254103,0.3799464864103647,0.01772319632758335,0.24219395520765385,0.08928406892103564,0.07572341164142012,0.38876682429974535,0.07596712768089796,0.030009848792074627,0.07807359307359306,0.9208801231260332,0.2525952206641512,0.014880286148239616
1,0.43441662226957917,0.1898328340771232,0.05383189734448169,0.0667937748015873,0.4567790037278891,0.44085545722713865,0.18583070541295088,0.14167499722314786,0.4493550110678574,0.4452612308125616,0.3010543324307788,0.05380517503805175,0.10304370527350348,0.10719372410593492,0.12445252819206984,0.06443932749610118,0.14954232083888536,0.2786038961038961,0.4808755629025822,0.3694880892042574,0.014793632912824439
1,0.45183803942461376,0.23465721136538084,0.020669750859471158,0.08169022817460317,0.19202381845930597,0.23635693215339232,0.09750997479457009,0.23503276685549257,0.26265170597664306,0.09840867483453034,0.9303173814425323,0.1406827571211133,0.1403912896587733,0.04013600365964046,0.10475081847944706,0.04593031498565136,0.49910202189907893,0.10594155844155846,0.3101521974576754,0.3352668431228999,0.011765583741927408
1,0.12738412360149173,0.05596424374571217,0.00782366339855411,0.10100446428571427,0.3759663739398033,0.22964601769911505,0.41694076158828114,0.11662779073642117,0.35783527974963747,0.3249119842275736,0.6387246600208906,0.10085888236573168,0.17417611105992198,0.03647311883773972,0.3281920698435795,0.03591804408723582,0.550112971438503,0.18945887445887447,0.49421421649660835,0.2904582230481876,0.010046961239526392
3,0.6832711774107619,0.1305741786046638,0.45838461864946306,0.6407800099206349,0.37003677850334005,0.2061209439528024,0.17360098561142945,0.41913806508941465,0.411571635752996,0.25548514293761443,0.12599255646036364,0.5231680800173951,0.5104579378973556,0.09980955594415804,0.3496398690432885,0.058191435792890704,0.20583975435953886,0.2000974025974026,0.3852818788120618,0.3373693003698071,0.6245291239117197
4,0.442141715503463,0.019915907593449217,0.040221835519148874,0.12982080853174602,0.389777077234857,0.0,0.14689227221864296,0.16172386982117073,0.7033814212655524,0.972708069286016,0.004161215845747683,0.24055229397695152,0.2744248901993304,0.054810253482011635,0.025987631866133138,0.7331104038641107,0.7062018423034587,0.14751082251082254,0.4802485321780767,0.9519813782358131,0.0
1,0.41129461907298887,0.06193494046284786,0.033657315054539276,0.10847594246031747,0.26170281968525605,0.23414454277286137,0.13029963943802064,0.08547150949683437,0.5638500877795589,0.45233065765385155,0.3374742670547313,0.05696890628397478,0.18222304124819555,0.04216697434034007,0.26323754092397234,0.17241345594454138,0.4805486356526274,0.46373376623376616,0.5533831157726729,0.1433800754631976,0.007300535083728688
1,0.3435801811401172,0.11247189561130018,0.36522218921098426,0.15865265376984125,0.3411894218018965,0.32949852507374633,0.26324415358357917,0.40664223036765523,0.5881230440424396,0.3829601464582453,0.0723361964932207,0.6841487279843445,0.2534475874566172,0.05755498382685487,0.2869407057111677,0.049567585272966376,0.5713023579166908,0.19234848484848488,0.879553098101807,0.20632238929248553,0.2813919398048858
1,0.5437932871603622,0.0643666917992922,0.10367415078590325,0.08747209821428571,0.3428407015436964,0.5374631268436578,0.3058108123382275,0.3198378318338331,0.41706739943515764,0.34313476975073937,0.21407444215707153,0.2173733420308763,0.17362326852790316,0.07207350426795835,0.4548999636231357,0.09909117130858619,0.676336828688952,0.3182792207792208,0.8289346177962721,0.43997672279476635,0.020397208803005905
2,0.21699520511454448,0.5539026891909332,0.0,0.016121031746031748,0.7936400710550676,0.4088495575221239,0.7354899234794796,0.18260579806731086,0.3385237768109305,0.5777777777777777,0.23789241685174106,0.01664492280930637,0.22709542676372121,0.6142226346166949,1.0,0.02483023627590455,0.399991309889346,0.8157359307359308,0.12067491307074048,0.41557320117887775,0.007382374250509689
1,0.3958977091102824,0.27725361536214754,0.0011035185263783386,0.023933531746031748,0.4098426280367285,0.37411504424778763,0.44375120093135756,0.12984560701988226,0.7272727272727273,0.19228277707365163,0.3478688557839549,0.0,0.4372984428268681,0.10050060507353346,0.325529283375773,0.10577905538526221,0.4232952899600255,0.2400865800865801,0.4837257025594254,0.4305907529425015,0.006407525352088945
1,0.6403569525839106,0.30672331696316374,0.0672934085989559,0.18353174603174602,0.31941004278315693,0.45490412979351036,0.13838685248606922,0.3452737976230146,0.38836730020609117,0.3637797493310801,0.07574697373802933,0.30075559904327026,0.3364507509444393,0.030245565768086506,0.18279374317933794,0.07043300138353156,0.11775099936272522,0.11147727272727272,0.7846719489254973,0.43564979069287224,0.012588789478371594
1,0.6933937133724027,0.05403514492015297,0.03766110663101453,0.06640625,0.3379869398784058,0.2674041297935103,0.30187740892701725,0.6278462734644007,0.5599572551713611,0.06421630756231515,0.17400034479611395,0.12028701891715592,0.15602444792530482,0.1621921505903117,0.31349581666060383,0.04312414140377122,0.2737384856033834,0.0790909090909091,0.39736647095707683,0.4118751290570854,0.011573020996560348
1,0.3811134789557805,0.10801934532906758,0.023937863418360853,0.14336867559523808,0.13509219645225046,0.3020280235988201,0.32226215907678046,0.22317560813062307,0.34795053812686055,0.20578791719476128,0.4716608017523756,0.380435964340074,0.25347830093061824,0.0,0.19873408512186247,0.13963891292550928,0.4028590464051909,0.1237391774891775,0.5795473978224933,0.3323102626194364,0.013315713842132247
2,0.20330314331379862,0.38519484577398294,0.0001980674278114972,0.035900297619047616,0.6956891590983012,0.7855457227138644,0.5910164683010637,0.1204043096745529,0.3324937027707809,0.29404309252217997,0.15412048257934535,0.005153294194390085,0.2145029024232931,0.28710333617755746,0.6848453983266642,0.085079858615784,0.3482851514975957,0.606439393939394,0.5070968477455394,0.5393741435302509,0.0009965122072745393
1,0.6782631859350027,0.12397176994817245,0.029950624619781277,0.10847594246031747,0.4613325327128524,0.33694690265486726,0.17018751483503441,0.09774519604576251,0.18235249217616978,0.2772285593578369,0.2094737802837469,0.018656229615133725,0.22565189348567213,0.07550928374217704,0.5415060021826118,0.13187549193591755,0.25447540698684895,0.3286255411255411,0.4687909707575671,0.48581779955322785,0.013113522959496833
1,0.2767714437932872,0.05238454275603013,0.03681224622610811,0.0597563244047619,0.6396957642172684,0.2880530973451328,0.5930735930735931,0.21842719093635454,0.5171360964811846,0.2843261512463033,0.42442711449597237,0.2521635138073494,0.07739795448263151,0.14061714256051547,0.3696616951618771,0.04753384274672572,0.1710648282254794,0.1978896103896104,0.7412073191586388,0.34341386495466575,0.008275383982149434
1,0.23340436867341505,0.20219536880429836,0.07999094548901432,0.08821614583333333,0.5788736270609722,0.4988938053097346,0.2566093610480033,0.2770187715206042,0.5120983131058698,0.23557245458386147,0.14320193897108782,0.32675581648184393,0.19757977824871764,0.13833635599736557,0.356638777737359,0.04858004683474375,0.0,0.15998917748917751,0.6412244199965799,0.45013234217491693,0.020746228778983702
2,0.20847096430474163,0.17590800100530504,0.037604515937354095,0.035342261904761904,0.7929645475243313,0.8029498525073746,0.42056898714862156,0.211207375319338,0.26959774063048625,0.2577383467117307,0.11534106082271056,0.03822570123939987,0.0,0.9113478053512508,0.6041760640232813,0.06506509442725213,0.5584120271131453,0.6171645021645021,0.33608846833494843,0.5383604587862064,0.0017571350514744282
1,0.2968034096963239,0.08310068673201149,0.032666977915481794,0.054811507936507936,0.22194700893192224,0.2008849557522124,0.21960372090920396,0.39509052538042877,0.19143576826196476,0.3241233629066329,0.382916366660244,0.22015655577299414,0.26195521975490643,0.05462856920386598,0.3451873408512186,0.036964248175253844,0.05935345576733676,0.1912012987012987,0.2568545858747079,0.3011957725591785,0.006585645891553476
1,0.3212040490143847,0.20000135852029968,0.06693264292687068,0.09827628968253967,0.4457204333358352,0.5473451327433628,0.09336181659941452,0.24458513828723755,0.3460804518739028,0.35811857484861287,0.07656839977419236,0.07629919547727768,0.1657299057096348,0.0452134303613895,0.1821753364859949,0.07835286410591104,0.005576154336365214,0.07271645021645022,0.5263637918257995,0.4351147904112932,0.019150365026754188
3,0.21230687266915294,0.0,0.002617319581794776,0.05811321924603174,0.6801270985013386,0.15818584070796463,0.1301187933041719,0.9880595357103188,0.23792076940691553,0.2501901140684411,0.0,0.29828223526853664,0.8563837955711169,0.014596385131737322,0.08197890141869771,0.023392927855917164,0.3719222524766816,0.041233766233766234,0.212449410021091,0.3267256105573389,0.012506950311590591
3,0.728236547682472,0.15243277022666912,0.1444901885884866,0.8541046626984127,0.25204533513472943,0.18960176991150443,0.2136471013755609,0.8310007775186049,0.4512632623463858,0.4888607238417124,0.04408995798219906,0.7396390519678192,0.330323412881231,0.03828996161919624,0.10600218261185886,0.04613564475993527,0.9194571577544756,0.12141774891774891,0.37530639001311067,0.09624373486512357,0.931187702943081
3,0.34011720831113484,0.1164319822848953,0.8703790161707907,0.22665550595238096,0.36148014711401333,0.11851032448377583,0.2616052354955749,0.734921692769077,0.03358522250209908,0.23852978453738907,0.0014096076423044544,0.597423352902805,0.42215670014435336,0.03144435756763683,0.409094216078574,0.018641010222489474,0.35318058049939177,0.2126839826839827,0.2833608846833494,0.2604043475812355,0.8116303084133071
1,0.31044219499200854,0.08893553141917823,0.03907587397252522,0.08677455357142856,0.28719757812304536,0.24174041297935106,0.47683474054231234,0.27357547484171935,0.6826959774063049,0.3064357132798198,0.24277364811190322,0.013426831919982606,0.14521330507693722,0.20802525411466227,0.48509276100400145,0.029562598692733765,0.46105382075198426,0.3524134199134199,0.36749700735336027,0.30020085975483846,0.013103894822228481
1,0.3574853489611081,0.17461061411910148,0.013044154888728546,0.06411210317460317,0.29708023718381743,0.2142330383480826,0.46706904931448007,0.09541264023103407,0.35195786581177013,0.4891705393606534,0.6810568338927819,0.08308327897368994,0.10725145121164652,0.6284394293815921,0.5647871953437613,0.0771306630685068,0.5693760500550374,0.25856060606060605,0.002907142449980078,0.3925588031011244,0.014442205902529552
4,0.1757059136920618,0.11441457963985627,0.05132775915000778,0.20749627976190474,0.24021116365183015,0.36039823008849564,0.16270500604704258,0.4664000888592691,0.5317914663002824,0.7589071961695535,0.013582262606185372,0.1630789302022179,0.592677907798151,0.04111904537889283,0.04711531465987631,0.7507003211944326,0.20846127107351836,0.09415584415584416,0.8236333580345437,0.6850256236976966,0.004002898069317773
1,0.621257325519446,0.09138086795861947,0.0754070993025197,0.0757688492063492,0.7015436963646826,0.5002949852507375,0.18368315757349699,0.24108630456514493,0.4452331883062362,0.4235178143923391,0.37233585845781486,0.04861926505762122,0.07454160140053441,0.07951607094771061,0.48653328483084757,0.11676908711360114,0.4747407450321534,0.29962121212121207,0.5663797526078778,0.5431097595314524,0.019718425125587018
4,0.36046883324453916,0.007580543272267846,0.039769109969865456,0.11134362599206349,0.3876754484725662,0.4300147492625369,0.0,0.13501055203820947,0.7845965956797191,0.889029714124771,0.008984981086919043,0.09285714285714286,0.3207715224669062,0.055468858990289624,0.012353583121134956,0.6938533065426865,0.6193441863159724,0.10834415584415585,0.6245796044006156,0.7896416436710404,0.016052511860661596
1,0.4126798082045818,0.09787799129188487,0.030827780371517902,0.045394655257936505,0.3504090670269459,0.3053466076696165,0.1220993975563166,0.2588026213484394,0.22460117548278757,0.303224897901704,0.4083501505947733,0.17053163731245924,0.09777634448232439,0.02797937883443047,0.29802837395416515,0.08546607414360372,0.31260500550373677,0.24366883116883117,0.4970643561534515,0.3183439394792663,0.01061742837267631
4,0.7344166222695793,0.1948118109754855,0.12299987267093926,0.17430865575396826,0.6584603067377217,0.6685103244837759,0.05397126807048478,0.5220482061535043,0.8974887413174568,0.7582875651316716,0.026846771930892042,0.2457708197434225,0.8505175220369176,0.051549669561719115,0.15441251364132413,0.9332776009660276,0.5881756561033544,0.07490259740259742,0.9717266146041156,0.9596591015749657,0.0260970660658709
1,0.3866275972296217,0.038581976511184016,0.018689076581356195,0.07844277033730158,0.19889164102179185,0.24465339233038347,0.2607010048263312,0.5507053204487393,0.46034653843218076,0.09038163638924096,0.662694750648183,0.10656120895846924,0.17781565772904573,0.01683661716851541,0.21572208075663876,0.036934915350356146,0.2957027402815596,0.11788419913419915,0.3864789374679359,0.5705167915000656,0.010576508789285809
4,0.6253596164091636,0.050896963027870036,0.056336035538955616,0.15125868055555555,0.34076409217143283,0.24188790560471976,0.1157754343132933,0.10724203043429967,0.516067475765209,0.7253907900295733,0.012801400818721753,0.260513155033703,0.272766362603274,0.048697875267254324,0.11209894507093487,0.8072540075972016,0.23865940559643128,0.0,0.34195975602804535,0.8721818625518575,0.010675197196286427
3,0.3298348428343101,0.1333115970085383,0.9824285896184373,0.25265066964285715,0.12642297780780104,0.2683628318584071,0.11317577113921762,0.807564145284905,0.24517212426532325,0.4262779890156316,0.07448272132023108,0.5627092846270928,0.49408765625479895,0.028508209858318704,0.22008002910149146,0.06477176617827513,0.15813104686866347,0.07507575757575759,0.6355241406828935,0.2336355615625762,0.4799433865528621
3,0.12226957911561004,0.15241239242217378,0.10878146088875684,0.4821893601190476,0.2553478946183292,0.044395280235988224,0.09674137872571294,0.6041319560146617,0.04617968094038624,0.4097169412758766,0.20855094362583534,0.46336160034790175,0.30931539666451674,0.02634746469322934,0.0912768279374318,0.008521185632782364,0.41784948728347143,0.025075757575757578,0.29550247962150145,0.0,0.7099331085163281
1,0.6352157698454982,0.11234962878432811,0.0392456460535065,0.32739645337301587,0.21999549650979508,0.3412241887905605,0.33672419834299727,0.5821392869043652,0.2596748339821388,0.21011125193634697,0.36133618635215853,0.15030441400304415,0.14183482293682237,0.05331135818731,0.34331029465260093,0.02393069631237503,0.5379902670760675,0.19444805194805195,0.3933762754374964,0.4971560511347637,0.011426191903217964
1,0.3491742141715504,0.19949191340791608,0.03593509047437148,0.10598028273809525,0.0,0.2657817109144543,0.3205497722469001,0.36476729978895917,0.5476681169376384,0.6383607942543303,0.4596808269698169,0.482278756251359,0.2674836450750944,0.05971572899194425,0.2642851946162241,0.02856528264621191,0.6894733792943631,0.24343073593073591,0.08031693552984094,0.22926169961142082,0.018861520908703595
1,0.31822056473095367,0.31659636324115775,0.05512640946196398,0.1155908978174603,0.47745752958542864,0.398783185840708,0.42567789042984866,0.30975785849161386,0.30379360354171436,0.3845233065765385,0.436001446791537,0.28013698630136985,0.16089253355447033,0.49892449396061994,0.4366897053473991,0.06917168991293039,0.5901743815537919,0.3039177489177489,0.7212563415607365,0.3028289313134726,0.01576126070829392
1,0.3509323388385722,0.1155387551878494,0.0667911661927196,0.14808097718253968,0.5271585478746028,0.40254424778761067,0.41932001853672873,0.32677996223481054,0.6551789939699261,0.32295451344881,0.45222038556318395,0.08411611219830399,0.19714978961270307,1.0,0.36905056384139684,0.06351045470767396,0.5053444180522565,0.36100108225108224,0.5974462748674685,0.19244053988098586,0.01295225166025192
2,0.2098561534363346,0.3831842357304424,0.034534470806275905,0.043929811507936505,0.7768270409567415,0.5701327433628319,0.9471703231494354,0.16427857380873043,0.2879169529043585,0.27708773412195464,0.1419579686776393,0.03162644053055012,0.1925427685125464,0.3248741998591947,0.5478792288104766,0.037453128590215545,0.08869706274259892,0.5671428571428571,0.3765034486689848,0.7686546150813763,0.013890995043916343
1,0.607352157698455,0.1802620585658101,0.0466448792496074,0.07924107142857142,0.3540493882759138,0.44284660766961653,0.17228985114102607,0.3821503943130067,0.33585222502099077,0.20690043655823126,0.9498727296697056,0.17860404435746902,0.25412328388464017,0.03267072644511999,0.21588941433248454,0.08425853951864834,0.7112710735183363,0.24303030303030307,0.612267001083053,0.3150494640611214,0.006783022705554713
2,0.2609483217900906,0.48732160930314694,0.04668732226985272,0.03479972718253969,0.721058820585954,0.7514749262536874,0.7132910605495463,0.0991891591691658,0.3762308220746508,0.4605830164765526,0.2630219689210248,0.02549467275494673,0.07401947234251666,0.46990367488896173,0.7204219716260458,0.062229588020474305,0.6425467817623545,0.7853896103896103,0.583024568203842,0.551819939554354,0.02350950417500102
1,0.8383058071390519,0.0758122253241769,0.0661545208890398,0.023964533730158732,0.6130501138382246,0.46939528023598825,0.21987499010997708,0.11818282794624013,0.25028623769177927,0.22120828052386984,0.3921210707609515,0.1484779299847793,0.15654657698332256,0.13329461727882375,0.37430338304838123,0.0779617597739417,0.04533341057876138,0.4325108225108225,0.34167474206236104,0.5034634228754856,0.06801316166364585
4,0.3462972828982419,0.00046189690189445696,0.007809515725139,0.10475570436507936,0.055467987690460074,0.31592920353982307,0.14790953172154217,0.12179273575474839,0.4560720555682773,0.8487255316152653,0.0069635293600651725,0.3031746031746032,0.38152277404097173,0.036190859334192006,0.09877046198617678,0.5734616155542193,0.6303226927756214,0.18393939393939396,0.9454483269680215,0.9846070094422856,0.017703737402184144
