Type,35346_at,35329_at,35327_at,36138_at,36122_at,36129_at,35793_at,35767_at,35833_at,33843_g_at,33844_at,33875_at,33373_at,33361_at,33439_at,33443_at,34822_at,34792_at,34378_at,34298_at,34356_at,38075_at,38052_at,38065_at,38373_g_at,38371_at,37738_g_at,38769_at,38758_at
3,0.3012985159817352,0.17029229274127233,0.1013658318139654,0.10522218719227162,0.057727185948835434,0.07854135925700893,0.2025003898736809,0.18003986685614548,0.21090754154239452,0.604522169827323,0.1652863016147292,0.4181897367353988,0.4093792866941015,0.02178397473910421,0.3137564507432797,0.19853021145689292,0.24273814609141398,0.25809128630705397,0.138671838225603,0.06303607467204843,0.24172276411594995,0.4182461927851323,0.07905198776758411,0.9736782676335535,0.25217801811081075,0.21832056427094734,0.20137457044673537,0.10446698700836447,0.10404155298721753
1,0.2749001141552512,0.2053150930701951,0.18377155103476955,0.10959314658477444,0.08699817269404898,0.04053467580939154,0.21604200239122526,0.1448463981535351,0.24933958244567533,0.31979170200495305,0.3168682595483525,0.3502635649601273,0.2825788751714678,0.057257692561112204,0.46878610490641615,0.07114335876202164,0.12067492524562155,0.0,0.5128692737850916,0.722502522704339,0.20978156340156612,0.07796436645953903,0.007471967380224262,0.14480716633628585,0.40221449723187847,0.3860817219992704,0.18702243784111583,0.24515038263036126,0.1393265934345644
3,0.2888127853881279,0.1379980563654033,0.13317659853500946,0.40749563098671593,0.03747681776032292,0.14816422185574168,0.08104174247543795,0.20739348968516627,0.19582445675330207,0.6649930454252468,0.3106715128403742,0.1647468725126526,0.19195816186556927,0.03727299912316713,0.17852191327120084,0.19924490778863635,0.11416061512174287,0.19831897010320249,0.07301688915667187,0.20758703329969727,0.2864404451160873,0.6282224465710183,0.23307849133537206,0.32602313502120295,0.3124329427921549,0.32387814666180226,0.34004447139680616,0.24426054458088628,0.395803339192962
1,0.258490296803653,0.12457950213052252,0.11806288583949076,0.16717070873374515,0.08041850760922926,0.2317832653415502,0.35148411914539684,0.10064950547930834,0.27984661269706007,0.3597041761373274,0.22224870404576064,0.2773664529112289,0.21527777777777776,0.02529637457488811,0.24889278286990682,0.18990724484564114,0.2582229816317813,0.23811043728056175,0.21566153904087665,0.14360494450050454,0.2172688556120346,0.26351188021670197,0.06873598369011213,0.18917020048678895,0.23664220419724477,0.2752949045360574,0.10539721043056398,0.20555258942872395,0.15437602908072764
3,0.3186358447488584,0.24388876429692755,0.14057352141509133,0.2038120370694722,0.1315285277914144,0.06065011717732834,0.06417320788064668,0.08575189081440929,0.1669365146996165,0.5983139396817859,0.2170648870881249,0.4673885292925045,0.28283607681755824,0.010238164023497094,0.06264923361318649,0.09628202538725664,0.6292182827851347,0.20404298329609533,0.11867598049368304,0.19386982845610493,0.43254567935155924,0.6524521165413,0.08062181447502549,0.2192306727222543,0.34676623320887523,0.40864039888118703,0.23727511623205982,0.2170315002669514,0.2695853450950135
3,0.4327910958904109,0.2355909396725723,0.11895851325848447,0.020013778447239054,0.06042723504063711,0.23826056765905737,0.3878203462078287,0.17205695810165092,0.5446953557733276,0.6117481426196697,0.46970148364416375,0.0,1.0,0.06045078332091575,0.11586305168297005,0.2177959386604105,0.7817172148654421,0.29539312692839664,0.25872229858221457,0.31246846619576185,0.4121445253468883,0.1309880984543632,0.06111111111111111,0.7550498080445639,0.3310587528432256,0.4668916453848961,0.3845158682029513,0.33342231713828085,0.2142396932842291
1,0.485445205479452,0.0,0.1573425455010716,0.13997968262864752,0.005008045600829105,0.08914156757225936,0.09375162447367053,0.08346288471993056,0.4976565828717512,0.5665434067238865,0.32121789906452963,0.13415531560214453,0.3420781893004115,0.022407387696970614,0.08098089809751215,0.10243462859096063,0.5499786416061513,0.09605277157144378,0.31562199920920336,0.30534182643794144,0.4295232861656821,0.3051743995904845,0.1389704383282365,0.17436579429403057,0.3598987167932707,0.1524990879241153,0.32965433596118865,0.6009076348104645,0.30935658094639634
1,0.4448844178082192,0.3226246542573073,0.05835572401880818,0.113681920264048,0.15176014563901163,0.24025692214217514,0.17995269532671418,0.220188080000763,0.5010651896037495,0.3522661736268956,0.2846034677947924,0.4097947046720831,0.2492283950617284,0.11271356962204954,0.39179118847723954,0.20827183319609094,0.36090346005980356,0.23866368762634327,0.0791832200485775,0.2286358476286579,0.4212803956587443,0.4070129537730886,0.10579001019367992,0.1656838882894638,0.2391742843654779,0.43316003891523785,0.2637153830604407,0.46262680192205013,0.36403407599487747
1,0.3903039383561644,0.271884578007027,0.11486421648594183,0.05910331110877578,0.06267898052691868,0.3026321499869803,0.16573530176222906,0.11475550553653348,0.453813378781423,0.42369474505546706,0.3255973306321874,0.323291333143106,0.817343964334705,0.08422917268538932,0.4894766232765925,0.1462253157870205,0.5388188808201624,0.0769017980636238,0.5609666547419555,0.256385595358224,0.38023767000961667,0.1481294524151464,0.030733944954128442,0.18554437558025744,0.5887300974207116,0.28037212696096325,0.14160097028502122,0.5170848905499199,0.16340409961899155
4,0.4597602739726027,0.1978395753905958,0.10095800147138792,0.29533751357410587,0.0313880706921944,0.5699592049301276,0.39634558403077397,0.48836898778242993,0.4437153813378782,0.5292601010957696,0.560388488351308,0.4741616231396518,0.4766803840877915,0.2550367205437377,0.38545598089809757,0.48032254556189113,0.43720632208457927,0.6482604532397063,0.053830656549490694,0.42283678102926336,0.44449787058661894,0.25911811964110515,0.10806320081549439,0.030562316513185958,0.5379168276039655,0.13726742064939806,0.3963210026278553,0.30459156433529094,0.2965820599909321
1,0.27732591324200917,0.3853629363833445,0.11734318523494228,0.29484709426559713,0.01686167021218568,0.19516535023001474,0.3083900816135572,0.3087010844166373,0.3696634000852151,0.5795535502255997,0.10403384377048205,0.31686365206421674,0.4536179698216735,0.049949062599784086,0.7468709081106062,0.40725261407951774,0.23077744553609572,0.4548568996701777,0.151889439099245,0.13723511604439959,0.20277510647066901,0.6429820694754503,0.1643119266055046,0.18666097909818585,0.19733058667010003,0.33454943451295155,0.08958965029310693,0.2556504716141662,0.21123298785386457
2,0.5110587899543378,0.0338267175001869,0.06860346096024054,0.18032640129532973,0.01519800360006546,0.11272892978040099,0.16998492488433747,0.26767065017310604,0.38815509160630585,0.5567730773145164,0.4780432580587499,0.4915974589634613,0.31610082304526754,0.055199922960349916,0.4268177616883618,0.43936733837763925,0.6870995301153354,0.32701351207575274,0.28515750032949855,0.17854439959636728,0.2444703942849292,0.34004009839748606,0.12378185524974517,0.12909944044363036,0.11381485773142785,0.1603733430621428,0.24386496866787952,0.20973482826125647,0.20736722372911015
1,0.21389840182648404,0.14207221350078494,0.21060039023766114,0.06826558930107465,0.21538005236458846,0.21388117350924396,0.19847169517076463,0.1823193354252306,0.34588836812952706,0.6315601994775589,0.3180003575046178,0.44565756078513824,0.36248285322359397,0.035169613940121934,0.26311330201032124,0.09715209048677033,0.20343870140965403,0.22330035110118102,0.17674304757959744,0.20597880928355194,0.1866327792279159,0.2126779188647319,0.08033639143730888,0.2838933079065566,0.2393030342045406,0.15575215857959385,0.2707499494643218,0.20377291332977399,0.39966910331771643
3,0.2509275114155251,0.06230843985946027,0.17054505325784478,0.1974521549257949,0.0,0.0,0.20608722773821278,0.17022575322606798,0.1531316574350234,0.6374970315839469,0.1702913662634809,0.48706203913676843,0.13717421124828533,0.0,0.22812524069937612,0.06495968180476361,0.2874839812046135,0.18957335886796467,0.2227598802507955,0.05332366296670029,0.38432476988597336,0.7305728951896142,0.08861365953109072,0.14091787318395102,0.23312304192953093,0.2831691596740849,0.23885182939155045,0.06567004805125466,0.3974100971213579
1,0.3393978310502283,0.2991515287433654,0.1400137542782203,0.15667340020161685,0.09912112038400699,0.17701371408731878,0.16067993969953734,0.17890967009699663,0.3307626757562846,0.5441954744376973,0.1836084132753382,0.1435190052112274,0.991340877914952,0.10184945844167033,0.26109624123854275,0.16238366763513198,0.42540580948312695,0.20413873816363448,0.11743330006966542,0.24490729061553984,0.34379722489352926,0.11723093548708177,0.08837920489296637,0.3821920558050837,0.3912707609115489,0.3440958287729539,0.35263796240145545,0.2744260544580886,0.2659422998910268
4,0.5923944063926941,0.21652836958959407,0.13531970700188725,0.40390700715778666,0.08666066655757378,0.634949223157712,0.36921037583822836,0.6635828667893828,0.2233489561141883,0.5004919089459579,0.2777215039027588,0.19497799870845658,0.48645404663923186,0.5207576241377387,0.23630901948702152,0.7560244239702935,0.3219777872703973,0.3758910522395999,0.041272052870403496,0.3332807769929364,0.0482209094655859,0.014446798526881584,0.11562691131498472,0.11630241136175445,0.4118278185485602,0.37240058372856627,0.21827370123307052,0.30637124043424097,0.4702550927067508
4,0.7103310502283106,0.6449502878074307,0.17809391293222024,0.18970664362474363,0.05604988272514047,0.4117915111535457,0.7659718251286585,0.6871977796640883,0.9710268427780144,0.5931234521830581,1.0,0.4732305104599997,0.9171810699588477,0.20345056537980039,0.5344777786335978,0.921492161645666,0.8840239214011107,0.5777210341525695,0.16015514676808948,0.36941851664984865,0.7442643220222557,0.2710338845678047,0.1351172273190622,0.30291320603216826,0.777649027938715,0.44822449227775757,1.0,1.0,0.5124285112035571
2,0.2893122146118721,0.2964416535845107,0.05639254070306752,0.3253426123780277,0.05179866906671031,0.1510611058067876,0.0553360711129594,0.19798948964701615,0.2261610566680869,0.5692573871153782,0.27474229875469225,0.4163725652154324,0.14411865569272975,0.052189294529678,0.21465570361241626,0.222161801034756,0.3847714651858181,0.12467283753590805,0.20150251360358493,0.25208123107971747,0.1910289874982827,0.28698792782288457,0.0645973496432212,0.08551426492359421,0.1620531307669199,0.0688009242368965,0.18302001212856275,0.11870439579996439,0.35250041759797646
1,0.4436358447488585,0.4395604395604395,0.2830782394523878,0.03446363307294403,0.18799091801669124,0.13765623643780922,0.0961688412954203,0.12419765567625823,0.4246697912228376,0.7835176578349222,0.5226419591253053,0.22541937615450458,0.47878086419753085,0.04704993892580371,0.7563255796040977,0.1633314171185308,0.610422896198206,0.5373550377699755,0.24365009131818266,0.22195068113017152,0.35753537573842553,0.24310008958152632,0.22527013251783895,0.3167892003111435,0.4610960902965538,0.2900401313389274,0.24406711138063472,0.4708578038796939,0.34477684359563787
1,0.2482876712328767,0.21260372280780443,0.07111441640277644,0.21010964374540234,0.0828833251513664,0.11748112143043139,0.21695170764672245,0.10184169615351601,0.5028547081380486,0.6192115886962717,0.35291664183995713,0.36050580443630137,0.4038923182441701,0.07403409004515941,0.16589001001309409,0.23418734366017746,0.6168304143528407,0.47085860197893387,0.5124738754683588,0.21332618567103936,0.3205110592114301,0.3343950403116868,0.14482161060142712,0.3812510977843575,0.34590790094845714,0.5175422595159919,0.36709116636345257,0.3152696209289909,0.20719223029136402
1,0.1473316210045662,0.6680122598489945,0.14783450084764738,0.22373629453182475,0.051733895161730215,0.09045438763996179,0.2601497114934761,0.21874314490362332,0.14810396250532595,0.5550768395698341,0.07185842817136388,0.4833826422574977,0.0,0.016822013066330122,0.30058538088269277,0.2603980547830276,0.05926954293037165,0.13644004681349078,1.0,0.13767658930373358,0.09609836516004944,0.3549134756210275,0.2500611620795107,0.2756881539658244,0.13681816231063046,0.3374680773440351,0.0879725085910653,0.0,0.24732936151257964
1,0.3772831050228311,0.2886671151977274,0.13327255861561593,0.14992040416778568,0.03695180821469482,0.16091268119086885,0.17034880698653634,0.2911043500653321,0.31342138900724326,0.5897309766936935,0.38288744562950605,0.38825896946851485,0.5449245541838135,0.07020238113339515,0.08067280289609491,0.1820766589500179,0.49070909867577966,0.29994680285136716,0.10476172544294025,0.23309788092835515,0.38878966891056455,0.26655480825287586,0.22486238532110092,0.05184051388854038,0.12694734131582336,0.17332482062507604,0.2337982615726703,0.4598683039686777,0.08386958216339614
1,0.6787243150684932,0.2588024220677282,0.4034641589098935,0.17987879637089713,0.04818837615229369,0.06921057199895843,0.22992150543223996,0.027506223235319368,0.5333617383894333,1.0,0.6686528034320444,0.2845149954195263,0.4510459533607682,0.02248341366744213,0.1915581914811677,0.16358777558535184,0.5599102947458352,0.2018512607724226,0.23778501628664495,0.30761226034308775,0.488872097815634,0.6024428740028722,0.25073394495412843,0.2237472712217399,0.7335307497532296,0.13091329198589324,0.5305033353547605,0.6347214806905144,0.28990049236789983
1,0.4207691210045662,0.3876990356582193,0.26636919041678664,0.12589180415922283,0.08760841106201932,0.24305615831959035,0.300137755367261,0.09242815858997225,0.4309757136770345,0.5235946670285307,0.36811058809509634,0.28424467238349826,0.4132801783264746,0.08232345502557006,0.08265616575521838,0.0809160542547737,0.4824327210593764,0.4057772103415257,0.20701926154657227,0.23480070635721495,0.26349773320511055,0.39392409743057427,0.1837512742099898,0.32693900082804306,0.27784215269730916,0.20413778426365076,0.19070143521326055,0.26837515572165865,0.23689338922517678
1,0.3530607876712329,0.22596621066008818,0.08342529507724787,0.13460647742708906,0.0580629875088638,0.21380522524086448,0.16122576285283569,0.07185094755314787,0.47098423519386445,0.4774824439393426,0.38661145206458913,0.3197095529157343,0.5126028806584362,0.07135544168554644,0.2710226835092044,0.1757764554169321,0.37996582656984196,0.31368230662836466,0.09729622865319802,0.17840249747729567,0.3039565874433301,0.21611898701778834,0.16073394495412846,0.18949639926730735,0.6910862194755591,0.2550620211601605,0.23810390135435616,0.35971703150026696,0.3211050040168948
1,0.4213042237442922,0.1998205875756896,0.21212775485398078,0.041428754918788904,0.11976354115529375,0.07055594132453781,0.1695430680459531,0.1777985483886351,0.3540690242863229,0.5899175628456085,0.14604063635821962,0.53567513178248,0.3654835390946502,0.012235112847882168,0.09272702765154434,0.044202414430651156,0.3945963263562581,0.4524311096925205,0.16324301933686053,0.27639379414732596,0.3279296606676741,0.0,0.12710499490316005,0.15494442074624246,0.2409338654993348,0.22330657910738178,0.14036789973721447,0.3359138636768108,0.05445477612771337
4,0.5144834474885844,0.3996785527397772,0.10618782586444041,0.19115844046659897,0.05836128838706159,0.5105351097994966,0.9103810365441598,0.983271180459518,0.5169152109075414,0.5900362994877363,0.4192933325388786,0.6046525598089717,0.5096879286694102,1.0,0.4727239466995302,1.0,0.34344297308842375,0.45700606447494413,0.03247914744591516,0.36746342078708377,0.652699546641022,0.1632374479218508,0.1390316004077472,0.045743105914234805,0.5818634393373674,0.4055393408731607,0.8463715383060441,0.498398291510945,0.2978706480325169
1,0.09817351598173515,0.19582118561710396,0.09918273998016826,0.20403000120658724,0.04673607701958217,0.1541424355524694,0.15132297135728026,0.13326784232563021,0.17477631018321257,0.5464599518268481,0.4750044688077221,0.31512157027648036,0.410579561042524,0.09903649753422433,0.343083262728183,0.22332706679303327,0.22842802221272965,0.294967549739334,0.16802545612020106,0.10175958627648839,0.1401978293721665,0.29449571288409854,0.15591233435270135,0.30569844177351774,0.22050555770138622,0.23312659613279826,0.15726703052354962,0.15643352909770422,0.17901828681424445
1,0.4738869863013699,0.21062271062271062,0.06646834916674665,0.27302732725369083,0.05079296896307206,0.44151983334779965,0.15550761553256745,0.0968344953218438,0.5921602045164038,0.6194151372256336,0.32503128165405476,0.23926592277771935,0.5907921810699588,0.1476627082478041,0.2589058769159671,0.08487795783291642,0.48451516445963266,0.3952973720608575,0.09996046016832671,0.44453203834510596,0.612446764665476,0.9230736417023333,0.08412844036697248,0.08363234888214187,0.34590790094845714,0.11732336130366049,0.15908631493834646,0.7169425164620039,0.3329488780534366
1,0.24771689497716895,0.20023174104806757,0.16705050698909257,0.04996827843361631,0.05613511154748269,0.23118652894714004,0.09920985600665383,0.22957777375082258,0.6427780144865787,0.27085524307086883,0.39951141035571713,0.217204559448541,0.42266803840877915,0.061211043025630886,0.23268890087036898,0.2599164116029396,0.12761640324647588,0.5824023832322588,0.141910338724558,0.199167507568113,0.16204148921555156,0.4318113953389167,0.037135575942915396,0.34945926279075606,0.39157117720269513,0.34975069925817837,0.14162118455629671,0.06673785371062467,0.402818985197146
1,0.2025185502283105,0.33310906780294536,0.11232927102325435,0.11453820794557125,0.17479238258877433,0.11198572172554466,0.17593699641316213,0.19353069652547952,0.21474222411589264,0.2541727448519185,0.2501936483346244,0.671452385600793,0.2170353223593964,0.08633509206745023,0.48320399753523846,0.13865885679660672,0.5134023921401112,0.10364932439621236,0.10071359981924649,0.16195761856710394,0.23430416265970597,0.4591479801498713,0.08961264016309889,0.1550698818156726,0.1632118793184842,0.27687583606956107,0.1106327066909238,0.30557038618971344,0.15416921865430044
1,0.3695776255707762,0.15844359721910742,0.11432044269583852,0.14559615137609322,0.025551600938198873,0.14783872927697247,0.03945521650985081,0.1803832177703173,1.0,0.3279336431794281,0.18792826074003458,0.5094387793413129,0.2987825788751714,0.10387174925621258,0.44349341446506974,0.04780696984292217,0.4109354976505767,0.16067666773060965,0.09112989776129238,0.25968087790110994,0.44964967715345505,0.1797460434825885,0.11209989806320081,0.07530173387197953,0.15235397622419639,0.40073574121366906,0.18738629472407517,0.5262502224595124,0.28356891162035963
1,0.3060074200913242,0.17417956193466397,0.05488116943351567,0.12964195498262127,0.012351360933835159,0.2832761913028383,0.17068669751000673,0.2309511774075098,0.395909671921602,0.08510024765071075,0.2638979920157302,0.35229098773033773,0.5132887517146776,0.031576119735835094,0.34208195332357705,0.37602349175768685,0.23035027765912008,0.22557718906266624,0.17501082638248197,0.17636856710393542,0.20270641571644454,0.2786127660784621,0.5708358817533129,0.14448096755576745,0.23698553710141196,0.25632372613401433,0.1766727309480493,0.10135255383520198,0.28753012671115735
1,0.17553724315068492,0.2425805487029977,0.13114544349550586,0.1189550954955376,0.07640593465335734,0.185787909035674,0.6833264022456724,0.12841324190025655,0.19164891350660418,0.5620767038708147,0.17174104748853009,0.24935798278943333,0.2769778806584362,0.023022184378183586,0.35894053762612654,0.22486055653092613,0.5720845792396413,0.4906756037876369,0.05466532356762252,0.1615896190716448,0.13976301689792553,0.511496295874984,0.1476079510703364,0.2634180613755552,0.31383459937341746,0.2924936154688071,0.16399151000606427,0.09011122975618438,0.2802233552605414
1,0.2758276255707762,0.11669283097854527,0.1196222371493459,0.14319465365109393,0.11400889107074676,0.16461244683621215,0.11956126215106307,0.13068317294394796,0.38943331913080526,0.43834175798079866,0.3677530834773283,0.4130235631579737,0.39969135802469136,0.08435334843715946,0.3241642917661558,0.231390705840312,0.39790687740281944,0.06675178210447918,0.19856526896499785,0.23199419778002014,0.37855474653111687,0.13020603751048673,0.12378185524974517,0.30858404637041126,0.2533796832753959,0.27815274230816006,0.1181322013341419,0.39749065670048056,0.08698764705414457
1,0.3891980593607306,0.2388054122748,0.12238108946678183,0.09172787177481193,0.05935335187912509,0.20236958597343985,0.07061911940531267,0.2229587311276216,0.4791648913506604,0.4680598432676324,0.2863016147291903,0.3453977503116224,0.27520576131687235,0.04978180546474675,0.16758453362088888,0.12706057828255363,0.8016873131140538,0.2394510054261092,0.18822842725612396,0.20351917255297677,0.3200302239318587,0.20672003640138212,0.1209683995922528,0.17961006699621107,0.20273807991073345,0.2505168430013377,0.33333333333333337,0.3404520377291333,0.07734709948376936
1,0.4301512557077626,0.31255139418404726,0.11952627706873943,0.042701509790871194,0.01782986963399335,0.17710051210832395,0.207048916151167,0.14420738395215976,0.37537281636131226,0.3415374698917801,0.6096049573973664,0.27524892246234245,0.32656035665294925,0.025909650736691655,0.4358873141800817,0.035330857790966855,0.32293891499359256,0.39412703479093514,0.0911110692700194,0.09056508577194752,0.39462838301964553,0.25091358937534664,0.1412538226299694,0.1294005470102627,0.1493498133127334,0.0994770764927642,0.11934505761067314,0.30690514326392593,0.2642719079852687
1,0.3031178652968037,0.4171151977274426,0.13977385407670412,0.09547023816474197,0.11845954017345772,0.23521721204756532,0.2360425222227998,0.21047411038731892,0.3663826161056668,0.5651440105845236,0.46305785616397543,0.5416072206286512,0.3748713991769547,0.041654629221342006,0.29546811214665336,0.2312974845796498,0.31322084579239645,0.32646026172997133,0.2016437272881324,0.2120017658930373,0.2391125154554197,0.22728112958038876,0.09941896024464832,0.19177979073093623,0.3698553710141196,0.22399063602091696,0.13887204366282593,0.2701548318206087,0.08283553003126018
1,0.2808932648401827,0.3711594527921059,0.1805888750279884,0.143097348232739,0.018167375770468553,0.08804574255706968,0.40863960076935074,0.20160421177121385,0.2689390711546655,0.6274383417579809,0.22403622713460053,0.3293585835072912,0.45781893004115226,0.016011069381300654,0.19279057228683666,0.15011730341966656,0.2081375480563862,0.3719544632407703,0.06034531452994671,0.18018415741675076,0.20353070476713833,0.46815590029433934,0.15279306829765546,0.25282914711565,0.08832238959701301,0.4218959017390247,0.16765716595916716,0.16203950880939672,0.1723526276855527
1,0.28631563926940634,0.2531210286312327,0.0,0.1736901717635245,0.03764386625211368,0.1122406909122472,0.07399802464001665,0.14168947724823316,0.3572219855134214,0.5091257590663908,0.3338497288923316,0.5854145704116418,0.27726337448559674,0.049503043573017866,0.5593372101979511,0.16739431039572425,0.34632635625800945,0.19604213214171723,0.22170548473950782,0.13546922300706357,0.35877180931446623,0.3390305288153909,0.20308868501529054,0.10814744184879432,0.4491652718767435,0.14915480968016542,0.18960986456438245,0.22121373909948389,0.14624678847270495
3,0.36529680365296807,0.41526500710174175,0.13128938361641557,0.18109706020870067,0.0231345115365734,0.06454517836993316,0.30685657846857617,0.17309654836956004,0.3256071580741372,0.6230281236218069,0.5472799856998153,0.3288780092210191,0.3568244170096022,0.01922950213126137,0.4073692520988986,0.16846635489333933,0.4109354976505767,0.34876050643685497,0.053604714654214757,0.22196644803229063,0.40348949031460357,0.9251923158957441,0.04953109072375127,0.4395403106416079,0.3818720226599717,0.3844399854067859,0.22057812815847988,0.2979177789642285,0.07548580564592462
1,0.2461472602739726,0.07987590640651865,0.08585228544925311,0.10971380530353454,0.023635657011945678,0.1680409686659144,0.23202682330924776,0.13449818310141248,0.4511291009799744,0.6540014248397056,0.1857236489304654,0.21679907489449896,0.4549897119341564,0.04598557533920253,0.6273877378109837,0.13436291036775788,0.4454293037163606,0.4401532077880625,0.12257347818719284,0.5274344096871846,0.26308558867976367,0.4952152089524649,0.10225280326197758,0.27892504955712244,0.5413501566456376,0.21607077708865383,0.26674752375176874,0.36127424808684816,0.3719724146708135
4,0.595105593607306,0.2805561785153622,0.07819147234750345,0.2965791307123146,0.04783382425135003,0.7664373752278447,0.504964391537142,0.7767265305343876,0.4612697060076693,0.5611832954506905,0.6939164630876482,0.5072611771066424,0.4981138545953361,0.27499100359349415,0.38623584687668494,0.600313844910896,0.41606151217428455,0.8393446111288435,0.06495829489183032,0.7847502522704338,0.45232861656820983,0.17209606552248782,0.0482059123343527,0.06235415150678745,0.6665808334406249,0.1304876565730269,0.6312916919345057,0.5401316960313223,0.6095816861413152
1,0.18204195205479454,0.12779397473275023,0.16027332629626076,0.11286650085823381,0.19467967599410899,0.09342721985938719,0.14152414617663875,0.12256673883394213,0.23625905411163187,0.648649794755233,0.26470237740570823,0.3728881012810308,0.30709876543209874,0.018869645871029544,0.10218169914503582,0.13280922269005485,0.33906450234942337,0.5066815618682838,0.12360904520720753,0.157132946518668,0.23584970462975682,0.33133078334068,0.34465851172273193,0.6423355832685118,0.460151924810094,0.31221877660221337,0.28477865372953304,0.30281188823634103,0.2930185572586483
1,0.38324058219178087,0.2418143081408387,0.13348447046028852,0.3331387224966236,0.12588637975235914,0.035039276104504816,0.1017180433539533,0.020772730307394443,0.5153387302939922,0.7103334803406046,0.3769290353333731,0.2551398921711445,0.26946159122085045,0.053803579302689794,0.04269044134637604,0.07718720382828642,0.3739854762921828,0.06371954463240773,0.17156521247952403,0.18802030776992937,0.41794889407885694,0.5213431541228831,0.08718654434250765,0.4536672270594435,0.3773657782927772,0.4565243828286515,0.24214675560946028,0.3045470724328172,0.3506152610186209
1,0.2585616438356164,0.46979890857441875,0.16440360809903082,0.1869704152606034,0.12980008727431408,0.07698984463154239,0.1524666008213339,0.0658566128432317,0.2977417980400511,0.05017471248770225,0.4057081570636954,0.5326415066003874,0.22487997256515777,0.0473439060116269,0.8532696603250405,0.20260087317247483,0.5936565570269117,0.4509628683902543,0.09020730168891568,0.13382946518668012,0.2906305811237807,0.5160322493494675,0.09776758409785934,0.03660954005971947,0.1079781983605854,0.15757631034902106,0.2023852840105114,0.13463249688556683,0.17273443154972598
1,0.23908390410958905,0.4082380204829184,0.26816044525477406,0.043892528111535364,0.10270754922816779,0.16745508202412987,0.349586733898217,0.20103196024759412,0.36744780570941626,0.590155036129864,0.25847583864624923,0.7154249327946897,0.37680041152263377,0.0801820568572891,0.18190133251174617,0.2445659773472337,0.32528833831695864,0.21964038727524207,0.5231872870026925,0.238553229061554,0.3141228190685533,0.30043937605755966,0.26158002038735984,0.8232002609590244,0.5228101798206086,0.4377356196035511,0.5195472003234283,0.42819006940736787,0.18706798495056434
1,0.2773972602739726,0.6005830903790087,0.1511531203019544,0.348765972684423,0.04892134402443681,0.38210658796979424,0.2793834797525601,0.12809850356226574,0.3137622496804431,0.5656274383417581,0.12578204135136747,0.3495427035307192,0.19195816186556927,0.03484523646611015,0.293422167449742,0.1814862576324907,0.30222127296027346,0.3073944036599638,0.16891039521003184,0.19241927346115034,0.22798461327105368,0.791502552362535,0.08039755351681957,0.23749780443128501,0.48693189133513587,0.06971300012161015,0.15738831615120275,0.39660081865100555,0.37965621743730066
1,0.2113299086757991,0.2010166704044255,0.1625323865272047,0.20436083962899393,0.14039914362079312,0.06908037496745074,0.17305193117429957,0.15366860914267186,0.3445249254367277,0.6642127760626929,0.28779121730322355,0.3115472990223317,0.3749142661179698,0.04786088261083319,0.20397827928830012,0.25682457312431056,0.417983767620675,0.25234599425470794,0.11743330006966542,0.21534434914228048,0.32669322709163345,0.5307634336741223,0.2669826707441387,0.2331568514290016,0.283507145616068,0.46692204791438646,0.24115625631695978,0.2810108560242036,0.3522617901828681
1,0.3980450913242009,0.1965313597966659,0.28770431500495797,0.06933400279461162,0.06545744013527519,0.17884732228105202,0.30029370483963197,0.1910461711604307,0.5167021729867917,0.6140126200088205,0.3838407912768873,0.08449096670521271,0.8464934842249657,0.0499515967987998,0.11585823769544791,0.17985488557090254,0.6982592909013242,0.20612831152250238,0.1607953154713713,0.25797805247225025,0.4668567110866877,0.42410454021926147,0.08927624872579001,0.6421097533435375,0.433028625380885,0.37144290404961694,0.36096624216696993,0.3588716853532657,0.2976002036287276
1,0.3867722602739726,0.19798908574418778,0.10487637142948536,0.13682698707394825,0.07026945944471719,0.09303662876486417,0.06310755315277852,0.10614312010605727,0.3270558159352364,0.5996709298775317,0.38908419233748437,0.5383933800892066,0.1935013717421125,0.04586900218447955,0.16520642378494957,0.12232183086555941,0.4983981204613414,0.2038089158421109,0.22820131422869086,0.20074419778002017,0.32380821541420524,0.1892303098383267,0.28463812436289504,0.38591824956715937,0.25870134328998756,0.18122947829259398,0.15294117647058822,0.25226908702616124,0.16816869367398724
1,0.405714897260274,0.23202137998056366,0.10143780187442025,0.06539897167633883,0.07956621938580702,0.28208814339033067,0.07135987939907472,0.10978168604373909,0.3780570941627609,0.46012145062251925,0.5183816957635703,0.04544430594560498,0.6362311385459533,0.05768850639378411,0.5884955326195794,0.021619564035237623,0.3953438701409654,0.14467496542185337,0.13074504339967238,0.2655776992936428,0.3485712323121307,0.21440556258620444,0.030265035677879717,0.23540260457180137,0.38938242993862926,0.19448498115043178,0.09436021831412977,0.3440113899270333,0.1388732013458586
1,0.3493864155251142,0.2704892726321298,0.2718629050315069,0.04153656932232615,0.43352833687885234,0.08908731880913115,0.26142329885117216,0.03306946179744204,0.3591248402215594,0.6714782711944908,0.2943454686289698,0.3341688317539459,0.2828643689986282,0.022672464914014628,0.20188226912115845,0.20105184655780498,0.4197992310978215,0.16123630173422707,0.43228333113667594,0.2508198789101917,0.4654025278197554,0.3778875822941403,0.08024811416921508,0.5941660602714978,0.55577013862066,0.17785479751915365,0.3350042449969679,0.3979649403808507,0.2863576706782587
1,0.28474600456621,0.2992823503027584,0.08696382304961138,0.17602160958730828,0.36422366770304915,0.2300256054161965,0.23852471799137073,0.14513252391534495,0.43979548359608006,0.5082097906842623,0.4414586188404933,0.409058825296229,0.4695644718792867,0.05772398518000414,0.11474620657783258,0.2353215356649006,0.5982486117043999,0.19312692839663795,0.23445237333132496,0.28058779011099894,0.2608187937903558,0.2507571771865713,0.6754026503567788,0.12252528040549018,0.4406677824986053,0.4723032956341969,0.1703658783100869,0.33119772201459335,0.23087997836444774
1,0.2746860730593607,0.1465575241085445,0.0816140485558008,0.410702817575694,0.14239690721649487,0.013453693255793773,0.2526641368196704,0.0,0.3694077545803152,0.6357329443294772,0.5681940058392422,0.18530644119723066,0.34113511659807955,0.05204231098676641,0.07076561657552184,0.19783105200192658,0.49273814609141403,0.22317267794446222,0.22166782775696184,0.18759460141271442,0.3189998626184915,0.2504585720989094,0.010835881753312945,0.7857124934132939,0.10857903094287799,0.8122035753374681,0.3371336163331312,0.2171204840718989,0.11358664959154942
1,0.23558789954337897,0.35015324811243176,0.110346096024054,0.12065093432662707,0.016827578683248794,0.059890634493533546,0.05268493008265323,0.1895964673005942,0.4276097145291862,0.5400312107745022,0.3531549782518025,0.28724826167269885,0.22590877914951987,0.10414544274991003,0.4208869290610799,0.13060298618771654,0.44350704826997017,0.21421427811469307,0.12116134134171827,0.2253720988900101,0.3085588679763704,0.25304648285864606,0.12001019367991846,0.06072315760419543,0.38556285137976914,0.39526328590538734,0.1927228623408126,0.33004093255027583,0.022033264661666087
1,0.16559646118721463,0.25138297077072586,0.13385631577263857,0.1578118735963694,0.07926110020182187,0.34457186876139223,0.17472838800228724,0.09179391315129377,0.42807839795483593,0.5957017335549751,0.1368348924506942,0.1496463273611966,0.38271604938271603,0.03924207175837933,0.19103828082877614,0.05909451082143467,0.3642140111063649,0.44335567613575905,0.1679689706463821,0.21804048940464177,0.19738288226404724,0.15132879264009558,0.20807339449541284,0.09604044864878429,0.44298527960173384,0.06462057643195913,0.18863957954315747,0.3999377113365367,0.31467001805614103
1,0.48266267123287676,0.4108544516707782,0.14632312957809554,0.06266079720383151,0.0555112365679376,0.16874620258658105,0.09338774237147164,0.028622113706377735,0.4626331487004687,0.4414797978084608,0.48006911755943515,0.12160031237328607,0.5578703703703703,0.09406439906538738,0.6325194485095895,0.19480136103040568,0.32571550619393425,0.06541121395893179,0.10464875449530228,0.1495332996972755,0.2569721115537848,0.12761812675075007,0.015239551478083587,0.3119965874589115,0.21973305866701,0.40991730511978597,0.14978775015160703,0.37684641395266055,0.3086725156897525
1,0.5971746575342466,0.2972265829408687,0.23056808367719034,0.0,0.07595933562428409,0.17013497092266294,0.14282372511306335,0.059189882593062404,0.5310609288453345,0.8465074464836992,0.43019722338080196,0.16965774100049558,0.49614197530864196,0.0944495973157764,0.24651467303396754,0.10896011683731338,0.7119820589491671,0.15246302798170017,0.16889156671875882,0.30105322906155396,0.49629069927187797,0.21671619719311216,0.12737003058103977,0.3585175520036133,0.6013475816488563,0.36945153836799227,0.2754396604002426,0.6306282256629294,0.19451316030194324
2,0.2758276255707762,0.20830530014203483,0.03272238748680549,0.3466563912144885,0.04307123765886652,0.1631802794896276,0.1892706763008785,0.1660864672052189,0.29365146996165314,0.5494962173898295,0.2235595543109099,0.3018457056182138,0.2626886145404664,0.06159117287798845,0.22249287529846726,0.1851218867983158,0.23601025202904746,0.23972763059899993,0.23866995537647567,0.16659308779011098,0.2586893804093969,0.19507443798256716,0.11980632008154944,0.06639399794243847,0.23235054289515472,0.0,0.12395391146149182,0.27024381562555616,0.11501841408219916
1,0.21040239726027396,0.18853255587949466,0.05653648082397723,0.05560031604799881,0.12375225004090984,0.11147035847582674,0.14958153558247128,0.19056929489074764,0.36403919897741793,0.2829324558130068,0.40874694631472325,0.3078378662501689,0.2674039780521262,0.07510352202979204,0.26280520680890396,0.17813029224865218,0.25437847073900044,0.13903606766677304,0.135376852252829,0.18081483350151362,0.2093694188762192,0.32792526341234524,0.12076452599388379,0.4095300228339147,0.40281532981417106,0.446582755685273,0.13305033353547605,0.197010144153764,0.5591835760704428
1,0.3086472602739726,0.2312925170068027,0.09747145187601958,0.07972816758328372,0.3078396879943272,0.09799496571478171,0.14664448718615167,0.1753760169386451,0.30720068172134635,0.5314652101638566,0.25376869451230416,0.39860633456981087,0.22719478737997256,0.04068909939635379,0.23721404914118466,0.2210431459068098,0.2613199487398548,0.11654431322481114,0.26775997439325183,0.20487512613521694,0.3260750103036131,0.22644219147695765,0.5858409785932722,0.13328984016259757,0.25423801553581393,0.22455308281649036,0.2091772791590863,0.3161594589784659,0.10521878156841848
1,0.2806078767123288,0.22176123196531358,0.1982295365128107,0.139652736422975,0.11021450390007093,0.12469620692648206,0.17902999428185265,0.13275281595437247,0.5002130379207499,0.6237575058520203,0.4918667699457785,0.23465541321879646,0.45198902606310015,0.0487073050820827,0.6612011861665256,0.1905597936702764,0.6157624946604017,0.2952441749122247,0.44728963868125243,0.3810229566094853,0.4410633328753949,0.27404837402420124,0.21974515800203873,0.28617669937018547,0.5689884554310973,0.19785966192387208,0.34234889832221554,0.7522690870261612,0.16568696855686094
1,0.22688356164383564,0.4851610974059954,0.10712343665035344,0.09989374248315644,0.13633543337151588,0.275355871886121,0.08462858033996984,0.08768800846932255,0.34691095014912654,0.4367133697459037,0.4248942382172436,0.12404823764398455,0.42961248285322357,0.09303044586697481,0.22023030116305942,0.1741994624240635,0.49466040153780444,0.711245877220981,0.1161341341718288,0.08463673057517658,0.306223382332738,0.3497945312611089,0.24698267074413863,0.24650590921637017,0.14385648684605812,0.23054238112610972,0.1390337578330301,0.3651005516995907,0.33293296955909607
1,0.45758418949771695,0.27833221200568137,0.10046220772158783,0.07529298661466666,0.04426614574810452,0.12146840552035412,0.07208764360347249,0.08892311800780171,0.5892628887942054,0.4651507955355023,0.4813799678245844,0.2634823614218992,0.5632716049382717,0.05454863381331062,0.3490574212431642,0.13881422556437703,0.3439769329346434,0.19781891690605383,0.1956656813089567,0.23771758324924316,0.4100494573430416,0.2993800389608543,0.1896330275229358,0.14678945123328233,0.5034118707351616,0.23844703879362764,0.21936527188194865,0.44438512190781276,0.1453718212839746
1,0.23062928082191783,0.19398968378560216,0.31157838339250876,0.07579119035664382,0.43411471117656686,0.32178196337123516,0.21537921713364863,0.14048774904863184,0.49991478483170004,0.6266835159615973,0.5917297265089674,0.29527535404808747,0.30521262002743477,0.08202188534269972,0.11689324501270894,0.17802930254960148,0.5536095685604444,0.402553463134376,0.21637702170925044,0.33618188698284557,0.32744882538810277,0.027720505637948447,0.10898063200815496,0.14183373899079119,0.4606240075533239,0.3474553082816491,0.30099049929250055,0.4324168001423741,0.26668204487786257
1,0.45547945205479456,0.4157135381625177,0.16551514569938908,0.12806560720527163,0.24316805760104732,0.0009222289731794207,0.4041690492280501,0.09245677116615322,0.3452918619514273,0.5964480781626353,0.38640290770422453,0.4675086728640726,0.3717421124828532,0.0380079168377251,0.04891974120003082,0.11223839783726675,0.19115762494660402,0.5950420257474199,0.11971154751369772,0.18217078708375378,0.29743096579200434,0.16802934861433022,0.11477064220183486,0.25343136024891477,0.283507145616068,0.46458105314362164,0.3029310693349505,0.3194518597615234,0.0804492558801772
1,0.2842465753424658,0.24865440681767212,0.17285609186578385,0.2384527660038222,0.11910898379970546,0.14591832306223418,0.2502599157872849,0.13721160907590918,0.23127396676608436,0.6111035722766903,0.15381636179467323,0.19928814933845945,0.18411351165980797,0.06141884734491969,0.5262314180081645,0.0546975746935351,0.43661896625373775,0.5796574103628045,0.09361525860932764,0.16936806256306758,0.2725649127627421,0.3002545252890071,0.03411824668705402,0.09055779991468649,0.1744131153169392,0.26097531314605377,0.08593086719223772,0.2689535504538174,0.17273443154972598
1,0.5343179223744292,0.17391791881587798,0.11317691840194481,0.07751738847826002,0.2642673048600884,0.17559239649335998,0.1430576493216198,0.08747818291066199,0.5565402641670217,0.4642602707195442,0.4565333968897098,0.27949900130656136,0.43227023319615915,0.036796569708212316,0.23593352846029428,0.1723505740875969,0.47330200768902186,0.2405575061176721,0.25341266404323015,0.31432896064581234,0.4043137793652974,0.17900664040837802,0.14545361875637106,0.3744511078212431,0.5780867773915283,0.3125684056913535,0.26023852840105116,0.47134721480690517,0.18730661236567261
4,0.3407534246575342,0.4228900351349331,0.0773678149889646,0.2785581672329842,0.01866852124584083,0.6336581025952608,0.38350574413889893,0.5473967324438002,0.281976991904559,0.5775350273094277,0.2755764761961509,0.4656614654512142,0.38948902606310015,0.168777654446759,0.301625202187476,0.4337585258611314,0.421614694574968,0.5096286839025428,0.047297170077761665,0.6476412714429869,0.30670421761230937,0.1773287642015158,0.10007135575942916,0.03154091285474118,0.6022917471353161,0.3287425513802749,0.3563371740448757,0.2576970991279587,0.30529991488955527
3,0.2684075342465754,0.08170740823802049,0.10633976265873399,0.1782829875098765,0.07328655975563193,0.08562624772155195,0.020299422986952215,0.04004806912798406,0.10430336599914784,0.5789259422600672,0.2415539534052315,0.38825896946851485,0.15963648834019203,0.019888393875347812,0.11075059693445276,0.0,0.1869927381460914,0.2251516118736036,0.19687070475042834,0.11866170534813318,0.19123505976095614,0.5555903138197279,0.07287461773700307,0.1622462549870775,0.13338483326895842,0.1509181563906117,0.11801091570648879,0.14958177611674675,0.30418632028571657
1,0.19534817351598174,0.31640128578904086,0.06992291206857948,1.0,0.046044018982163315,0.11247938547001128,0.08730571294900451,0.14874724603954256,0.0536003408606732,0.43993622146079997,0.042840970029196214,0.17429828645231046,0.09405006858710561,0.11744491918439336,0.7841985673573135,0.08870002952006588,0.3262494660401538,0.07239067985955952,0.08280770461862891,0.1641334510595358,0.22063470256903417,0.48332788260554266,0.0136289500509684,0.03768850525681882,0.27458049010772073,0.30460294296485474,0.05627653123104913,0.17752269087026157,0.37636315910880613
1,0.4346461187214612,0.2915825670927712,0.0472443463519176,0.01530808841559533,0.07964122074946818,0.20483247981946012,0.033711077610854095,0.04242291295100572,0.4911802300809544,0.6937951623299523,0.4956801525353036,0.40552960788141823,0.3395061728395061,0.09035433170637756,0.2808961719171224,0.030887311032736193,0.4686031610422897,0.12799233961059686,0.1527178927152567,0.24233728557013115,0.19047946146448685,0.3146160080765567,0.1623955147808359,0.11745665320051189,0.2064289086305309,0.14888118691475133,0.10903577926015767,0.16853532657056414,0.2816598922994933
3,0.21247146118721463,0.24276743664498765,0.1475146339122925,0.13985902390988744,0.06198180876015928,0.02840465237392588,0.10508395279929303,0.06929965951034345,0.09424797613975287,0.5988397733826374,0.3815765953643568,0.38879961554057096,0.09593621399176955,0.009574203881379213,0.1296214280212586,0.1254602799745195,0.2753096967108074,0.10658580700074474,0.05914029108847507,0.048656659939455095,0.16245363374089844,0.8327811509093236,0.048532110091743116,0.3854414975033248,0.3353504141453157,0.2917426729903928,0.16567616737416616,0.05864032746040221,0.3032318106252833
3,0.18593036529680365,0.2925543843911191,0.09715158494066468,0.19415933956866457,0.05172707685594285,0.07514538668518358,0.13401257992410456,0.128823355492184,0.0835960801022582,0.5669165790277166,0.07835309539414885,0.34236412512952974,0.13657407407407407,0.011353211590412613,0.08403296618655165,0.030763016018519954,0.209632635625801,0.14597297584849453,0.0709834120991885,0.1492494954591322,0.19748591839538396,0.6515989591479802,0.07636085626911317,0.15800567084033826,0.34547873481824815,0.314544570108233,0.1677784515868203,0.2417689980423563,0.22901868452660298
1,0.3135702054794521,0.3429767511400164,0.025933211783897903,0.12813955932322135,0.06703417334860634,0.13653328704105547,0.0420283828039715,0.09500329044626082,0.3423093310609288,0.501340027818299,0.338080200202586,0.282953128989142,0.32716049382716045,0.06634026183344228,0.38379996919047993,0.12271025278498517,0.3784707390004272,0.17303968507288012,0.11515505262563311,0.24672048435923308,0.31687044923753255,0.32805323702134315,0.14190621814475027,0.05731061651569519,0.20454057765761124,0.08646479387085006,0.2852233676975945,0.19158213205196653,0.3686634478479784
2,0.29980022831050224,0.08936981385960978,0.04614880209832709,0.2505342067467685,0.030522145857197407,0.23714304313861642,0.12273223475593908,0.26985474348825456,0.48248828291435875,0.5937680225260373,0.37877614252517433,0.3277967170769069,0.3144718792866941,0.05764795920953264,0.36481360240314264,0.34589748768702516,0.29581375480563865,0.3488030641557613,0.23780384477791794,0.1817608476286579,0.2496908916059898,0.41359648499153956,0.1623139653414883,0.08930318922038492,0.45174026865799755,0.15280311321901985,0.232544976753588,0.4401138992703328,0.2835530031260191
1,0.3520619292237443,0.20039994019585855,0.09715958161404857,0.06850106841349356,0.7281234658811979,0.24414655845846717,0.08679887716379893,0.08131217274365993,0.4001704303365998,0.47261424161210436,0.3651909670499911,0.21094207578055774,0.35189471879286693,0.11216871683367037,0.1678396749595625,0.07932352438512809,0.680264844083725,0.3364506862432174,0.18734348816629323,0.2168579717457114,0.3287882950954801,0.2584995805309483,0.270407747196738,0.5819009861240058,0.38779451525685593,0.30686793141189345,0.20052557105316351,0.3957554725040042,0.17619452906879632
1,0.2953053652968037,0.12271062271062269,0.09779931548475834,0.07035570968733824,0.0669898543609884,0.1161574516101033,0.16520247439829494,0.09693940810117406,0.3930975713677034,0.6579197340299217,0.40052434010605975,0.2541937615450463,0.36531207133058985,0.026482379714243717,0.1676519294461989,0.07853891210788806,0.5003203759077318,0.23666347483774874,0.3138521210295419,0.29055247225025227,0.40919082291523556,0.42417563666870484,0.10529051987767585,0.45251298522068606,0.38736534912664694,1.0,0.36979987871437237,0.5782167645488521,0.3308807737891647
1,0.2606663812785388,0.20656724228152798,0.20716981735597992,0.08854598459460618,0.06896034473354062,0.06268444579463586,0.12925612101679054,0.08860361090711405,0.43566254793353215,0.6370475285816061,0.3800572007388429,0.22754441557661403,0.39810528120713307,0.02259491842413368,0.14557498266964491,0.1353106598511567,0.4909760785988895,0.094967549739334,0.32979043889213155,0.2651204591321897,0.37683747767550485,0.3273991496864647,0.04585117227319062,0.26223872732291176,0.9172138534826833,0.3696491548096802,0.31716191631291696,0.442738921516284,0.14986597093518086
1,0.34417808219178087,0.19264409060327425,0.11657550459009054,0.03364821366712984,0.07865597556319208,0.15499956600989498,0.10609762436970421,0.22753674331657908,0.5285896889646357,0.6221630423720189,0.5395936364178037,0.4012945469836454,0.2368827160493827,0.06382633640985093,0.3094527458984827,0.16984913692649506,0.2761640324647587,0.23210979891477818,0.5203441848204704,0.1845042885973764,0.28135732930347573,0.22867461998947772,0.01927624872579001,0.13231124382104234,0.18153727307840864,0.45643317524018,0.11530220335556904,0.24434952838583376,0.1594667472697046
1,0.2156820776255708,0.1877850041115347,0.00349054793206027,0.11485931582614246,0.04474513172966781,0.4421816682579637,0.2593569683422571,0.2253001936117655,0.2286322965487857,0.5100332462597958,0.1895370315199905,0.26163515400904075,0.2528292181069959,0.06483748181712207,0.09386794269429255,0.08394574522629461,0.28785775309696715,0.13931269283966383,0.11344165991979062,0.13930058022199798,0.2894284929248523,0.9702461359079728,0.13797145769622834,0.06821318344917573,0.2936354662890005,0.28345798370424424,0.11631291691934506,0.2047962270866702,0.45845098990606026
3,0.20390981735159816,0.08125887717724453,0.05600070370725779,0.24838570310949198,0.04666448480881471,0.10305095043833,0.11353121588605292,0.020276778986924045,0.397954835960801,0.6553244902805578,0.4851337663111482,0.5131932659528136,0.23713991769547324,0.04333987156679387,0.20995725179080338,0.23508848251324518,0.27947458351132,0.36350675603787636,0.19722844608461523,0.08766397578203833,0.14397582085451296,0.5389253060702148,0.08467889908256881,0.13622562918726322,0.4577485944809236,0.3396874619968382,0.2842530826763695,0.24248086848193628,0.26794677017793644
4,0.6049514840182648,0.21151977274426254,0.13034577615711865,0.14695842723306204,0.04177916871215841,0.3082089228365593,0.3021780942974476,0.1682896355711547,0.6647635279079677,0.5854734199545409,0.5904188762438182,0.4817907399342214,0.3191015089163237,0.07713088124236572,0.20832049603327432,0.3377406273790843,0.3189876121315678,0.247239067985956,0.08736419950669352,0.3457050958627649,0.34400329715620276,0.05932287741550187,0.11605504587155964,0.2397561036810278,0.3770653620016308,0.13097409704487414,0.408813422276127,0.4819362875956576,0.3434484843182017
1,0.5572203196347032,0.4214323091874112,0.1234846303937562,0.10920003269462059,0.008897889052528227,0.1333543095217429,0.1980298383323803,0.08078284008431172,0.6327226246271835,0.5540930216779184,0.47250193648334626,0.30306215928034,0.3727709190672153,0.10110947232908093,0.1923284294847108,0.09466619020244549,0.6899829132849211,0.11956591126715611,0.12886219427237294,0.29503027245206864,0.4811100425882675,0.12150383209862502,0.21171253822629968,0.14362783228364237,0.5580018024977468,0.13310227410920591,0.3343036183545583,0.6332977398113544,0.09279424748844647
1,0.2682648401826484,0.2379644165358451,0.09410325304673257,0.4795950537709743,0.1564903452790051,0.11374555160142348,0.17914175807038518,0.14854886551135443,0.5723476778866639,0.5689181395664417,0.2894744682118811,0.3555904305645246,0.23227451989026063,0.0299957932296339,0.5177780559192791,0.15405900905799916,0.2822778727039727,0.1622130013831259,0.26735892752913704,0.16101948789101916,0.5971630718505289,0.3501429038633811,0.16539755351681956,0.14099314982560912,0.10445903609287156,0.30878937127569017,0.22743076612088134,0.2799652963160705,0.1909257948281485
3,0.23794235159817353,0.173768408462286,0.15288040175287082,0.1158829688272362,0.06982286041564392,0.07976738130370627,0.4496283204241825,0.24904386307928544,0.15705155517682146,0.6555110764324728,0.32008580110826435,0.20954540676107944,0.40192043895747603,0.019300459703701447,0.09627012246784258,0.03775461056818358,0.27701836821871,0.047898712629003096,0.10515712375967314,0.1198284561049445,0.2571094930622338,0.8412700669728553,0.01454638124362895,0.3006799989963115,0.7254624265053004,0.4621488507843853,0.14145947038609255,0.20573055703861895,0.46594389074046083
1,0.46882134703196343,0.29670329670329665,0.06929117487125358,0.11844793965507178,0.027447089947089946,0.07068613835604547,0.16938711857358213,0.1616324428463791,0.5642096293140177,0.368558537164569,0.2760531490198415,0.30753750732124885,0.5889060356652949,0.08518456571431467,0.32846799661095283,0.24846573341826828,0.8185604442545923,0.4596659219065858,0.40820169079851626,0.19897830474268413,0.3816458304712186,0.3058142676354743,0.29413863404689095,0.31084234562015406,0.27337882494313553,0.40034050833029317,0.2504143925611481,0.28617191671115855,0.28024403630318406
2,0.20176940639269408,0.3065336024519698,0.0971755749608163,0.18911113446441155,0.06326365024818634,0.14740473917194688,0.23280657067110255,0.28472374557697255,0.29595227950575204,0.6125623367371171,0.24745277959840317,0.31112679652184355,0.18449931412894374,0.038352567903862614,0.5002310714010629,0.4090548917856532,0.05521144809910295,0.3199914884562187,0.19336860537365141,0.07609106962663974,0.1542107432339607,0.4730473360160393,0.25265035677879716,0.09427144756981909,0.1408523239345951,0.10713851392435851,0.12160905599353145,0.12760277629471434,0.1915541803546003
1,0.2764697488584475,0.23637586902893024,0.07770367527108724,0.17480723796623895,0.06898420880379645,0.11601640482596995,0.15231065134896293,0.1303493595551698,0.3057520238602471,0.04754554398344477,0.32592504319847465,0.28424467238349826,0.23010973936899862,0.038438730670397006,0.5655376261264732,0.08306014325000388,0.6485476292182828,0.14482391743802536,0.08344787332191071,0.21206483350151362,0.3240142876768787,0.15053962205127477,0.03972477064220183,0.07853862946327754,0.3668512081026566,0.1620150796546273,0.14804932282191227,0.22415020466275137,0.15264200319760737
1,0.3237728310502283,0.13822232189579128,0.17914147714550752,0.06195241375820773,0.3342742595319915,0.09659534762607414,0.08592815927639444,0.10880408969088881,0.20605027694929695,0.5890355192183737,0.3246141929333254,0.3121029630408338,0.28952331961591216,0.07953330190926552,0.300258029731187,0.03230116681944594,0.18880820162323797,0.10341525694222792,0.29504245824782055,0.19790615539858727,0.27311443879653796,0.20330740682810303,0.04170234454638124,0.252026196271297,0.40024033303291706,0.13450079046576674,0.11991105720638771,0.2649937711336537,0.19658126456621516
1,0.401541095890411,0.24927113702623904,0.27069539071746157,0.17119915305363867,0.03072669503081874,0.3078725805051645,0.3377865571554816,0.1564726416084083,0.4005965061780997,0.6714726736099332,0.0,0.30728220223166686,0.38477366255144035,0.045640924273065014,0.4245166756527768,0.13686434752885973,0.6402178556172577,0.6729013724864347,0.04066954114966768,0.15981331987891018,0.26610798186564083,0.5286589787706002,0.0682059123343527,0.10516146839635661,0.5242693446633192,0.06624711175969844,0.17307459066100667,0.29773981135433353,0.2345071150740938
1,0.432113299086758,0.36422591014427746,0.09640389597927262,0.09363505797456827,0.09116927125947746,0.08909816856175677,0.33308208140562456,0.13102652385811978,0.3976139752876011,0.5850154357634766,0.6455937555860097,0.30349017075405105,0.42982681755829905,0.045070729494528665,0.13830104752368486,0.21719776890449485,0.7208991883810338,0.18825406958187044,0.28060100544143396,0.3477232593340061,0.31051655447176807,0.12412729108308333,0.15582059123343528,0.6417208240283041,0.7037895369297456,0.4112246138878755,0.6240145542753184,0.34765972592988076,0.17864443719724143
1,1.0,0.58694027061374,0.1599974410645172,0.17661711874764036,0.04811337478863252,0.17020006943841678,0.17559910588969174,0.11691098627550096,0.6021303792074989,0.6207382026664857,0.7306798546147888,0.3426494661120038,0.9598765432098765,0.05548882164814166,0.18124663020873452,0.039494740767210976,1.0,0.050792637514629195,0.1722618666566248,0.3769866296670031,0.7528506663003158,0.09315056806063109,0.11609582059123344,0.28178556194013005,0.6943049654521267,0.18654992095342335,0.3167172023448555,0.6959423384943941,0.3267922907436425
1,0.4839469178082192,0.3182140988263437,0.15093721012058983,0.18740828964320053,0.021053223694976274,0.0761489888030553,0.12926911680615483,0.18172800885082357,0.33766510438858116,0.6343844353224548,0.400941428826789,0.4725922477360446,0.45494684499314125,0.05077521147890786,0.20448374797812527,0.1606435374361046,0.5536095685604444,0.08813703585487818,0.09119579748074787,0.26258198789101916,0.40342079956037913,0.2696546134486044,0.8738735983690112,0.40806212832158184,0.4091669885412644,0.5750334427824395,0.28223165554881746,0.4082132051966542,0.29063228310756534
1,0.20419520547945208,0.2467294610151753,0.0419905319387135,0.1097566196876107,0.1038802978235968,0.14208293550907036,0.165943234392057,0.13200412021097005,0.5635705155517682,0.6643145503273739,0.2083358160042901,0.41045549431570727,0.3197873799725651,0.0239912620817938,0.16982785180620816,0.22350574087596914,0.13760145237078175,0.7276305989998936,0.15654949068931107,0.14182328456104942,0.36241241928836376,0.3047620401837133,0.10021406727828747,0.23094873660703086,0.2610188403931162,0.19922777575094247,0.2304426925409339,0.3213650115678946,1.0
1,0.48005850456621,0.4200493384166853,0.20155215430380963,0.026180995862573612,1.0,0.22245247808349972,0.12364194001143629,0.10502246087230208,0.6311887515977844,0.6471825491060827,0.3617052970267533,0.10870740534939251,0.8056412894375857,0.07978418761182152,0.07669644920280368,0.04570949147802309,0.6554891072191372,0.1223321629960634,0.3271826928508218,0.3440968718466196,0.48385767275724684,0.5364582592745318,0.09418960244648318,0.41793591448573514,0.7557186386850349,0.2654596862458957,0.37167980594299577,0.36621284926143444,0.2778020824219091
2,0.16930650684931506,0.17653435000373777,0.041622684963055365,0.2727821175994365,0.04055187367043037,0.06291771547608714,0.08878723293652857,0.2092914572385049,0.24482317852577756,0.5260372493808733,0.0780551748793422,0.3510595161217655,0.006858710562414257,0.033390606231088533,0.2243221905568821,0.2461818125320448,0.14961554891072196,0.22061921481008617,0.16488109807761106,0.1466321897073663,0.20462975683473003,0.30006967452045447,0.11356778797145771,0.10255187815220937,0.1932105918200936,0.16654505654870488,0.21346270466949666,0.19638725751913153,0.254472275471488
1,0.2815353881278539,0.3010017193690663,0.06918721811726322,0.04567516337579741,0.1474254077346861,0.10234571651766339,0.1647346259811821,0.10627664546156855,0.28811248402215595,0.5358245411676901,0.33134719656795575,0.48488443690209804,0.19495884773662553,0.07652774187662505,0.3941307864130017,0.1964638068455479,0.30083297736010256,0.5083945100542612,0.3916702754608273,0.16662462159434913,0.2780601731007006,0.2857650688924595,0.041865443425076455,0.38647027827265207,0.2313205441826531,0.5340812355587986,0.23048312108348493,0.310464495461826,0.13946976988362933
1,0.3829195205479452,0.2511213276519399,0.051306656430924746,0.09997547903457459,0.06120963562973873,0.07178196337123514,0.12396683474554245,0.12261919522360729,0.39599488708990194,0.5264697900057672,0.273073943871775,0.2198702449427065,0.4805812757201646,0.047402192588988395,0.20477258722945393,0.12652455603374607,0.4249786416061513,0.1672411958719013,0.17963322099000206,0.15577699293642785,0.26518065668361035,0.1581753807214868,0.15305810397553518,0.17375103505382283,0.33050083687395393,0.22915906603429412,0.19203557711744493,0.18005872931126535,0.19052808246963468
4,0.7208190639269406,0.4043133737011288,0.1378066724242715,0.15977938915550577,0.08311173839524356,0.9864812082284523,0.5982481675936996,0.7373651632347471,0.675926714955262,0.5781117481426197,0.5848179705654531,0.5656659708351479,0.7898662551440329,0.10580280890618901,0.33432180543788037,0.6978077466867609,0.7724263135412219,0.6138099797850834,0.09323868878386775,0.6913471241170535,0.6616980354444291,0.19692294566809335,0.17132517838939856,0.21338418688680905,0.7586798849834773,0.30980177550772225,0.789165150596321,0.7964940380850685,0.25008153103349534
1,0.2770405251141552,0.19940943410331163,0.33769152032754374,0.09250631512165125,0.015586647029946,0.06908037496745074,0.36627332744190877,0.2053143091493481,0.5523647209203238,0.6762221392950437,0.48525293451707086,0.20478471773769658,0.3762002743484225,0.035605496170825285,0.08487060001540478,0.2289980268166493,0.4973302007689023,0.19006277263538676,0.19662593436387943,0.24126513622603427,0.3345239730732243,0.6398822642797218,0.14384301732925586,0.32509472310741977,0.24805802326080428,0.424662531922656,0.32625833838690116,0.40576615056059795,0.24542034219171327
1,0.41927083333333337,0.17642221723854376,0.15247257141029333,0.3142420102520989,0.10072342224404081,0.07675115007377831,0.20765971825128654,0.13661551373880534,0.47162334895611413,0.6140889507073313,0.5512423285467438,0.1469956598134771,0.5629715363511659,0.03980973233789995,0.12385908495725181,0.07220763482124823,0.36763135412217,0.157303968507288,0.0986989512530361,0.2042129162462159,0.41080505563951086,0.33873903337267336,0.030856269113149846,0.15708980503349812,0.48002231663877093,0.2741700109449106,0.18673943804325854,0.340140594411817,0.09260334555635982
4,0.3271974885844749,0.4572774164610899,0.13298467837379652,0.24514348656990623,0.07438430698739977,0.265949136359691,0.5482923532775381,0.9441196387185382,0.3129100979974435,0.568511042507718,0.6736578680807961,0.5237358643579078,0.5190329218106996,0.11541249157378825,0.055919279057228696,0.643894784270466,0.3313754805638617,0.7152037450792638,0.03526576415431831,0.5106584258324924,0.39538398131611485,0.3559799223626772,0.04769622833843017,0.02443981632499435,0.7197116003604995,0.23215371518910377,0.2840913685061654,0.3198967787862609,0.3820584000827241
1,0.18029394977168953,0.5094191522762951,0.15862201324249114,0.09936440100730569,0.15203799159984727,0.3098038364725284,0.32141186255653165,0.15073105132142417,0.24005112910097998,0.365590121111375,0.2242149794434845,0.3265952813612266,0.4102366255144033,0.04671035625769762,0.45203342832935384,0.2795860976026599,0.5401537804357113,0.26892222576869884,0.26224322645026454,0.17785065590312815,0.19247149333699679,0.27507216289618497,0.1663506625891947,0.269716207060949,0.3065104501952706,0.2191110300376992,0.1555690317364059,0.1814379782879516,0.06816789824927019
4,0.8234874429223744,0.489609030425357,0.027892396762946622,0.2546755253519537,0.03879956908307424,0.9948572172554465,0.3417632687009408,0.5809783593548817,0.7996591393268001,0.6415510397937376,0.6012631829827803,0.5928184180095214,0.9246399176954732,0.12056198397372542,0.3851093737965032,0.3844755527243913,0.9718069201196071,0.5975742100223428,0.15192709608179095,0.4457303229061554,0.6210331089435361,0.14698479957910904,0.0518144750254842,0.14320126464757985,0.8241706364533712,0.21482427337954524,0.7712553062462097,0.6759209823812067,0.3941170387928634
2,0.1942066210045662,0.11332884802272557,0.07195406710808304,0.2560767233762645,0.021869715813014785,0.07344197552295809,0.1325830430940375,0.23068412669648733,0.04482317852577759,0.34079112528411987,0.19561461002204614,0.29601874239716464,0.06001371742112483,0.02745044373824765,0.34666486944465846,0.27124279477339464,0.3348996155489108,0.1736780508564741,0.2929901526990642,0.03859737638748738,0.1265970600357192,0.23394997653817168,0.25344546381243627,0.0,0.09115488605639244,0.14845555150188497,0.0,0.04280121017974728,0.17677518911222642
1,0.2858875570776256,0.3831576586678627,0.032578447365895796,0.08202846767319392,0.04899634538809798,0.17321630066834473,0.258928107293237,0.27850527902030536,0.41150404772049426,0.19145435424229063,0.24953822320204974,1.0,0.24862825788751713,0.06150501011145406,1.0,0.32893121824650806,0.35689876121315683,0.21210767102883285,0.04624277456647399,0.10576437941473259,0.39538398131611485,0.5071451931690532,0.24539245667686035,0.06285599578450807,0.21990472511909362,0.40794114070290655,0.13866990095007073,0.2588538885922762,0.28092810155982784
1,0.2796803652968037,0.18430888839052104,0.1916642676646515,0.20961533222015938,0.12868529427807782,0.0924832913809565,0.2566668399438582,0.10973876717946762,0.10353642948444823,0.5776876887064492,0.16057915748078416,0.2936308889122501,0.14771947873799726,0.03686752728065241,0.08326272818300856,0.16894799807342728,0.2582229816317813,0.14282370464943078,0.21861761217073675,0.12118440968718466,0.2555982964692952,0.382612652324143,0.2591743119266055,0.34996110706847666,0.39963950045062446,0.17156147391462975,0.2288659793814433,0.12146289375333688,0.23297989961740073
1,0.3804223744292238,0.08165134185542348,0.13249288296068837,0.11596081316192013,0.1567051219113075,0.2294125943928478,0.322646462546135,0.17019714064988697,0.3086067319982957,0.3999813413848085,0.2137579693737711,0.23873278567888623,0.6655521262002743,0.051155341331265425,0.5204883308942463,0.2577101751006013,0.5387654848355404,0.21216086817746568,0.2477735309069684,0.2688887487386478,0.38054677840362683,0.16419724998933552,0.13129459734964324,0.24699520738714778,0.30084545727651174,0.41285114921561483,0.3172832019405701,0.37039508809396693,0.1064278271383005
1,0.2768264840182648,0.30855199222546165,0.04111089786648755,0.28273451578877723,0.04682130584192439,0.1326599253537019,0.3329261319332536,0.12981525813312478,0.1591819343843204,0.5099229908063915,0.11958529464338916,0.570246444501179,0.30306927297668035,0.09969032088027936,0.0,0.1604027158460606,0.1856044425459206,0.20500053197148632,0.10875336559281505,0.2684472754793138,0.28094518477812885,0.5484806688753964,0.10657492354740063,0.08787293302888115,0.5839234367623708,0.4560379423568041,0.1778451586820295,0.1376579462537818,0.32348332392080753
1,0.2828909817351598,0.19911041339612767,0.1269591849790487,0.12592878021819767,0.3642066219385807,0.1836049388073952,0.18275978582939126,0.05068240994191646,0.361823604601619,0.5403450147572684,0.16421378776142528,0.3128012975505729,0.4493741426611797,0.08242482298619874,0.3122063467611492,0.06535587216257788,0.4967962409226827,0.3373231194807958,0.15009131818267402,0.28020938446014126,0.37360901222695425,0.19734952436475323,0.18590214067278288,0.29613830828293985,0.43517445603193,0.1691748753496291,0.3140691328077623,0.405944118170493,0.32032548779420766
2,0.2172517123287671,0.13997906855049713,0.08721171992451142,0.22556563639689714,0.050936153384607004,0.22569655411856612,0.14438321983677288,0.2620911978178142,0.30830847890924584,0.5621331885877124,0.37126854555204675,0.35281661585594787,0.2754629629629629,0.05711070901820062,0.43227682353847346,0.1756754657178814,0.37409226826142683,0.2534312160868178,0.22588540980211255,0.16009712411705346,0.28822640472592387,0.3128101582606964,0.32078491335372067,0.1028278925049557,0.0,0.12285662167092302,0.19037800687285222,0.35584623598505066,0.21864634621656237
1,0.5201198630136987,0.2760708679076026,0.2375571762146947,0.05087516493268411,0.08364015709376534,0.08399878482770592,0.11654623901855797,0.07589962708275712,0.5415423945462292,0.6357499067069241,0.5146278972770065,0.10782885548230133,0.7900377229080934,0.04392780573844024,0.09277516752676578,0.07780867889936764,0.6395771038017942,0.12075752739653157,0.5385136788989098,0.20380297679112006,1.0,0.08237234632502453,0.1243934760448522,0.3416053998444283,0.22342388738680746,0.5204609023470753,0.2418031129977764,0.49928812956042,0.10369156611172536
1,0.3151398401826484,0.4669208342677731,0.2248824489012571,0.0744269683913079,0.0438519336715213,0.18287258050516447,0.38976971461246557,0.10031569209053019,0.30302513847464846,0.6363775146724565,0.2849311803610797,0.2403772508147236,0.47728052126200277,0.06309648709332441,0.1477316490795656,0.08470705218836909,0.4055958991883811,0.522906692201298,0.08710060062887162,0.23335015136226034,0.33651600494573425,0.2674221849360843,0.13091743119266055,0.08473640629312726,0.34015707480365653,0.2649276419798128,0.114291489791793,0.406833956219968,0.11120037544046645
1,0.12856735159817353,0.2748747850788667,0.11036208937082173,0.07949074236249773,0.06601824578628702,0.28885296415241735,0.20832250350886314,0.1728771852855058,0.28282914358755856,0.6887064490959054,0.3965917893106119,0.32784177091624495,0.12671467764060357,0.0747132553813716,0.6867730878841563,0.1595171138697699,0.34120034173430164,0.007149696776252792,0.0257385475701832,0.251103683148335,0.30155241104547326,0.4638190168782972,0.046289500509683994,0.1370285800316162,0.3864211836401872,0.23227532530706554,0.22712755205174853,0.1976330307883965,0.44531057358076337
1,0.11472602739726026,0.04806757867982357,0.14199692927742058,0.08592068440739055,0.07890484372443135,0.16307178196337124,0.12073088319384519,0.11764537573081288,0.11913080528334043,0.41998846558333625,0.20836560805577073,0.3617973478306576,0.12688614540466392,0.04932564964191767,0.2919972271431873,0.14912294330593664,0.021571977787270404,0.19917012448132781,0.1577827568676922,0.06808148335015135,0.16636900673169389,0.28095894891009143,0.15256880733944955,0.12571199156901613,0.3197287670057079,0.3807916818679315,0.320194057004245,0.19371774337070655,0.25221326927512944
3,0.27275970319634707,0.11063766165806982,0.11472827303841604,0.12877399065089543,0.05968403970981291,0.07349622428608626,0.1278265841867235,0.14909059695371438,0.1618236046016191,0.7643586525087357,0.43496395161770846,0.3126586270593359,0.24022633744855967,0.028656722469728984,0.20668374027574524,0.15586594782716778,0.21123451516445968,0.19229705287796572,0.16561540923725782,0.2128847124117053,0.25635389476576453,0.576976125812277,0.12274209989806321,0.22352144129676563,0.321016265396335,0.41846041590660343,0.13414190418435415,0.15474283680370174,0.23975691820647635
4,0.2684075342465754,0.5978545264259549,0.15220068451524169,0.20146892259548585,0.11214408443789887,0.706492491971183,0.6918698341737277,0.9055594235519652,0.3943757988922028,0.5878820775519898,0.4418161234582613,0.682445522399267,0.6459190672153635,0.23313110425187908,0.1280616960640838,0.973245498189954,0.5169799231097822,0.4840727736993298,0.0,0.4250441473259334,0.36165682099189445,0.174029888947346,0.01238532110091743,0.0629563646400522,0.38873868074331575,0.33470144716040373,0.6313321204770568,0.30298985584623594,0.40168948209896665
1,0.02133276255707764,0.21316438663377438,0.1191504334196974,0.04982426641445103,0.06031473299514538,0.23526603593438072,0.2839839891875032,0.23647340461043978,0.5084789092458457,0.3436238423177393,0.35667044032652095,0.5651103068166459,0.46099108367626884,0.0735424554361103,0.2575194485095895,0.16786041669903518,0.26580521144809915,1.0,0.3982602474063753,0.2963546922300706,0.2826624536337409,0.0887141496153682,0.10066258919469928,0.10468471633252202,0.4667610832153127,0.2881855770400098,0.06893066504952497,0.26098949991101617,0.1354767378041505
1,0.15953196347031964,0.17197428421918218,0.15122509036240925,0.10239643784324487,0.09616879397807233,0.13990756010762953,0.1055518012164059,0.11189424791843508,0.36207925010651887,0.9114733521050311,0.44682118810701305,0.29753555498821094,0.31550068587105623,0.026984151119355707,0.11511206962951553,0.18592980439072138,0.476826142674071,0.264645175018619,0.23349212027640226,0.11904011099899092,0.33630993268306086,0.20846900905768767,0.1169928644240571,0.38238024740922893,0.20428307797948586,0.27152499087924115,0.3918738629472408,0.4337070653141128,0.3415235565029947
1,0.547945205479452,0.5987889661359048,0.08454882768768193,0.08944314055183851,0.10483486063382971,0.10144518704973528,0.1120496958985289,0.10617173268223826,0.6344269279931828,0.8322590494283679,0.5441816123458262,0.2820670701488278,0.5973936899862826,0.10753620103293951,0.22288762227528308,0.17350030296909716,0.5072618539085861,0.18176401744866477,0.18229745250513077,0.20941599394550958,0.5100288501167742,0.15658282025395653,0.3884709480122325,0.2513236142824882,0.7208274322990429,0.30983217803721275,0.3148574893875076,0.6011745862253071,0.13638352198156203
2,0.22253139269406394,0.12465425730731852,0.034025845248376686,0.3198234490489369,0.08899252713685706,0.04873708879437549,0.019181785101627078,0.08308138370418412,0.09791222837665103,0.598110391152424,0.2793302746827147,0.33784372324928286,0.023576817558299032,0.03125681065985473,0.17851228529615654,0.06236502338299955,0.04720205040580949,0.1372060857538036,0.6682796407523866,0.16861125126135215,0.17454320648440716,0.27690645129182245,0.564006116207951,0.060447143251449086,0.03776661945839235,0.22427946005107627,0.10903577926015767,0.10597971169247195,0.21066028205760462
1,0.19912956621004566,0.38304552590266877,0.08618814573137576,0.1891578410652219,0.020454917362133857,0.16640265601944276,0.26025367780839004,0.16180411830346497,0.32782275244993603,0.3943074261288463,0.2640171602216529,0.6946701308063135,0.15243484224965706,0.002919397266106097,0.6940807209427714,0.38346565573388436,0.20867150790260575,0.2422810937333759,0.23078081753309107,0.16917885973763874,0.1530430004121445,0.5123210146885264,0.10500509683995923,0.07766040197726647,0.12540234324707095,0.21217925331387577,0.10499292500505357,0.15198433885032922,0.1395015868723105
1,0.4943992579908676,0.6173843163639082,1.0,0.15866037684442422,0.09167893961708395,0.21430431386164397,0.1022508707178874,0.052151188852540324,0.3818065615679591,0.7864945550768396,0.2806411249478639,0.45231802003394056,0.6024519890260631,0.10753620103293951,0.1926654086112609,0.14794990910927086,0.5166061512174285,0.3981274603681242,0.0927397337651334,0.31470736629667,0.5044992444017035,0.46753025153923805,0.15054026503567788,0.16348831957443608,1.0,0.12826827192022378,0.28859915100060646,0.598861007296672,0.23856378113093488
1,0.3637271689497717,0.42251625925095304,0.058287752295045264,0.1888503559432204,0.13740931653302788,0.14769768249283916,0.19761397307272444,0.09367757441654188,0.21849169152109074,0.554517081114089,0.45552046713936717,0.20744289425863907,0.3819444444444444,0.07462709261483723,0.05421512747438959,0.22172676848499911,0.57859888936352,0.06881583147143311,0.23620342301971342,0.29067860746720486,0.2707789531529056,0.6365122925761088,0.03652395514780836,0.3336511680425564,0.3405862409338655,0.01866715310713852,0.13988275722660196,0.3400961025093433,0.405205259348229
1,0.2677654109589041,0.11185243328100472,0.07065060934651186,0.10357577951370646,0.07969065346642666,0.18560129329051295,0.1316603420491761,0.2163826073686921,0.3262036642522369,0.2921430267666317,0.17181076088899483,0.31247841170198387,0.3458504801097394,0.10696093785637174,0.2111655626588616,0.2943849727327812,0.5150576676633918,0.2172677944462177,0.11246257837359493,0.27678796670030276,0.3368938040939689,0.20376242410454024,0.05874617737003058,0.31497001480440623,0.493755632805459,0.20246564514167587,0.20844956539316756,0.2685976152340274,0.37944145276370317
2,0.2351598173515982,0.14382896015549076,0.09500047980040303,0.19094826076295238,0.01573324060437463,0.17564664525648813,0.1751052658938504,0.1978082766645366,0.10404772049424797,0.7988431658581268,0.03694214383602456,0.37579407391833236,0.14540466392318244,0.01017734324711988,0.6044731572055765,0.3233379426067771,0.0090773173857326,0.2776252792850304,0.2725047541940464,0.031533804238143275,0.0,0.3304278584327499,0.3377268093781855,0.11580056708403383,0.16866228917213852,0.23464672260732095,0.05178896300788357,0.10508987364299696,0.1129821268066084
1,0.3164954337899543,0.21211781415863046,0.05719220804145475,0.12257368939332021,0.07791959853815525,0.12284089922749762,0.0,0.08296693339946018,0.3206646783127396,0.5201852291617194,0.098790442709885,0.25150554913121176,0.43407064471879286,0.06010106385674678,0.05058538088269276,0.06817581529760887,0.45023494233233674,0.17150760719225452,0.11498559620417616,0.21997981836528754,0.21871136145074868,0.20187125854934804,0.34936799184505607,0.19993476024389634,0.5215226814299816,0.11200291864283111,0.17254901960784313,0.2734472326036661,0.2261233385566223
1,0.4173087899543379,0.20710921731329895,0.16494738188913416,0.11823386773469095,0.24479081437844324,0.06785435292075341,0.0883453760981442,0.05004339574054116,0.4025564550489987,0.516012484309801,0.17511767860334865,0.33231711895715377,0.24116941015089163,0.03966528299400408,0.1301894785488716,0.06517719807964203,0.2599316531396839,0.21370358548781784,0.3045885033232287,0.2062941473259334,0.2637724962220085,0.19972414577615996,0.18056065239551478,0.1955687150277269,0.4379211192652676,0.17001094491061658,0.2877703658783101,0.18259476775226907,0.13698804476650306
1,0.606806506849315,0.2956193466397548,0.22377091130089885,0.0904940390700716,0.06722849506354661,0.12237435986459509,0.3899256640848365,0.03705328615437438,0.4068172134639965,0.6835329239746244,0.21545611630816902,0.17206061243185605,0.5083161865569273,0.02886959518704923,0.34076292074250947,0.07861659649177322,0.7368645877829988,0.1791679965953825,0.21381634689612322,0.2759523208879919,0.5454732792966066,0.24660514453908172,0.1970744138634047,0.32298697714099317,0.451997768336123,0.16286635048036,0.22223569840307256,0.5370172628581598,0.15467829047319814
2,0.3381135844748859,0.1978769529789938,0.16423567795796948,0.11741261000377545,0.1881886488845252,0.026592743685443974,0.21908301710245878,0.09450733912579043,0.18628035790370684,0.7554873291040473,0.19138413871179175,0.5218736389986033,0.12011316872427984,0.007764785784157197,0.41481167680813374,0.23414073302984634,0.24177701836821874,0.11016065538887115,0.33531660108075534,0.09031281533804238,0.2520263772496222,0.26975414847782503,0.6812130479102956,0.37156550322434956,0.29183296854212265,0.15347196886780984,0.20270871235091972,0.14922584089695673,0.3188062265846849
1,0.3050799086757991,0.0792778649921507,0.17020119630233826,0.19162939869143678,0.031531255113729346,0.07071868761392239,0.09780631075531528,0.08880389894038095,0.2291435875585854,0.49480951250127225,0.32044330572603236,0.09375703966239653,0.23962620027434842,0.022022189446581616,0.3899618732188247,0.07134533816012306,0.24807774455360962,0.0966273007766784,0.17175349739225396,0.17356205852674067,0.1707652150020607,0.3280390177314545,0.12522935779816516,0.23674503801470403,0.34891206385992024,0.32059467347683335,0.15649888821507982,0.2404342409681438,0.19635854564544733
1,0.5760559360730594,0.4087239291320923,0.07125835652368614,0.1158829688272362,0.028006191021654945,0.16958163353875533,0.13349274834953476,0.058703468797985686,0.44388581167447805,0.6646707602537573,0.35935172495978074,0.2875636385480649,0.579818244170096,0.05835246653590199,0.08371524301009013,0.07760669950126627,0.7301366937206324,0.3658899882966273,0.06493946640055732,0.2642848133198789,0.44449787058661894,0.20600907190694898,0.12751274209989807,0.09939025920256944,0.4681344148319815,0.10418946856378451,0.23703254497675358,0.5343477487097348,0.0
3,0.3087899543378996,0.07367122673245122,0.173471835716342,0.20218898269131222,0.055480554191894405,0.1854873708879438,0.5544523574361907,0.20524754647159246,0.0,0.5793160769413442,0.058332836799142,0.09405739859131662,0.08779149519890261,0.04415081525182334,0.07053454517445892,0.06906141727389961,0.2980563861597608,0.30403234386636874,0.19093972999943512,0.06893289606458122,0.2609561752988047,0.2626587228233822,0.0014373088685015291,1.0,0.31200377666194584,0.36732336130366056,0.42369112593491004,0.16773447232603664,0.3192039389431987
3,0.28246289954337905,0.0826418479479704,0.37573969228800824,0.10308146798846347,0.08065714831178748,0.0996115788560021,0.22921973280657065,0.2056099724365516,0.21175969322539412,0.5469348983953591,0.12464994339510221,0.7633772357967771,0.15852194787379975,0.05089178463363084,0.26307479011014406,0.22624799962711498,0.21369073045706963,0.3736567719970209,0.12955884844947374,0.22644424823410697,0.28300590740486326,0.5934420635033487,0.0806829765545362,0.3640629312724262,0.2514913523024763,0.5163261583363736,0.2703860925813625,0.14255205552589426,0.34779150327317265
3,0.3216324200913242,0.11329147043432758,0.12609154591689858,0.44724684049306607,0.051669121256750127,0.09345976911726413,0.1653844154493944,0.1868591975126134,0.22505325948018745,0.6637887166265225,0.2388726687719717,0.27883821166293715,0.17215363511659806,0.021094672606829158,0.10485827620734808,0.10199959604120379,0.4082656984194789,0.1308649856367699,0.3131554668524411,0.1620837537840565,0.2659706003571919,0.4908925448263114,0.1479816513761468,0.15251047599929743,0.11355735805330244,0.40824516599781097,0.20234485546796038,0.1960313222993415,0.29686841288906207
1,0.12029109589041095,0.1218135605890708,0.1050043182036273,0.1901620329826446,0.08942889870724922,0.15188568700633626,0.29942298695222747,0.08514148918921498,0.4357051555176821,0.6179054856328664,0.2721801823273551,0.32350158439335003,0.053240740740740734,0.04258468026011019,0.5396383732573364,0.18805835650917455,0.3914993592481846,0.1468879668049793,0.1855359530040858,0.19863143289606455,0.27785410083802714,0.22629999857807104,0.15475025484199798,0.41871377311620206,0.2586155100639458,0.4167274717256476,0.1816858702243784,0.2618793379604912,0.22796872390012643
1,0.0,0.35007849293563575,0.04909157790359211,0.20507311529135192,0.0690558010145639,0.2172662963284437,0.3484431044341633,0.21832349378630223,0.34290583723902857,0.5951080503443363,0.2152177798963237,0.49742442218451044,0.15594993141289434,0.07287342689596099,0.14378417931140725,0.19147646940012117,0.09258863733447247,0.35580380891584207,0.16070117301500633,0.13304112008072652,0.18931171864267068,0.49744763746498505,0.3082874617737003,0.12500940958020726,0.31234710956611306,0.2762069804207711,0.06294724075197089,0.1820608649225841,0.36583173585535994
4,0.5704195205479452,0.38267175001868875,0.1568707417714231,0.16914017040124862,0.10270754922816779,0.8470076382258485,0.4336175079274315,0.7434310293851157,0.3228802726885385,0.6448926281507616,0.74551629625216,0.21954735909411746,0.657235939643347,0.06367935286693933,0.29319109604867905,0.7023755884592079,0.3053182400683469,0.4614107883817427,0.04827625162395737,0.3673688193743693,0.4280120895727435,0.26299998578071015,0.03615698267074414,0.134444082001355,0.6614308398781169,0.11574242977015692,0.4444713968061451,0.3616301833066382,0.3818993151393186
1,0.4151683789954338,0.16386334753681692,0.09623196750151938,0.09282936911058957,0.0595033546064474,0.21040925266903915,0.18243489109528513,0.12490343255538919,0.4305070302513847,0.5164195813685247,0.34374068998391233,0.3097601633952573,0.4806241426611797,0.05479445111783517,0.06513325117461297,0.15721765610676944,0.6506834686031612,0.17978508351952335,0.29195458567904947,0.1296039354187689,0.4382470119521912,0.2380166934463293,0.40637104994903156,0.17853110179911177,0.32917042187030604,0.41578499331144353,0.1843541540327471,0.5884499021178146,0.23269354671927076
4,0.4572631278538813,0.47947970396949985,0.12460416466749832,0.25180696161885086,0.0263800250913653,0.7518553076989845,1.0,0.8226687903556542,0.30234341712824886,0.5970247989958274,0.34523029255794563,0.7892831934161322,0.5473251028806584,0.3730594371037146,0.5218073634753139,0.430977424918043,0.32208457923964123,0.5996382593892968,0.09493325299843723,0.9077005549949546,0.387141090809177,0.1026632729961466,0.020540265035677883,0.11090758537625776,0.5445259860091841,0.2626474522680287,0.7681018799272286,0.26926499377113366,0.5854166832380149
1,0.3481021689497717,0.15818195410032143,0.056936314493170846,0.07823550246571931,0.16099213167512136,0.07241667389983507,0.09290689816499453,0.10685366574788505,0.29880698764380054,0.4893900329070123,0.12277304415182029,0.18891825731749434,0.3999056927297668,0.08982214991307697,0.15762920742509437,0.09541196028774297,0.6240922682614268,0.1232577933822747,0.2145977292839525,0.18682202320887992,0.3632023629619453,0.2653888264820055,0.0,0.14510827290291822,0.6164542294322132,0.41429526936641126,0.13476854659389526,0.21645310553479266,0.3499232415148068
4,0.7477882420091324,0.3607311056290648,0.13044973291110898,0.14881501461527388,0.044199667266677574,0.6408514885860601,0.34139938659874197,0.23064597659491268,0.7688964635705156,0.5176747972995895,0.7640469522731336,0.3730007358793759,0.9028635116598079,0.24085027445375337,0.21204652237541405,0.5477525907742026,0.9037804357112346,0.4152356633684434,0.11492911073035718,0.878500252270434,0.6231625223244951,0.12953773088571957,0.10928644240570846,0.19622111258876374,0.7164499377709111,0.40198224492277773,0.3957145744895897,0.9186688022779854,0.3127769072296152
1,0.16320633561643835,0.11033864095088586,0.020155615264050165,0.20940126029977857,0.089902770959472,0.11429129415849319,0.27810989239486406,0.08023920113687302,0.24563272262462715,0.5358075787902432,0.3882798069475064,0.13740670100770416,0.3500943072702332,0.03060045311478401,0.22232919972271437,0.15353541631061327,0.19484194788551903,0.809894669645707,0.17369283199337238,0.2496846619576186,0.26751614232724275,0.5366999872026392,0.010815494393476044,0.39196547311369284,0.18097935710913696,0.182704000972881,0.12710733778047303,0.2146734294358427,0.16101782546790858
4,0.413527397260274,0.39470733348284365,0.08771551034769537,0.2769156517711533,0.024573174057710145,1.0,0.4504080677860373,0.6194622743183054,0.3324243715381338,0.5538216236387692,0.6601918608115356,0.36571703185306437,0.48876886145404663,0.11457620589860162,0.2738581221597474,0.3864331991982971,0.5268047842802221,0.3464836684753697,0.061041968707047506,0.269582492431887,0.42148646792141775,0.13940591806845165,0.04541284403669724,0.051639776177452135,0.5392043259945926,0.18375288824030164,0.57824944410754,0.4733938423206977,0.3148609199882277
3,0.371361301369863,0.1815429468490693,0.17583885103796823,0.31854290974338617,0.17372020400370916,0.12443581286346672,0.2797733534334875,0.08103081574454693,0.333958244567533,0.5980425416426367,0.2500744801287017,0.26475137789658637,0.2997256515775034,0.04561051388487641,0.14356273588538862,0.12100119633951184,0.23985476292182834,0.14420683051388444,0.12686637419743554,0.20645181634712412,0.4148921555158675,1.0,0.0355453618756371,0.5175269113993928,0.5659842925196343,0.20923020795330177,0.38645643824540127,0.2374087915999288,0.2592130067849729
3,0.162314497716895,1.0,0.15604708441288428,0.2561039688934039,0.11659984726995036,0.06184358996614878,0.11228362010708529,0.1682896355711547,0.019855134213890072,0.6098992434779659,0.18477030328308408,0.19524832174448464,0.043981481481481476,0.016102300545866463,0.26742663483016255,0.10802790423069153,0.0,0.052239599957442276,0.0498201879083429,0.0,0.005014425058387119,0.9479431797176049,0.011569826707441389,0.1083732717737686,0.5885584309686279,0.34145080870728445,0.007317566201738427,0.07599216942516461,0.29483212561347133
1,0.3844178082191781,0.2656798983329595,0.04022326712087771,0.2049485643558576,0.3400186821578574,0.12999088620779448,0.15995217549513957,0.11585232095680455,0.33344695355773324,0.597822030735828,0.5507954477745338,0.3269106582365927,0.35185185185185186,0.058616023233536575,0.2597435107448202,0.08767459565278186,0.40730457069628373,0.10660708586019792,0.19380166067293028,0.25403632694248235,0.33946970737738696,0.2079286760419185,0.10946992864424057,0.1648056608034527,0.3641045448693189,0.3669585309497751,0.37824944410753997,0.3415198433885033,0.12971786285287026
1,0.250142694063927,0.23970247439635192,0.036976617727025554,0.08033146117708419,0.398632247859052,0.23171816682579635,0.17871809533711075,0.13100744880733245,0.27533020877716236,0.24600536011127327,0.3711493773461241,0.2405124123327376,0.39257544581618653,0.06660381853107687,0.4865304629130402,0.29300995913801403,0.2980563861597608,0.2963506756037876,0.18756943006156918,0.24558526740665992,0.25188899574117324,0.3594636483853996,0.14906218144750258,0.2346874764760495,0.40865198918501355,0.35878025051684304,0.35746917323630484,0.3237230823990034,0.24545215918039434
1,0.38552368721461183,0.16367645959482693,0.0753006749192336,0.11625856774208616,0.18880741013472976,0.21528079159795158,0.1216925716067994,0.10430714646777747,0.5185769066893907,0.5159870407436307,0.47440862777810877,0.13187258774235208,0.40895061728395066,0.09936847760528329,0.10553704844797045,0.12192564050774515,0.5825501922255447,0.19333971699116928,0.20542825403400425,0.3146600655903128,0.3469569995878554,0.18831316564050793,0.20729867482161063,0.18928311544927612,0.6462812754817389,0.2651100571567555,0.14970689306650492,0.43459690336358786,0.19878459103238175
1,0.3559860159817351,0.2411788891380728,0.1611729520519464,0.09584194486285777,0.06331137838869798,0.15130522524086448,0.24416489057545354,0.12059723984015107,0.4724328930549637,0.5694100485123995,0.39051421080855625,0.5206571853364771,0.3979766803840878,0.04985529723620255,0.09342986982977741,0.16473750446685206,0.4382208457923965,0.28480689435046275,0.0963642183351848,0.24440274974772955,0.3647479049319961,0.25967267194676297,1.0,0.36593230120693554,0.6356379554525557,0.3721877660221331,0.2767535880331514,0.5025360384410037,0.27604419379727807
2,0.2609874429223744,0.2628765792031098,0.08745162012602757,0.14720752910405066,0.06911375661375663,0.12057330092873883,0.15555959869002442,0.20999723411763585,0.20085215168299955,0.49060284289446016,0.11690401001012929,0.5161668193491222,0.29963991769547327,0.06473357965747766,0.094883694061465,0.19348072650435807,0.2025843656557027,0.14861155442068302,0.28950688181356027,0.20742936427850656,0.2957136969363923,0.40667169081576066,0.1989908256880734,0.1326123503876747,0.34479206900991377,0.26939681381490943,0.26080452799676573,0.2772735362164086,0.17987734550863435
1,0.2341609589041096,0.4118262689691261,0.1076352237469213,0.032659590616643905,0.07130584192439864,0.5261045048172901,0.21882310131517388,0.12256673883394213,0.4956114188325521,0.0,0.48352499553119227,0.1642212443870425,0.5447530864197531,0.09180896194139916,0.7503369791265502,0.28162142846045085,0.45407945322511756,0.5532929035003723,0.1310651277513133,0.32306382441977793,0.31439758208545127,0.5391954725780995,0.10166156982670745,0.2332321280706597,0.32350542895154716,0.49547002310592253,0.11198706286638367,0.47232603666132766,0.23415712819860168
2,0.3235587899543379,0.09976078343425282,0.07284169785369288,0.2597509759733462,0.10739854360988384,0.15281876573214132,0.14926963663772938,0.1517229539623649,0.40528334043459735,0.5924449570851851,0.38527080974795924,0.4588583357111748,0.4008916323731138,0.0356815221412968,0.11769236694138491,0.2628528813137983,0.7451943613840241,0.1904032343866369,0.3991075295136601,0.17747225025227042,0.34736914411320235,0.2786696432380167,0.5248012232415903,0.1699495646500891,0.2313205441826531,0.31372370181199083,0.3062057812815848,0.4593344011389927,0.11291849282924615
1,0.3499571917808219,0.2862749495402557,0.0849646547036433,0.14741770880769728,0.059435171548573605,0.09285218297022826,0.09346571710765712,0.19295367623916299,0.20903280783979547,0.4654645995182686,0.2708693320622058,0.25593584333278263,0.4478737997256516,0.048038276541933385,0.3394727720865748,0.20454298276960362,0.19927381460914143,0.08443451431003297,0.0871759145939636,0.2089114530776993,0.26473416678115125,0.310975869865059,0.3259225280326198,0.1516071562994003,0.1987039182867688,0.20242004134744013,0.04414796846573681,0.17974728599394907,0.10911636268185397
4,0.37906678082191786,0.31980264633325856,0.12361257716789814,0.18762819988868262,0.046869033982436054,0.7878873361687354,0.6741175859021677,1.0,0.3272262462718364,0.360416595990094,0.3302150986116904,0.5987054530163545,0.5356652949245542,0.1826954754410773,0.13605291535084343,0.9224088373755108,0.42631354122170023,0.7835727205021811,0.030935211161529624,1.0,0.3836378623437285,0.3886558505268248,0.10408766564729867,0.028655308257847595,0.6161967297540878,0.3440958287729539,0.6713159490600363,0.42311799252536036,0.6738201862884688
