Type,200859_x_at,221561_at,242826_at,218802_at,224649_x_at,213158_at,212427_at,203355_s_at,216231_s_at,232429_at,230932_at,205574_x_at,212482_at,202901_x_at,227926_s_at,204781_s_at
1.0,0.13406094071601812,0.1404170771085243,0.8102574882981419,0.521511686069379,0.8373936124491099,0.13549473846961335,0.8318524361176082,0.8832865797855584,0.31426072439475283,0.7826592669159214,0.9427158414548665,0.3143045336158125,0.7751266296449238,0.41067128136050446,0.4864581512627957,0.5450926311401749
3.0,0.6891992874601713,0.5758408548059244,0.46268634426594696,0.742278151552806,0.1845737538387184,0.6357700452568357,0.4679757339912263,0.4543226690166368,0.7409176542573043,0.460712564409509,0.3319420054922293,0.7879586948509234,0.15701993367693187,0.575182653419905,0.8591862662892031,0.6519592781386022
4.0,0.45842985428858296,0.33972676505068666,0.7326179447017515,0.174170062840279,0.5827993476028184,0.907563186995357,0.6175128620246865,0.15180682719153948,0.5287115118056894,0.7221192996150607,0.45352924704708075,0.5813966700458303,0.3410131493477912,0.48054623488455805,0.5543134117130952,0.6667564285291838
3.0,0.2922759378835489,0.222750685392845,0.5267363168693785,0.33293988942056896,0.43132900404164237,0.5707010810135508,0.6126168131329239,0.6999368145856147,0.5702936809570209,0.5437391373086263,0.7350684024068553,0.6953494177106857,1.0,0.6192772739512697,0.7235026558725226,0.7032268047212904
3.0,0.6179507933963924,0.3886522893282508,0.2705312416151004,0.6859570187172327,0.21927046921825014,0.6290545659560164,0.4583483226112253,0.09174542228964862,0.9273068945088556,0.4987626775118032,0.4046145995038877,0.696215411304797,0.48468710519887964,0.4784276723121668,0.786551334995816,0.692515308086214
1.0,0.1213590978641174,0.2514899563198443,0.9794179005765046,0.5110975223242249,0.8479783241440815,0.23435654660579036,0.8844317048816661,0.8511428565696035,0.30534547014225805,0.8023974466309457,0.8980214923665257,0.49677452851649073,0.8494365681528634,0.26310516474251855,0.4219932466474651,0.5528088162140185
4.0,0.4763954774676671,0.47986626420490347,0.7515155291619102,0.4671253679593303,0.4508052419405687,0.671432068830024,0.27737932646652086,0.3804126720870713,0.6438639882949792,0.36045109358339666,0.4472504617335977,0.770272722788513,0.3221939159557657,0.6530540251655759,0.7404149070141175,0.7699856445599779
2.0,0.40390265919899065,1.0,0.4107704806479452,0.6469918172406237,0.505350892279584,0.15259302679500067,0.7180493919360673,0.6705746521846175,0.8358763811655688,0.5457167757631757,0.5567706548274465,0.6160490782540679,0.4264510053127266,0.8887375060268062,0.7405695582671635,0.8591408991970945
1.0,0.16940387767343992,0.15175554944094347,0.770655344202809,0.43390599296539345,0.9233786435655267,0.020368383654660947,0.937143167251451,0.9471537063578888,0.3048040860741531,0.8815945328306803,0.958106217902517,0.4462262709149222,0.6886824231284958,0.35031106804237244,0.5600742134329421,0.5408896309276375
2.0,0.28342231721611705,0.3112960826519162,0.7230003707883578,0.4230253261643194,0.7993194840119373,0.5234491731900089,0.6628651675099814,0.8416017584442897,0.5925407600805189,0.7070985528003841,0.8438014768688739,0.465185260526565,0.5690873123307979,0.4710165313733721,0.5732508261812663,0.12525425127044937
1.0,0.20075006909743368,0.07192986238401448,0.9304898106482938,0.47284410980627134,0.9451103545080458,0.015732143192009954,0.9180350530935125,0.9227333744083006,0.27459319288911666,0.7716659400580458,0.9303347235889324,0.5356695364417007,0.6990755424906803,0.0,0.6140541579737958,0.5356813362348071
3.0,0.9397250198550952,0.8639657104939884,0.20418341370772738,0.9113542240017535,0.163811740229141,0.4450481458525867,0.047133412685547854,0.17159402272043534,0.9975604013500197,0.38455267208964783,0.08928221939279944,0.743110063161049,0.05025782461560165,0.662651285902455,0.6978904102746033,0.7285256596767894
3.0,0.9426194611211656,0.9257928768597085,0.03313398867557809,0.9003912555778341,0.17262658569894707,0.46726253246373495,0.0,0.1726722765154476,0.7229753034241009,0.32342133511644156,0.18810313147325858,0.760781829278506,0.3881290165346331,0.6883577700962185,0.9379986892783198,0.9287851566471003
3.0,0.5823101529434038,0.6895749852513535,0.604125419086291,0.6714666422777072,0.21631951920818981,0.6398397825381306,0.42034571940673693,0.46903805775975926,0.79523087513508,0.46691269040757893,0.46299510219893086,0.6529749861319916,0.5532128785914914,0.7676924337049403,0.6952554348651021,0.7829886427905266
4.0,0.25367553927598385,0.3180997324156948,0.6827686449235969,0.285650692679678,0.5418116566417175,0.9679884469658878,0.5557150591211841,0.39038862193593854,0.45949654928031153,0.5691218786788007,0.701524750574429,0.6504363847559025,0.6352084068606716,0.46994759066413616,0.5796074617714149,0.7711021224280132
3.0,0.7247080291800893,0.73144467975569,0.2557752250080099,0.8236672817849894,0.35596360777224395,0.6224241203535718,0.19579980099619104,0.24334186792872126,0.8071056920122017,0.37387124229244206,0.3348911177555854,0.8132151164334341,0.19329648891016368,0.6179999064740377,0.7051178854359157,0.7678580529696447
4.0,0.1048401496919709,0.3966539643521796,0.7323270502586388,0.2441191458172879,0.5966581822021575,0.8279012929525127,0.6857874395137712,0.4571406753311655,0.5814071461067117,0.59876778649552,0.6287219223638921,0.5292652029349588,0.5389146244761142,0.5602181421808214,0.6806261897035268,0.8098453994506265
3.0,0.6380312478035806,0.615377853894752,0.5409058100809511,0.6664140975206057,0.41550630802635613,0.7236035901443012,0.4684932588374788,0.49955699022685507,0.5707247293857385,0.45606662909459317,0.533243419068527,0.6502322874917342,0.4835763064417792,0.6562009828790597,0.6359131060196237,1.0
3.0,0.7101406387907883,0.7124339191016006,0.5334360395852077,0.7439347314603899,0.5199518082263457,0.5822021517986644,0.3980000730035624,0.396172379445466,0.7646230663715137,0.3775755834149896,0.30496586449211516,0.7060678372709955,0.4512119217270915,0.7395315911593418,0.6983421500889839,0.8042675994214807
4.0,0.4527919078081352,0.41976783950557667,0.5971812943421179,0.7067274412921299,0.0,0.6809685885466376,0.49804453395957504,0.04593592430742239,0.8633429845982934,0.18714000610753503,0.33868510832766374,0.8365672984600092,0.2056711274810207,0.41769106703114084,0.8020953491585232,0.6627422526033634
2.0,0.15156972363373836,0.26890414296103454,0.8001616631112634,0.24210324673044362,0.7351639927901252,0.6695455919501434,0.8110374900342232,0.5096121224275012,0.3293685723182398,0.6774370446160681,0.772035727179575,0.6514546202777151,0.6700549893209634,0.3706262303123984,0.5200725746946072,0.025658896036991737
2.0,0.36439249926509154,0.2758159725508625,0.7414084176355065,0.1825958837270754,0.5295554849300356,0.894633896311452,0.7430376611392576,0.10912165278076222,0.5414849358940848,0.203082689814014,0.5529336044193015,0.5615932958798571,0.34451517375946833,0.3958017655446617,0.6498556905931288,0.4757017597953485
1.0,0.1550369217794585,0.04389223024228666,0.8688677708373336,0.3568995405517124,0.7312971591572577,0.37213982501906884,0.8333576115705686,0.7937209781492773,0.14227268499485954,0.7915927694231026,0.8134317320981184,0.4635872305412183,0.7287334469188952,0.367537405327698,0.3724035520888389,0.3093114906173623
2.0,0.6576710422966492,0.4629384498872114,0.3286389064231756,0.6427390184696404,0.3356861982416155,0.6397957906674746,0.5899586437069465,0.37187178723995507,1.0,0.24970786700451172,0.5359472441667928,0.7024564131434519,0.26907316473882037,0.916828052829323,0.6805298302887299,0.7896574076225308
2.0,0.2958303270027654,0.4695244057223188,0.5032944135024683,0.17716981039843546,0.6315182954626061,0.5007503079771489,0.521319442774682,0.6429491481698638,0.6432869406632027,0.5341516067824091,0.7252960122508234,0.7298793495062621,0.4210175436989875,0.45364317085632916,0.6416428160129618,0.606495827442117
3.0,0.4631777937748978,0.4232245212128846,0.45417111404482047,0.7290430139308262,0.38917364910411933,0.5977414592445691,0.5801525492966992,0.6342153066552542,0.6036839107341097,0.5268629042273784,0.5077761418873905,0.7501012504249023,0.4665965865100268,0.6979974658414542,0.6585603731034458,0.6805757700620076
1.0,0.0,0.05136919389001859,0.8007315385993876,0.41169450372740635,0.8547532256314492,0.22011464201127992,0.9636750554851897,0.7192259295336949,0.2676717962825209,0.8908677719158405,1.0,0.24828534034922825,0.7916029195103628,0.38167994172734104,0.252274594067931,0.45870665039303343
3.0,0.7714882691022819,0.519127758242534,0.37760272318827964,0.7490332528758687,0.27272778554424487,0.34447816410495363,0.2569068593895344,0.3306247232963071,0.7581650742045304,0.0,0.3059720764008494,0.9023996251645424,0.28711677474406,0.6288370842714035,0.8825552519159142,0.8999575011018359
4.0,0.4190906766094853,0.37143351045592304,0.5736331653229922,0.4031613061228033,0.5779092555369048,0.6897478466788216,0.4994010620623613,0.3784126598085125,0.7618347727365088,0.202039589147244,0.48368439523291745,0.795852847169679,0.3212251188031768,0.5113525873429265,0.6868175109047665,0.6190168873179033
4.0,0.262490521394581,0.42029391146826595,0.5406908869783984,0.1994929203937843,0.46073356648526786,0.9172230360000964,0.6610276680983201,0.22725944518055843,0.48630474036639326,0.3490894104002069,0.6573760270745282,0.5874817045824722,0.40973779704130125,0.5409047158718598,0.6262048890726938,0.12467864731118168
4.0,0.4341185517376598,0.3697224584155179,0.48869629687681093,0.31026755081544677,0.5969787007121494,0.8873200515362167,0.6375995510827912,0.4612049087057931,0.7054142191800179,0.5779076991243839,0.676425186179134,0.6363105854561552,0.5552634129570304,0.3664662388103255,0.6577232824404468,0.43892241112662034
2.0,0.6787030048943287,0.5528076860197293,0.4849779125462424,0.5722472012675288,0.5158121106372806,0.748358532257991,0.28421230910895545,0.5489988164597306,0.7405811002356435,0.6398807182606283,0.3467089247243588,0.6685975123562599,0.4326346639494312,0.7032505548656366,0.6694154902175449,0.8206815463312686
3.0,0.5619914021533603,0.7738976298161143,0.6656549392959867,0.6602948182391425,0.48084980365035696,0.44760311430909916,0.2732936352363405,0.24573712804851136,0.6776557209770429,0.2726429349118504,0.39142272754877083,0.7316347605711289,0.5867119005771859,0.765064125293132,0.6657771707258441,0.8661423852828177
3.0,0.5039502422685872,0.5388653968629793,0.590137525690501,0.5952283884284293,0.5710801574783442,0.4779179420027216,0.5636967816160076,0.513575172946635,0.547518720139452,0.650787484088255,0.702943931886775,0.7120930053388347,0.5382311013300539,0.8176637588405777,0.7110406780522152,0.698263357264483
1.0,0.09719785961378602,0.0974920452324868,0.7011695856650045,0.30543031544673294,0.8826966798010147,0.2904484634546415,0.8206459538864651,0.7392977511540458,0.28466270204965977,0.7487187032645587,0.7999906462673797,0.5708573217411778,0.7366538037819261,0.34016955317064573,0.14280887994085636,0.3883647265668995
2.0,0.39670198571469106,0.5390121776954216,0.4935712936329202,0.24331434119634504,0.4543267958264303,0.7446302441184673,0.604442412384186,0.2274584739268919,0.6417247940547653,0.3975114879706675,0.5751494892555417,0.6429924073202082,0.31329361204939343,0.4027680386401879,0.7472886850427362,0.538897771619625
3.0,0.6364570253999021,0.6849861470326468,0.20948802939060363,0.8710363766762235,0.16994148963825473,0.6905895804901526,0.20668378151781727,0.38975500610760017,0.632061309489979,0.4354723718565837,0.38077585530442304,0.740690794074886,0.4585824823439329,0.5031715260972603,0.8198787350617146,0.8258028776430166
3.0,0.1725542454488277,0.3887679753594764,0.7241851880378953,0.5224640463866682,0.698642644324008,0.14575951035415907,0.6991019529709028,0.6649903188484132,0.468475629884246,0.6076765916372835,0.8531969902190818,0.40883012589916506,0.6792050228291804,0.5498385605747474,0.5957352709893017,0.6463640803298341
2.0,0.6209204830645302,0.7831320805398434,0.5811140226646739,0.5646425493604905,0.49647404354852026,0.5521053111558683,0.37464520403614576,0.5388841736782584,0.6018371509608371,0.43807005399346044,0.4542344306815951,0.7089729838258441,0.5038477799845549,0.8241540705744514,0.742572071287603,0.8558567470160358
3.0,0.9522358163559863,0.6626013599744889,0.22506637367667998,0.8545792832754545,0.4173446779088022,0.6533506132114674,0.33881577980414185,0.25842031334525706,0.676215847270573,0.3214950224393731,0.3506839807989788,0.7758408564599497,0.13723884772323366,0.4723927354698951,0.6638371636615977,0.9632132954348281
3.0,0.83668068903542,0.6861158561177181,0.2226068226854001,0.9807192494818683,0.0109277239290352,0.4573977938766293,0.2880501313276967,0.43739571981824743,0.7895563511684004,0.1994197485194267,0.36382603202247643,0.9403627338110224,0.33145899238391396,0.5793069648213305,0.7118150099734288,0.6382275672944351
3.0,0.8276017794514081,0.5390855436445456,0.3920719412604594,0.8746866198229903,0.43185583548830164,0.6137369826022264,0.2963827694091171,0.3119382488689653,0.712844069553582,0.5270927193130712,0.0597342949948597,0.49907505504316596,0.5142454216915892,0.641499557428371,0.7574298880166821,0.7836626377451326
4.0,0.09474374581613883,0.11886673400500153,0.7288228043834521,0.2908869707967881,0.8432896106234012,0.19265746855885996,0.9388281184393455,0.7568943060902691,0.184774412545954,0.7290765344739248,0.8687818033241281,0.1331805281920131,0.6965536319295671,0.2560516668765783,0.4639272662356915,0.15729544732030873
4.0,0.3901946484563286,0.6759519473093694,0.678971775036613,0.4848647112679237,0.4479555220543736,0.9609633394414456,0.5278245777391088,0.2506086626278096,0.5800448760805602,0.442646480385548,0.550675998198135,0.6108020874839175,0.5745701215917609,0.8713262747257758,0.630060219006227,0.7779390906897675
1.0,0.16819886875011555,0.014330901807790751,0.8555801999522866,0.4441563526640677,0.8876746650098275,0.25327771099284274,0.8411803197509878,0.7669735348162398,0.16806555860582903,0.8852369797839645,0.9346525343612962,0.3433026261083866,0.7537906892629987,0.33048456144356364,0.4004909957256124,0.4904712398507468
3.0,0.7100938495139976,0.6374459313606856,0.35990578324953515,0.6488206124060827,0.23323550536465013,0.6501467830668377,0.30633448793260054,0.3200647931359847,0.6718355873570749,0.3789140681187331,0.3496062658653974,0.7331522098415967,0.2254987890914219,0.5287377318022907,0.7981822894462516,0.5994838235908339
3.0,0.1966025536698468,0.1958652512160843,0.8487990556495824,0.4101601911915075,0.7038466659791259,0.49544809420761454,0.7777846663728212,0.760532751016904,0.029994759430489654,0.7356423763414656,0.8354340754953189,0.49960324202621004,0.6902272778298936,0.3168014722651818,0.0,0.035304463742380235
3.0,0.6633822577604288,0.626989957760109,0.6461053678719986,0.6663357264478194,0.5042857966362908,0.5918527008004802,0.40148140351504236,0.44708732184650224,0.5681434464426374,0.3861959142748982,0.5314811774749588,0.6388750924962269,0.4533819564997258,0.6751000853689779,0.7037053607440498,0.7145519923907365
3.0,0.6767384593471746,0.40446626474095365,0.1261966668608204,0.6648166883675104,0.04252821244909814,0.9385169638363152,0.35983435967661653,0.2941140853431651,0.278740556792968,0.17836720443563361,0.22310288193643799,0.652367841313436,0.013633639109048737,0.4748745974964821,0.8298607695637901,0.7503617641457953
3.0,0.7704227744046385,0.8565347312366092,0.208854493886376,0.9037659194907285,0.3595271210615721,0.71618285235617,0.26613572059865537,0.4716112499696159,0.7231336416978824,0.42401450149793035,0.24374592725900032,0.7736270230518469,0.2291714503146699,0.625464705606851,0.7790045251340995,0.8097942543273949
3.0,0.656906631956335,0.617467165215541,0.10263379156937072,0.7549179692861657,0.1651153278193172,0.5373458626474493,0.1607143873319272,0.16644881038181947,0.9235112997146616,0.4813568175205515,0.40518895833019525,0.7107835950290184,0.26780951420559224,0.6016750737411827,0.6692146318361245,0.8427806505409339
4.0,0.3161476394078787,0.2702318876840267,0.8013639586280993,0.15057202312371887,0.8228675180547917,0.6921668870524252,0.7552094575391154,0.5846317727064682,0.6394789728816841,0.5898499765487306,0.7005835595467741,0.6329625455463623,0.5271245288729673,0.4433629071503294,0.6851170392333925,0.41764990370307775
3.0,0.770083212203643,0.6436496697794669,0.2898987487400396,0.8851161357094097,0.12943294708087638,0.6302665121030762,0.333304299205942,0.5067653875198174,0.619144132437573,0.22090560556865146,0.29103683386174406,0.7444208080273872,0.047015936683677824,0.6165121813438177,0.7881787368744125,0.7075912907196302
3.0,0.4833181578897191,0.6023748044873392,0.4840137396688462,0.7012127634650375,0.2580158035897136,0.6444127934783991,0.12622898633838597,0.22025919292985174,0.7058748602992794,0.4930453417690707,0.47757394136079695,0.6951758934641363,0.49923127405219997,0.5348036298788582,0.8402948547215655,0.7186053046951366
2.0,0.8764152826545852,0.6974777892385517,0.0,0.7059915930019541,0.37678884315293515,0.3055000110157072,0.13354871493668807,0.0,0.8357754393924464,0.10818493595729939,0.1600782962753316,1.0,0.21329618672138267,1.0,0.7558266185227367,0.9101479373358626
3.0,0.6178328478771657,0.6216636581821438,0.3694437925668694,0.5201818313259114,0.34350651380316427,0.5835530148818413,0.2453149943908674,0.41800899459103297,0.933298895105853,0.3440142578845846,0.6966369925686298,0.5701765790173237,0.4433504890077536,0.7874168171722505,0.596654859156965,0.36960662309993464
1.0,0.015742968311343163,0.18575260072837554,0.672276309063612,0.40036623498340806,0.983617533280099,0.10345675464710773,0.848009188977284,0.7339771053593631,0.29224893220056447,0.9516666640033644,0.9709729277761892,0.13906438916043834,0.8074712328752316,0.3874659408434293,0.5900171943882754,0.4898379788177067
4.0,0.23244879379369146,0.3233588633291537,0.74097976004018,0.10706519716387237,0.5812857199456496,0.9103163479725285,0.6199788306135791,0.4298574183649191,0.4669400561154838,0.38750561430826536,0.6961718989725499,0.5874817045824722,0.595437826632975,0.3594331589181289,0.654348943060864,0.18467935998988413
4.0,0.4998599944982978,0.3590125536293123,0.6717004915683905,0.6378274003150113,0.41550630802635613,0.6008266272644083,0.5010429378351765,0.29367641229944,0.6379781424691027,0.44632625959082695,0.3564696573073452,0.8042314171682048,0.4698438832709016,0.4649157884136825,0.8041840236179053,0.6344503516609701
2.0,0.37471966733330603,0.7380949543150416,0.3676121323880056,0.6129746775213376,0.2576297662176829,0.6832974195357228,0.43703254269297154,0.526908084973049,0.6355617651137629,0.6398807182606283,0.417767787315732,0.7281127372407825,0.5415370915718232,0.8296044986587091,0.7447122784515513,0.7405377622346138
1.0,0.10814831078357243,0.1044070464404912,0.7115996410202686,0.42291174963131284,0.9621548823928457,0.015342052301871505,0.8584451011684097,1.0,0.1509533130300385,1.0,0.990919959150009,0.36213562621476547,0.6716870581205662,0.3390762918535346,0.4934446264444255,0.60449497200756
4.0,0.415847931882438,0.2454749222978076,0.7320359833314094,0.32582132587943674,0.49136388829434463,0.9835413888723882,0.7039743023213625,0.12700659292110542,0.6269089759512635,0.30573746051319345,0.5879333548824809,0.6307808327093997,0.5790182623389696,0.5322506558258514,0.7586623438297181,0.34873401718209257
4.0,0.20139976180545513,0.24707783388018945,0.8340038414034594,0.2560463882140901,0.5875439486234811,0.8201905079647911,0.615786339455623,0.4786016498424288,0.48095061717344206,0.48724421921852223,0.726892230896509,0.5306837778214748,0.631762492633211,0.33764745719020345,0.6246710060090258,0.6111790008425896
3.0,0.6000215364861576,0.2229418873018823,0.03343616434433146,0.6545152681708604,0.8856414918516669,0.5783549379746141,0.6725436115101447,0.06823865102760986,0.7993341464453445,0.6112218771800398,0.0,0.8762831004456902,0.3460009071034312,0.5872692126553145,0.772895139620274,0.9905475730503336
3.0,0.7803989123142404,0.4629384498872114,0.36392817995042465,0.7255369005893575,0.07770259249508714,0.6431719857136758,0.357209384535553,0.17410389790222097,0.6937484372327871,0.4987626775118032,0.29225365737231634,0.8893696010733211,0.15625944747015957,0.45113174026142283,0.8177910812012467,0.6289791626057122
4.0,0.24940034319762583,0.350161199193583,0.6236615379370132,0.46894516367558187,0.7183752291844715,0.3364681642543505,0.8645426671783593,0.8728317166466918,0.44456353521663,0.7417004919677941,0.8503323979410345,0.5473109239329176,0.6035897767987048,0.628547136396591,0.5468579264020721,0.6691210569086423
3.0,0.5436943269112952,0.35197642026952014,0.3112830265927317,0.5376362716403515,0.4086320390667792,0.4700597742429949,0.5169622847734326,0.4896040461726149,0.6503598517901398,0.10016054347602925,0.47899221742049264,0.6653301472927984,0.40243091143235843,0.29565733841085756,0.9159000900893124,0.6395377679416301
3.0,0.11876278998308798,0.3756727369526769,0.7682272220629977,0.39938816483683043,0.6726208086661405,0.6713966515456626,0.7317083183846482,0.5242228097112656,0.44586488818237185,0.6758624344492609,0.7483979986102862,0.0,0.8125236727608043,0.47982200576382905,0.39421925015834086,0.6258605998709894
1.0,0.1901976037548875,0.24224555873871068,0.9224074129107075,0.5056923393042465,0.5095864974481545,0.5756000642261933,0.7078108702682219,0.8845577346496742,0.4233186992915107,0.7658012924373154,0.45399959530960604,0.462985583235327,0.763682805060666,0.6154924326614533,0.5973098114181191,0.4834261633391694
3.0,0.7851330932936698,0.5838160125278429,0.36807068857117725,0.7041212202885939,0.3776053008637389,0.581384248373753,0.5489856102079977,0.3292146390573226,0.8063000865358921,0.5159082727287791,0.5077132756690425,0.8464908506450147,0.26569597024406105,0.49902813949276503,0.7688840728221934,0.6918176277119457
2.0,0.3882788437686102,0.5093202207135337,0.46331592541982347,0.8094135607477587,0.3296284013718525,0.7186667925763369,0.1511506298487189,0.5800430376742007,0.648659250314867,0.3381332735979604,0.4311110756686839,0.7020334062982799,0.4085277210186073,0.5330725392674008,0.7250619689364752,0.49314689663621547
2.0,0.43121938719703995,0.28702350196098947,0.5260723613690731,0.6628414378011843,0.5226548809184564,0.7646876338254566,0.7310055761293299,0.6011364406993088,0.5700970734126245,0.592974661536373,0.5938400991070171,0.5149977034290697,0.5306818004519911,0.5110349574075191,0.689161795438582,0.5614298136383946
3.0,0.49041797478577837,0.6086136689074392,0.22281225661113924,0.7033095687925344,0.19521928547403897,0.5229106186824795,0.30338620490870194,0.523635034733155,0.678475477030675,0.43285753059406207,0.4450670491275882,0.7694111654105364,0.39726711755545374,0.5950836182850225,0.8007972347691161,0.7113829147195283
3.0,0.5162037166199188,0.52044991137629,0.4748813103625846,0.5704430962357407,0.19433236885512,0.7287560186812063,0.43990276791781036,0.5165649889028532,0.5513201177989219,0.3214950224393731,0.549406818159359,0.752933581278381,0.41379376356874153,0.5305982733583264,0.6715156049450995,0.41394361600090873
3.0,0.7640893728033744,0.6345470916578008,0.2538509404647168,0.7637536524728558,0.20192572667951633,0.6634957812339609,0.0998859395759738,0.11930936667365462,0.9232182220822643,0.1021819426291815,0.0597342949948597,0.849787411897671,0.18869651302768117,0.8499657287824619,0.730811092639173,0.9323232372488607
4.0,0.6596289546665551,0.544614180270697,0.29132989948666715,0.8926056314230054,0.3088896839378883,0.4915083225412726,0.1980343610088101,0.6098225763948717,0.6691410922563803,0.6198577519358563,0.4750001331129386,0.8490914138711699,0.3323546351908896,0.46284673928819375,0.813980677951064,0.4162143335776571
4.0,0.23397388746716136,0.4469431741555799,0.7909525150139849,0.3971762849823212,0.5728694756460468,0.8153195771941565,0.5888438687180865,0.3470110155645086,0.616596683410999,0.3965541562489735,0.6246631951326859,0.6639734729055583,0.5957108016900952,0.6732926919806516,0.6739948018576378,0.5805791214027048
3.0,0.6941022810330466,0.5517504306479987,0.40215205640482654,0.6960274068772472,0.5400512300512088,0.5757285321440806,0.384427209479159,0.4895215805754505,0.6815213535392304,0.3772402538955835,0.4415490142601516,0.7480295390774097,0.4791457968927683,0.7426168685636388,0.6639396146594826,0.5726487468865867
2.0,0.33229933725188077,0.3505510163064558,0.49991902465049515,0.5071283868650857,0.6137389854253874,0.42895372233943146,0.7360764037004154,0.6422834914852161,0.534380620021155,0.6548012723312658,0.7825187789515443,0.6518608682248641,0.6363793881159511,0.4731400316785642,0.7850454850481074,0.5573394881941737
4.0,0.21802365723558312,0.20121628001228112,0.7960900224872072,0.3352021404779276,0.5363006135585788,0.8074485217190472,0.6073620606367043,0.3853693066701887,0.2630156728711568,0.6114075945064525,0.6128450022521708,0.5356695364417007,0.7449110394787077,0.20384302140036467,0.6118305778168146,0.6216151537116087
3.0,0.5055472541249989,0.3330850323873068,0.5872132655034267,0.48214944172158125,0.49806992755545126,0.8302890873790475,0.36439248075732145,0.2546309323549434,0.5566593629824119,0.5435187885837673,0.6056637453325017,0.5858119463121566,0.504545597635777,0.5807316810387972,0.8542923030021928,0.6452682393920188
3.0,0.6368577415744406,0.4652401611138469,0.5268468888618246,0.6231534069057699,0.39068928908847134,0.7677739367252757,0.3107219319415016,0.19892521559926132,0.5791016806069472,0.5457167757631757,0.5687674915107144,0.7351125410393471,0.4898621697651729,0.6542137398800829,0.8358641935515243,0.7046396807605622
3.0,0.5987772121286328,0.5383511493778613,0.6580975556368632,0.6397671684013148,0.35268539091241735,0.45452015221101494,0.48094449060715766,0.4083084965687139,0.4418353807735065,0.4088224424363069,0.6195429545571265,0.7573365642326659,0.41357180047809844,0.6805185149291576,0.8011068714721884,0.7141936525728637
3.0,0.8025988337979771,0.6758065350377029,0.5968938071547564,0.8345784875018568,0.3029861117514545,0.5847530883459905,0.28235876848048963,0.33481532605606285,0.6583755618043254,0.07144749200522656,0.4062384591535394,0.766609205854951,0.5111787887342154,0.6447126267728035,1.0,0.993715803115603
4.0,0.13388062151446514,0.2889071594926662,0.6481820895664754,0.3550007746459623,0.6405075271567335,0.2947148556027717,0.7645140740784461,0.7449972058076582,0.4370003396987998,0.5825282534365237,0.7489144878082706,0.5353605431883027,0.7117745294257068,0.43714706552580135,0.02251393793403173,0.5325642207665705
2.0,0.39412347688284394,0.6280561876114491,0.5502704607709866,0.5455322979183858,0.5132330429627211,0.7964304433304771,0.6583605330324015,0.5593196245836978,0.5854605005712308,0.6265261042643705,0.542251512789604,0.5344314888724998,0.7394221112154311,0.5564008322158669,0.6472544269490297,0.685935726691481
4.0,0.4104849872919066,0.47933921233127685,0.4808670342885531,0.6182272211591743,0.5326242756195879,0.44502965127813005,0.2874382181495793,0.5567481100650398,0.7658936539871465,0.3280065965058842,0.408607071710936,0.6480801328630081,0.0,0.5295718885466504,0.6885074278564044,0.7551797534453517
2.0,0.2626082952292491,0.37842916320391057,0.5340901161088796,0.2916649226779483,0.6841772259061532,0.7762790364005702,0.7442352032552849,0.585275162787891,0.558685246250286,0.6440060510257509,0.7879765984543666,0.48884316011015105,0.4386971428542866,0.49919527572579836,0.7324088878566777,0.5597017413032722
4.0,0.8492739442276367,0.6339422424915055,0.4297269607082082,0.7986368207748962,0.13591451872912866,0.7937560078627308,0.36166300818992486,0.2840456251973564,0.6081067880669656,0.1973113202380905,0.438313878123858,0.6672567933860128,0.2638161297519292,0.6237603162655894,0.7071356362673524,0.5045077743772028
3.0,0.6009634204220738,0.780106108865885,0.5551997971059092,0.6840122033546405,0.262336287361971,0.4477135068688219,0.3200874904073167,0.4040248707122454,0.7142987655333355,0.3381332735979604,0.47094180676207703,0.7503857909703039,0.17747233596603448,0.6128203301769454,0.8161562106095877,0.8391614884614907
4.0,0.7325161802016205,0.5496967519198813,0.38163189238935397,0.6379132318934244,0.4614124793058527,0.7650505566129747,0.6123895841512441,0.4143949903406269,0.6340284752897472,0.5104349670791948,0.42351233958783724,0.6423629460570759,0.6135951253717731,0.4674132190469522,0.9730081190741341,0.7075178745395407
4.0,0.5355101773874433,0.4449979116807882,0.6188269971421078,0.05998548103962689,0.6465809835185878,0.7462968839819886,0.6142797528214807,0.2997460239824778,0.5400546297777683,0.48724421921852223,0.43655399338698353,0.6981111156857225,0.5890544497053575,0.4634304906336225,0.695620399428689,0.5234239199569155
3.0,0.18054048279513984,0.3140634015924206,0.6265576192480908,0.4079637168277205,0.7358390066289031,0.20908907983854672,0.822380422265332,0.9427080694167902,0.31692659219671576,0.8284536851992288,0.9463938208564165,0.49463386378242213,0.7953303477467025,0.25729356646336654,0.2532022389982638,0.43317202518213166
1.0,0.11895236721301213,0.2926425327207268,1.0,0.5067373895101142,0.8757834115691492,0.36562249703880123,0.9441420878736962,0.781584192071625,0.4847365392016108,0.7714181425701497,0.8157981431986476,0.4502495161685361,0.80774360611584,0.49503771960505166,0.4930611566293905,0.48293936783898844
1.0,0.07817795011764944,0.07253335448394868,0.786282332615587,0.26725655393423997,0.7571520543022836,0.0524870701625691,0.970670044517149,0.7831949361110455,0.13118872776006507,0.662871852357393,0.810404678190191,0.5097912438301903,0.7425313282984547,0.39206504980820966,0.4784791619736068,0.6671801357349176
3.0,0.46688120496225627,0.3816358703200197,0.512259537409282,0.40255579844434625,0.43611386051523715,0.9196355218336536,0.629421164858081,0.230132414874584,0.7059308263487886,0.5213069326865318,0.49553164783851716,0.6489019751772406,0.48868748482269964,0.5926199848436529,0.6800475209975578,0.5812683038346029
4.0,0.305994209034262,0.35081063888116276,0.7422646115009175,0.048196689607950156,0.3386850954751131,0.8004042630437102,0.6664509953150116,0.38210365706299426,0.4432048661191771,0.37958161713694094,0.46755705750498344,0.6773426058861904,0.46448591321154126,0.4673495105968517,0.7993060570187174,0.30385910936266664
3.0,0.6289767910285256,0.544614180270697,0.4921494697326276,0.7502550521216035,0.4245578379014071,0.4504471993245466,0.5145341704454975,0.6678352254349128,0.6529823795610504,0.6102919813472458,0.6990930811149566,0.6995671390716921,0.48579532597247344,0.6015305745288608,0.7698576854386011,0.8082555852968213
3.0,0.8740480585813384,0.7435494692789268,0.32731263919724657,0.9868405387575372,0.45632693317413703,0.5499469093920872,0.6075152164086813,0.4206455075950237,0.9789935813168283,0.34764599412825403,0.2794845937559205,0.7206148570237739,0.39923868837177506,0.7266439303771531,0.833016681024938,0.9234278943083686
2.0,0.4361630012333094,0.36203648396593124,0.7756090808446199,0.25672270180473755,0.4380008054978429,0.8315496625877936,0.8048354640427594,0.43962291000607484,0.6291578024428168,0.5194374771507339,0.5733773287985363,0.4621813475897508,0.48625314881512066,0.48114807018245226,0.6943408773250507,0.3867721491898721
2.0,0.3045117715587994,0.3381125315811409,0.6930413991180782,0.3587171754211923,0.36846694223882387,0.9174260279258161,0.5580218319788054,0.2301817064228315,0.7788484511013197,0.4682477893931655,0.6521375127157687,0.6434112544898166,0.4040190557756288,0.5541158536331352,0.696530676183227,0.29704914876244104
1.0,0.019520753280361836,0.198551607904697,0.8014271558420116,0.3101861825534275,0.8899631839658234,0.033525079450392244,0.8764159956424591,0.8918753940042172,0.16758405011875574,0.878486066259117,0.922353673501093,0.38058101634619784,0.708936392388499,0.27517976327021065,0.506354075159587,0.5972157854020702
4.0,0.10314741106984608,0.0,0.598902690700133,0.3520240867657877,0.8404315606647342,0.36698453812069093,0.9693074858937878,0.7387271108917399,0.29343799931278436,0.9320067469897887,0.9285522758071612,0.37786403746245867,0.8038181286255627,0.29605196957495206,0.494973127433935,0.5104639785493452
3.0,0.8275021216775671,0.5917906854041872,0.5829912117912562,0.6139334477480914,0.5589015957862693,0.7972589922819743,0.5130335783606967,0.14215980142224205,0.5896071960950872,0.3421858182643716,0.5082157535471375,0.9253579952265639,0.3699923680237978,0.6495698735821116,0.691856116073908,0.6242883318526877
3.0,0.7344401458081508,0.5171737446839556,0.4330841366876091,0.7672761590693643,0.3336486601555282,1.0,0.5124695973564501,0.13762031342994482,0.5125448568988868,0.45386129484488935,0.46457523427363395,0.5813966700458303,0.4746737941224002,0.5388413572163548,0.8214340371096225,0.816316800945574
3.0,0.6704850403948608,0.7617922369289597,0.08500492888959756,0.8704238488430769,0.09501015185298374,0.6408066340583949,0.08113169004317251,0.20127001967475436,0.8222805819926999,0.3649752168144135,0.26651818925236337,0.8238316663825027,0.09770909392575089,0.7120869043495334,0.6984324081782132,0.8492163090306004
4.0,0.17582908441343365,0.41552880742950604,0.6965749337114345,0.3286728355050101,0.5712254999552367,0.7228525518595693,0.4330287146125709,0.3724529433643524,0.665112450443394,0.5085133299367183,0.6870420272265165,0.6399366656001794,0.5458312374811282,0.4553251154353301,0.6582467656312604,0.3786719445862213
3.0,0.35780756121686086,0.40024825735512165,0.7042603206252439,0.5026242239368386,0.4707519081374167,0.8500026768103845,0.43725396344100953,0.2875617265575961,0.7547554286533563,0.47746948866495453,0.5128153797187457,0.6460147900040055,0.5243510603639194,0.5276044649171181,0.7142100548439644,0.533244782192637
2.0,0.3898665353970572,0.2653931897229283,0.7064123143700225,0.1605666389360249,0.4740029013759436,0.6974920041552369,0.8879918079403161,0.630759055648143,0.49866232387551007,0.43402181518039035,0.7311658301654276,0.4893912129310967,0.9015759311805545,0.5465334763095148,0.6941575965886333,0.6810599274791791
3.0,0.7181019052489509,0.5620367982150716,0.33390843017816435,0.7067274412921299,0.36619138449761257,0.7058142362301347,0.6586347950659477,0.18822391983531142,0.5988659242098175,0.4682477893931655,0.4092661932447621,0.6899189394551831,0.27027354040439067,0.6542426600351238,0.80607453837778,0.9163924882839453
3.0,0.6458146039501861,0.5325661020322551,0.22013488615642737,0.8336606071105402,0.2701990534791354,0.23424419263207402,0.53090757426072,0.5587155970739442,0.5923633655816871,0.3939898948192845,0.45957433285488225,0.8320517836740113,0.36564312670362975,0.6385514653484556,0.8179074828805174,0.803797780467584
3.0,1.0,0.8631696357233393,0.1848196322408072,1.0,0.2491513236742935,0.5490523656016197,0.027403925402089746,0.4583108309434799,0.7575946007298767,0.058902993935402444,0.21801785426055503,0.9685212930614865,0.28700102897005836,0.8102886246698987,0.8542923030021928,0.9586564303865223
4.0,0.5735694462461928,0.3895766443927741,0.6859770508444571,0.5253858210230948,0.20268902903248148,0.8077369047553028,0.47659413361286523,0.37688120152596066,0.4754940630785717,0.4674472704671972,0.446847593875854,0.5986503866399451,0.592058240370131,0.6022161611037186,0.7022854695276559,0.6657369346389438
2.0,0.2487229872057896,0.43899305987087284,0.7075612991148984,0.4038863748215582,0.454389433491005,0.6271183963382354,0.6431615200649095,0.5520893725581859,0.628128229872363,0.5227032532665284,0.5260586402781123,0.6705964952376176,0.5739358106744931,0.5627434123536605,0.6633243295983763,0.5188836540328254
1.0,0.2615762127794576,0.09213802975003423,0.9949987173767204,0.4389111935291932,0.4593107370752392,0.6328983748538515,0.9132010751755082,0.6936588207896558,0.34268013454555146,0.79581027988926,0.603548345351331,0.48920864917485646,0.8148288145210143,0.3945049525332129,0.5637988067259928,0.5260856260076682
3.0,0.5083120712563542,0.6800455671137733,0.43201233635266706,0.521179750919719,0.3479608369236213,0.5661105724627434,0.36581579464077174,0.21713437533406538,0.6865794484237794,0.33478641639887274,0.32606707881048586,0.6542859166606932,0.42532592650535433,0.7836649049744175,0.6788864807576372,0.7176859637463865
4.0,0.09556400266443049,0.12740119513147663,0.6381503408546302,0.31455012162965895,0.8921206800466468,0.10876265981538731,0.9143453587238304,0.6866188627373532,0.09942441629058911,0.7997526440833367,0.8844050298904095,0.37234875694332,0.7611592375506443,0.2650610151596583,0.3866675435146946,0.6533854147358509
4.0,0.25318999887263316,0.2793795115269241,0.762172303926484,0.019929831182193356,0.5888505649033107,0.9950871924419389,0.7245134685309903,0.23380680991682837,0.5846897497499595,0.31761404553015016,0.634105879493108,0.6469461014173332,0.7019241717179934,0.37139217619558257,0.7172587606811693,0.09365215953654327
3.0,0.7337486828126495,0.4125287600275775,0.3148717532905706,0.8195277265206341,0.18604531527244653,0.6522174832488694,0.23256365003906856,0.4431376460070335,0.7139146979312501,0.45579163326971867,0.5094050174134463,0.7203772447136889,0.38242833102096296,0.5829700802909641,0.7406468509642523,0.7933135332758446
3.0,0.16057721757894436,0.21559721472276397,0.7201749153024589,0.4096865801814233,0.7109196661316868,0.24387141354358374,0.9919748770383244,0.7032229860755002,0.2425589131347761,0.6955593183684076,0.8131794008822281,0.4985458584634904,0.7915626811022922,0.3220405280421788,0.2494725433631496,0.6975797260456764
3.0,0.6912767908139396,0.62496023947456,0.2701583708350083,0.7971256165752365,0.3204717199208877,0.34857033276390526,0.33977356503495965,0.3815410623264763,0.7214492121861922,0.5381932848480454,0.47413614273739685,0.7098797695670513,0.4503082481547923,0.8645886149231046,0.7799426725873868,0.9263564466216835
4.0,0.3346967741091512,0.32137876261325043,0.6842952527190714,0.16122175145799122,0.6280689186874006,0.8984226815534747,0.49198870693881425,0.31558569031780676,0.5820016096397053,0.5715934151610697,0.6949468036397765,0.5940618187748798,0.4674303171690849,0.4880780976126335,0.7097452107849634,0.5687185615186452
1.0,0.297093427795548,0.3883049877846703,0.8447659455110003,0.5166638808266989,0.8381752012565611,0.2915027774838666,0.6864333146111905,0.8852894700311691,0.6337225027756167,0.6805675984879554,0.7687276249954588,0.5496696851765928,0.6987335396809381,0.6264749724728039,0.4978161416795865,0.5767583122760993
4.0,0.26635299869220247,0.3034518065446419,0.6296160986648399,0.0,0.5204395488283805,0.9110399181913856,0.687722362272076,0.45474012224855004,0.43816846013799077,0.603910088683435,0.7010403469257482,0.4517171496577162,0.48280873002139213,0.34016955317064573,0.5287925914238383,0.5117870171962258
4.0,0.3334189589707381,0.2900010164022186,0.6275492141022629,0.36472374545508135,0.19076729898288167,0.9215371054153862,0.7018567724635698,0.25891298784117966,0.5155081166949464,0.5707712830400429,0.55188614662503,0.5308409495125004,0.5389487749634012,0.4601033579743386,0.668409713219801,0.598729829335772
3.0,0.9237428290945774,0.6550474909754368,0.3580381169823924,0.8402851398414238,0.20017620845495615,0.6387388328607271,0.008197117501253499,0.1412972948806576,0.8140765329802058,0.11344556452580457,0.23869898656912275,0.888032224773437,0.05742578427796473,0.6029356912447826,0.92366470914655,0.9237357948448951
3.0,0.46794168047068796,0.4457773927672227,0.5296031249541309,0.5230423305389913,0.6210472390736967,0.6926198756157605,0.6675280626993971,0.4940235916742514,0.6990857257643238,0.7081178637619343,0.6882471591111039,0.5489347287420479,0.43793825470325765,0.5302566396122899,0.6107119404463185,0.6819454031578664
4.0,0.5499060367601336,0.39552267439398064,0.6234799642865654,0.2763619767059533,0.43506942533927906,0.9100442815656438,0.8101001312571311,0.15834072821756343,0.5717535879662351,0.5017131742069664,0.5984822417249446,0.5929340863548875,0.48925624161559583,0.4904015273157563,0.5395162611236299,0.440058594374155
3.0,0.7350315702907714,0.5256097914932085,0.18214935716092712,0.9941235500004181,0.013247399816039163,0.6098637824093379,0.28866123509661196,0.27948687439100833,0.9004685177568003,0.4122150780942395,0.49294065258383185,0.8156971519562856,0.27587523495798894,0.4503799283884674,0.7597451910359694,0.4519021759058404
4.0,0.2054111741216524,0.17176834860638956,0.5715179324356027,0.34401828956818503,0.7837147619279164,0.3730046062859949,0.8749162212540816,0.6479794325040107,0.37436866783573636,0.6194940803677997,0.8020752639022011,0.41343040716439744,0.735297563755495,0.4038538507012531,0.13146292477814728,0.6543617299737282
4.0,0.3095679911672797,0.40291852539726974,0.6190102997425899,0.3798747450685936,0.46221352597762666,0.9336975653924543,0.7050914306027718,0.49067402461465115,0.6132023377936624,0.5341516067824091,0.7369719586500348,0.5382821479732496,0.3163514286216274,0.603402215061372,0.6322554386006249,0.4831017260921601
2.0,0.7647817123679124,0.5370989172672411,0.22013488615642737,0.8472863970561312,0.05536208234725223,0.7690012428430465,0.20375744152356257,0.43361311841054206,0.755492855081019,0.46691269040757893,0.2212844273058303,0.8735169921843745,0.21706353713718643,0.48318293351203795,0.7752192711835868,0.6988696457330871
1.0,0.18069498277774476,0.10550012719660766,0.8672678091631808,0.4167746180395988,1.0,0.0,0.8517698662131471,0.9595875917433919,0.3037541035700881,0.8478237921260097,0.9635100177646349,0.42656076263623954,0.7258792017685022,0.29931521204281397,0.45480753965449716,0.5072035949189224
3.0,0.5832274581502241,0.5438196911104844,0.5671580922691873,0.5470267543739203,0.21324285150197905,0.5244218646183306,0.17888060931788713,0.2925594222197382,0.6022015273943188,0.5970387333869988,0.418855218619351,0.857040034249817,0.4133941556887347,0.6550221708820857,0.7508849533819442,0.6508849379296082
4.0,0.3665907060955724,0.5013575436141025,0.5441184155159589,0.289238260193191,0.47788555082654954,0.8901014924190247,0.6510326217362093,0.3539199618943073,0.6900060249364969,0.4149694056080524,0.606546786168595,0.5860694885877574,0.4063688738791499,0.6462132110755774,0.6155265195088626,0.6215156603930567
4.0,0.13942102830515407,0.225227713538891,0.6421002586577904,0.3209055593451017,0.9232669976922174,0.5162501633698074,1.0,0.7553706859305918,0.374987230633377,0.7593376687095809,0.8798892248756651,0.3917098187964705,0.6941663886497073,0.15485374842445995,0.5417717114962164,0.0
3.0,0.7122254098548387,0.5416431332029771,0.3723300155835673,0.7111519176659438,0.1510545555889377,0.6970153201375174,0.46911352437966025,0.3870033408200064,0.7170605012927318,0.3418191146957793,0.40230358053524873,0.6761366555653128,0.4059630011914744,0.6506880461194559,0.7221825877172335,0.7073709849991761
4.0,0.27599553325485743,0.4277778359782052,0.6118102872587937,0.40927158275084635,0.5621252369643348,0.8397837455955751,0.6730089631105487,0.3153266361382898,0.6351167334350823,0.48724421921852223,0.7432682348301444,0.4445146244967084,0.7665324719856963,0.6780994884658773,0.7903121198143688,0.5940535369443936
3.0,0.7755785355243267,0.6022536631697503,0.3228098463965715,0.7631786867436687,0.23425308745369428,0.577039886032307,0.4183898194631032,0.16912331771291003,0.988309171675092,0.1659780817083286,0.32895689893016483,0.8760574071697151,0.21786697398680233,0.694144619779107,0.736284309180741,0.6426022998584607
3.0,0.718381692220908,0.7100388086975968,0.33895989885787337,0.9262063761653273,0.07482501651213047,0.5982262555751843,0.044550989069792,0.3047367299723071,0.8088945533832388,0.21437897178853926,0.3035211998008244,0.8847696613724871,0.2567154905364407,0.6923052283954054,0.8072872954995483,0.5553348084270138
3.0,0.21751137391792436,0.20708415900900168,0.7576334136941584,0.44653575267639883,0.5528895347941097,0.3206717996829138,0.812464538841687,0.8587463410468237,0.2916909214096361,0.808876792723898,0.85088945985216,0.5204345407837749,0.7397810394956414,0.3119358750025485,0.6950727689584405,0.5453532569056243
4.0,0.14494852560572397,0.2261754893456285,0.68059105527252,0.19270097326100433,0.6124578293388414,0.9140223854535653,0.7021687832689318,0.47802356134881824,0.40169000376562414,0.6245553279766284,0.8277576265346919,0.5209235451964019,0.7112987093591298,0.2486208372489529,0.7381625358211843,0.5067560716275219
3.0,0.1256527074791646,0.14889743559795016,0.7324725190279313,0.1459339830137921,0.6914860531876476,0.11349606156371353,0.8958108383791583,0.8436287242810109,0.22629084153854703,0.7924163676746927,0.8638625923142276,0.2865052263289406,0.683992439880998,0.20731088797472544,0.3908887679725615,0.572885194245429
1.0,0.14372891047412933,0.10165840369341891,0.7006267006252783,0.43679917415874253,0.7323519263368128,0.2538184437174164,0.8719451860506242,0.7178505476662417,0.0,0.798712892058198,0.9363367422888137,0.2029057160155943,0.7427765191579123,0.34978800497717244,0.43583396249143563,0.38881810686967916
