Type,217739_s_at,218678_at,203276_at,224752_at,223519_at,201344_at,225930_at,227859_at,225285_at,221918_at,201561_s_at,212750_at,206025_s_at,236089_at,227055_at,214437_s_at,202901_x_at,236655_at,227231_at
1.0,0.19662148190933812,0.12689997545678966,0.11715467991788409,0.0,0.1312808802756941,0.8365580125681805,0.8458693203570455,0.8016899501867495,0.5770051247778147,0.9051572561598271,0.875177266449325,0.9421435995429738,0.42986127636570265,0.9176366727396278,0.4360364162303406,0.39635586495453196,0.41067128136050446,0.9461841279673439,0.5919015814451035
3.0,0.43295260773612443,0.9056727110557684,0.6184534230620016,0.6198632740779192,0.5263011769873592,0.275049956070403,0.37111058808348507,0.5075389697168331,0.830157955601465,0.5505806973824274,0.6502976619037405,0.3730578619452872,0.8034325463153106,0.5624539879182358,0.898640207609006,0.6397348096946606,0.575182653419905,0.38180306103528294,0.6637319623764046
4.0,0.20140919481292402,0.629008067870405,0.26344077218143697,0.29900638343935393,0.6686358684158119,0.2790120036179568,0.6318649506203922,0.7242042330582232,0.0,0.28205005051003235,0.5943858937430889,0.42570838760586904,0.030479310974201788,0.7072972716047325,0.374836377374865,0.5325384475375031,0.48054623488455805,0.5260780146875857,0.8442215402120785
3.0,0.3150677709387292,0.4712257802290332,0.6026829031645459,0.16824815624749845,0.6479802773156598,0.384041233930188,0.6046772901581327,0.6752380847899527,0.5081385706098832,0.5090238895215687,0.5042771943902072,0.7488755248468713,0.3547160205589704,0.779206713481069,0.5827026864569054,0.558776522135538,0.6192772739512697,0.7626535132191724,0.6265268725936872
3.0,0.644638369314503,0.8293206033591786,0.8227386554611965,0.6514553471842216,0.6800625117812756,0.45815113193837875,0.2667603766107229,0.464004545638566,0.6699461060018876,0.40583589096977746,0.7063188243459956,0.6865240723518541,0.42986127636570265,0.5831671137919785,0.6831133951484425,0.6548906349742358,0.4784276723121668,0.4563231487441769,0.5575385713977613
1.0,0.13781142243553937,0.19978243231717965,0.2210929401208318,0.07263082033184638,0.16653893162140124,0.889894062782091,0.8257528356691982,0.8751446443367625,0.5231982080540399,0.9534753807687194,0.8362648237662655,0.9598838470066628,0.6157187307191099,0.9581390686425704,0.26840374002048056,0.37671271657165833,0.26310516474251855,0.9053777766344718,0.5499606982892489
4.0,0.2193323492950452,0.6730879801201832,0.3590623240597458,0.17264973409197593,0.6361205114431608,0.6131454592712816,0.6839909912837904,0.41343895597438574,0.7004507508866402,0.49529161077779826,0.5852288238585176,0.7336338944175211,0.6414231959201327,0.6369904446851532,0.44216313875923613,0.5698417208431019,0.6530540251655759,0.6866115981651814,0.7900444300464168
2.0,0.6943667386532004,0.35242976470972043,0.3545741509138231,0.5466104317312972,0.5619169208811291,0.5423772499910259,0.6520206340084076,0.5932813388763354,0.6501695770785267,0.6390897466849559,0.35675443184248257,0.8646195239418711,0.7065588347916615,0.5825588948626261,0.6022469053633541,0.48159795319656595,0.8887375060268062,0.606509294517325,0.45141579105952967
1.0,0.1537584626154119,0.12049429674649867,0.08088099445872014,0.10732832876501584,0.14874197616508325,0.8496715960613693,0.928615882710287,0.8956659742196948,0.517072316963918,0.9152003981611365,0.9281442722968634,0.903585175601528,0.4505759874098683,0.7991865064411678,0.36891152805129174,0.32511050945429876,0.35031106804237244,0.9012993285559032,0.5704682992802401
2.0,0.15728024828087947,0.358421808408097,0.35896339363801993,0.3624065566365618,0.2658593278217498,0.7056417783702955,0.6722693870304822,0.626037833797456,0.45123194601441763,0.6999470684560384,0.8007422363076303,0.93626450518957,0.32577640813869596,0.7009763316349271,0.2564895502750436,0.5206100886826215,0.4710165313733721,0.7858933706616896,0.6841637007770247
1.0,0.10189785042798308,0.1664039761996006,0.1439063704445344,0.074851703173897,0.3709618891467875,0.8335989543269363,0.8539736326912828,0.8848012858299875,0.5117848753273552,0.8316864051398043,0.906762184196364,0.9168516520027137,0.4866535298999506,0.812385884241867,0.25189686483692586,0.38543928593958615,0.0,0.8640621891576522,0.6096402851600725
3.0,0.9165544357401542,0.8981355940791242,0.5739812627272937,0.773316476382085,0.5332814135687504,0.3661233407019499,0.24982121527478235,0.1790636605037631,0.8843976965240062,0.3620546678774852,0.524632994127078,0.19107444260212755,0.6000020106459032,0.3330500143232833,0.9314508229726802,0.9068233114118255,0.662651285902455,0.5354241733869478,0.5164653410025152
3.0,0.6616211471973342,0.6660596036314723,0.41383855290975774,0.8653088721580913,0.312344378118695,0.0,0.5492032456388203,0.19357851338210072,0.33371450397968333,0.20066992469814204,0.3408526657906957,0.26233028459454105,0.37995764349073896,0.35514249023408917,0.6883775102884142,0.6891078091395231,0.6883577700962185,0.5074077629083034,0.35785548331823014
3.0,0.4035373056436353,0.7258510349257248,0.4114054190002104,0.465060790156573,0.6288608910121103,0.4308862641840107,0.32438872627139936,0.5559960945807255,0.6404595187804675,0.6982221190764305,0.35750914878384765,0.8406511896015033,0.6278153900011266,0.7170935315139734,0.49456575355149535,0.45470920782269847,0.7676924337049403,0.7426869536668487,0.5173144222569025
4.0,0.10019986669564294,0.6968627795076048,0.4828508666626412,0.2533966761720343,0.3028169399599848,0.6144402276079008,0.47678205377237304,0.4330865861195542,0.24363894472244432,0.6527009289760248,0.2939418269296397,0.6405200270502862,0.32684484416107334,0.6728619565390933,0.36439500387993623,0.752456913964437,0.46994759066413616,0.5613334414018667,0.8412227974877967
3.0,0.714014243422898,0.9141187628040207,0.7992311073023343,0.840354361888661,0.6031140276033882,0.1848149498462643,0.2279020939505034,0.3137330575373111,0.9204888249854027,0.48879756021743215,0.44310426485092086,0.2558610242750638,0.919664403698292,0.3120038445924424,0.8073310135286327,0.8031474866554142,0.6179999064740377,0.7940035673242196,0.7147419567523072
4.0,0.04918497957423256,0.460283975666327,0.2668032172145376,0.3094533937411663,0.48370859677941286,0.6161395859729832,0.6955698939778885,0.48144352933930523,0.3347840781060249,0.7399251386648232,0.3583661622015255,0.680513685634503,0.3851118346030601,0.6203020264355302,0.3651267520977183,0.6136927750730794,0.5602181421808214,0.4186740967615474,0.9268240835242625
3.0,0.668499124398399,0.7404731513885112,0.5065949591025597,0.38838355650181966,0.5415283605271384,0.4074430654889936,0.4213534199482363,0.40272468970574987,0.8350339541208334,0.6559921995283282,0.6253264946147326,0.7632043530469255,0.8265407567369423,0.7148817685234529,0.640300636518756,0.462850664587329,0.6562009828790597,0.7670169788412913,0.6642466213107054
3.0,0.6254261396691931,0.536447223174699,0.2953164585838713,0.4899808594824369,0.6082747120630867,0.3019000542120646,0.4417429338505066,0.5067578492017121,0.623732334596536,0.6346612505821498,0.14350537171307873,0.7809676143370753,0.6428129036729439,0.5895301070916369,0.6175641115848787,0.6080360311382117,0.7395315911593418,0.7169481767799202,0.6205857011777615
4.0,0.4345559248805777,0.9257188724823846,0.7251495221747267,0.6590331881277995,0.5501275506922333,0.35978498268054293,0.20872719596901154,0.4305559835013436,0.6419808245856281,0.38338798794770906,0.5470201493126643,0.22253928206431925,0.4748514883958351,0.0,0.8694785551655453,0.6295776543507141,0.41769106703114084,0.12766364622884271,0.6808467397115427
2.0,0.1608110799605435,0.5327692650642675,0.32030443101329575,0.24791573469888242,0.3798615017929401,0.6000403044380893,0.6727349166923728,0.7464952719156136,0.43681574143378876,0.6596136536195302,0.605216060672794,0.8642464173504232,0.3419116843802088,0.8058943912529575,0.3273533059326216,0.47344529627328236,0.3706262303123984,0.8838876263094475,0.9499189160813245
2.0,0.3717007610972439,0.5889610777337686,0.3076811097884043,0.6451141895913459,0.379499092383554,0.6840584813382798,0.48622759434231033,0.44265868906257494,0.08368803548057653,0.4776358946218843,0.31378703576446726,0.426608255541842,0.3947942428281728,0.5146655125188605,0.41315417433614693,0.459913189699229,0.3958017655446617,0.7014307458293111,0.9768058967882595
1.0,0.11130910188460244,0.20760331085068193,0.06839439258426645,0.23239273505082822,0.33829303796754123,0.8428033342628499,0.7655764523561696,0.691882472557485,0.5354597189374287,0.7592597472084709,0.844104417565017,0.9105258883099205,0.4875528791173339,0.9948848373336404,0.36764431803198994,0.13293832192335503,0.367537405327698,0.8718557353519805,0.5963930105736676
2.0,0.44655871682972514,0.23576515626588,0.3594576834304537,0.5423381248860137,0.6552474296460769,0.29483443872265447,0.4373107088042085,0.40005328133684553,0.7060421542169611,0.2119264117578429,0.4776745563390014,0.6211038198132809,0.6638983314511244,0.5952803937356194,0.4955721242637214,0.5485686413736675,0.916828052829323,0.5945289143381303,0.643485513639986
2.0,0.03200837006621909,0.4058766642081065,0.4288352992714786,0.4648426744476105,0.2708930335591318,0.5709561928798487,0.5989484900727094,0.6442826740509799,0.3428000778617459,0.5983457057068607,0.6165242550962842,0.800951049498636,0.40947131678285886,0.6059750850258445,0.31126844612416366,0.47163588767557396,0.45364317085632916,0.4750153865645347,0.8942724694127442
3.0,0.498163445136957,0.6375502000165325,0.7933017694232327,0.8018882497638954,0.689958108889042,0.487516048737832,0.4116644678410158,0.3885961573236419,0.5900454587398941,0.6935845685420654,0.33820690398748227,0.7763789840772343,0.6002385431773318,0.6814784945368145,0.41185439837745175,0.6067434607698798,0.6979974658414542,0.7622473271302713,0.610185208963193
1.0,0.07993067363058999,0.06840865264759097,0.05223549982538455,0.08826417244608303,0.17393651350324932,0.8368390611415004,0.8385548301738125,0.8992413592013876,0.594734930080798,0.9731449008164348,0.9083803822685923,0.8966649495143824,0.442212742831845,1.0,0.19904920681215044,0.35752241762093634,0.38167994172734104,1.0,0.6932419280728812
3.0,0.9315996159832383,0.717610416668218,0.6255458520093103,0.6499171758423959,0.5908547700091346,0.1909521433957469,0.22071620782376952,0.23689924613893068,0.7010781519919551,0.4591302755247763,0.15214989455244146,0.27886636828082473,0.8772271080700612,0.5879834117847861,0.5799649125547208,0.664544058201585,0.6288370842714035,0.29062948435480496,0.5046154296546748
4.0,0.11725805459136349,0.8725710674746867,0.6182263866815617,0.5627292283976347,0.312454886083503,0.5904082999131517,0.5326727454513757,0.006065555201208048,0.4340331862732666,0.39821727499503445,0.48255445160202143,0.3938215665453765,0.10220743294353246,0.5208809301049847,0.4496583603950958,0.6400962149630535,0.5113525873429265,0.5369273737090814,0.6139675307505641
4.0,0.0613346056471159,0.5533705141217917,0.4025440729658705,0.7175866205792156,0.0745349162877172,0.7170351340179266,0.4950314159663974,0.3544638544408556,0.2696755700648838,0.33483086045788324,0.33290676328019997,0.503788369522598,0.278878050524395,0.6643151788537579,0.33172003290571805,0.6346635691734018,0.5409047158718598,0.43695222220041546,0.870837453278777
4.0,0.32485826489527375,0.8278650664875714,0.40820918537458406,0.32934940551832287,0.3297924397562524,0.6508121886912752,0.6273983107863186,0.545150678529657,0.21311297826175296,0.4955133232942298,0.3798394911337424,0.6970707047000635,0.24617548865745834,0.624391337093341,0.37754894151327384,0.7357175106539623,0.3664662388103255,0.7562221223526073,0.7891893709530688
2.0,0.5399448755975608,0.43470321405914303,0.21305762511854157,0.5488331171775428,0.9013371114926124,0.46606641785757547,0.40962913090211184,0.5893585860467845,0.4309757961833153,0.5520656301367262,0.31261428816685943,0.7514851032903327,0.5544876467777122,0.5259014675616113,0.6040109097867178,0.5091510357771382,0.7032505548656366,0.7091322117641246,0.6862615194856744
3.0,0.4952361519142416,0.5618404298879277,0.4708335913599253,0.5153946682892744,0.5863069021861134,0.41558256490804246,0.44496912162646723,0.3264447879308303,0.6505535447167993,0.5383724217374413,0.403952510699198,0.8688447299505256,0.6071657168302664,0.748626599252121,0.6462614336255683,0.4590536251507857,0.765064125293132,0.634098345937148,0.4082391080713339
3.0,0.42258638012273503,0.5135829897033609,0.5514336930975924,0.44928768605432867,0.6859464527993343,0.56831382547248,0.6504511075254046,0.717707893326606,0.6193649859461331,0.6444260127181671,0.6293003463843045,0.8409699691062649,0.5477714819531153,0.7295010323375689,0.4406215478855453,0.4551958061975568,0.8176637588405777,0.7435566116917949,0.6340332529408738
1.0,0.05838426330965551,0.0989602124464255,0.0,0.27618626968720356,0.2373039656776502,0.8467772406848132,0.7143645169190294,0.8547580480529853,0.44730018039161545,0.8935176772376399,0.743226830540641,0.9438612794855469,0.44920541663770286,0.8327720453181144,0.450367102707585,0.3832215676749613,0.34016955317064573,0.8010032747669034,0.5055729546340035
2.0,0.19957743635404737,0.5652211971282061,0.4876224043881829,0.6033806819547946,0.13165791110272065,0.5640318234732781,0.4673954294729224,0.6277211480327402,0.20318533619768858,0.34709905037168187,0.4055499833047889,0.6093658852837462,0.3159033367445817,0.6367918992106054,0.2873864937886858,0.6017674829004712,0.4027680386401879,0.5441800561124833,0.873704708672865
3.0,0.3473185726353291,0.9211609116104581,0.9705853923084846,0.18289368332377248,0.6032545442302689,0.34913945968978405,0.2694808851406662,0.5068881113694433,0.9170873876857867,0.4584944107084793,0.403966068665996,0.1284345833141182,0.8245871570022831,0.24920424846972927,0.6686951718322455,0.7743957571187835,0.5031715260972603,0.692563195739501,0.8578839508301918
3.0,0.07326778853563502,0.38365877726969955,0.3616218656075004,0.28560422960034687,0.43157702885917454,0.7863307438439451,0.8312346347241474,0.6871770187466046,0.5586809383656697,0.7530133292837352,0.7498083670948884,0.9208733849041107,0.43758913638419,0.821314884193119,0.5072433732243915,0.3604209744239891,0.5498385605747474,0.7906524536977927,0.6307056266775569
2.0,0.5141874266172843,0.6064242102473535,0.8005248084738148,0.5316381811400474,0.6329179713969697,0.4428154700553758,0.48834436998821334,0.47966909931349705,0.6790531663809336,0.5714127424679939,0.3527857920916787,0.7925275634068679,0.5811316266653954,0.5942335004980508,0.5690118519732581,0.49736481238009517,0.8241540705744514,0.6823339942053089,0.7264395532734752
3.0,0.9182944515915518,0.8088164385638158,0.5669323179028596,0.5616174439762988,0.7212091060197177,0.06619574046325938,0.2405340161338584,0.46876386376508805,0.880423023678772,0.5702818177769562,0.31454073410160477,0.4912556831786348,0.6737018211176743,0.535957149969398,0.7883462377537936,0.6786822084278148,0.4723927354698951,0.6768031021913945,0.4367473987420035
3.0,0.6314700570949787,0.8630821695834081,0.6156398677066703,0.6838553248394088,0.5427062746910509,0.13283532259931205,0.1561984686817259,0.3765722257787158,1.0,0.4410918954773772,0.5878790178526496,0.17649755875035386,0.8806615363569354,0.37260441922232035,0.9187151201855512,0.7027485781924283,0.5793069648213305,0.39864874319441373,0.5348893296138183
3.0,0.47335741692584066,0.7020068633173014,0.17044127753586402,0.6405093798358724,1.0,0.3756585520388055,0.35478719725255226,0.40413384076615483,0.4745261034559639,0.3576266102885245,0.20712355567363425,0.0,0.5536599714517575,0.34402713051119366,0.5747015349592838,0.5250162825768372,0.641499557428371,0.5259222040618912,0.869061964108573
4.0,0.14218733640037065,0.1704220353796795,0.31720353138373436,0.1028085167256698,0.4816362416128157,0.7888236372728741,0.782881573175088,0.7603542510529193,0.5392652379713401,0.7402538623686439,0.8786047116848281,0.9325331204563482,0.39682937098594445,0.9063506219232442,0.34681539870667216,0.2589240146196099,0.2560516668765783,0.8003524901230276,0.6193194628128835
4.0,0.10267807778282848,0.5811714071957987,0.4568828687685371,0.4756910582779021,0.4904391922783115,0.6483096653403019,0.5178169231435403,0.5462446866790268,0.43073653189828587,0.5321381605317258,0.297609752461124,0.776391268155307,0.485420799940639,0.7080579370108344,0.38441469927213506,0.5291288473561179,0.8713262747257758,0.5662429469075111,0.6829718104274197
1.0,0.04262526656799662,0.166504336265663,0.17123607257952922,0.057819130200183984,0.34428000452259105,0.8397354775701196,0.7068553818776694,0.7985206053010376,0.5018726224182609,0.8876819370672961,0.8340972843647605,0.9228222080557981,0.48575024791657573,0.9038529775621709,0.29973973574423807,0.0,0.33048456144356364,0.8989242526883225,0.5992967670867246
3.0,0.4788622166509687,0.8531181253052905,0.7554726651732646,0.8253969976077892,0.517006380514367,0.27577229479525844,0.22199813792829556,0.18832278458913296,0.9867055962768837,0.46236708196177895,0.4488197775509298,0.1905763276610084,0.7428969549322315,0.5336250966116021,0.8358408599449964,0.695505127626179,0.5287377318022907,0.7568442449688759,0.6127129574074148
3.0,0.20092951627875816,0.14283629512014503,0.14346690337306864,0.20249300412610877,0.5285855678278302,0.7778068980068029,0.7147275975131097,0.5980635371505578,0.5706399567849094,0.7945846194908763,0.7504330040823393,0.9308398742805377,0.5475275328995169,0.8872329651502021,0.4365058934048253,0.3122649067084184,0.3168014722651818,0.79071373775052,0.6319585621899518
3.0,0.7130236715308776,0.6904159398023348,0.7180526660514017,0.5570806717468478,0.6710595930556246,0.4087913769221006,0.4416312681015441,0.42425461555522803,0.5388639148363468,0.5789686111124921,0.35801170247699793,0.7830775948638522,0.6221109296531078,0.6557620374961227,0.6438941256886765,0.5108548558712687,0.6751000853689779,0.6758860201221073,0.6455877214800874
3.0,0.6210919640965651,0.9330923599075576,0.7134905186825543,0.7649417690344555,0.5534527832723836,0.32238424197657406,0.16750098180619083,0.11537111248476731,0.44964574826700976,0.0,0.6501693298843199,0.12163944617359129,0.5386752233328702,0.5100666987917398,0.6582310050736419,0.15553872495461085,0.4748745974964821,0.37525188677422394,0.4267274110690666
3.0,0.7273485712015129,0.8372653274932966,0.7278863914306876,0.78784497954009,0.709709722876928,0.14719663676453054,0.06409518097035788,0.263828555823607,0.7998468822126074,0.08949712882373803,0.24693666820079901,0.1905763276610084,0.9299488076787501,0.4025126663385323,0.5553404511907092,0.5437695694527959,0.625464705606851,0.6169884421855704,0.5254012255607151
3.0,0.8699383748410804,0.5805745236804128,0.5443595737646696,0.5694325042333838,0.6618502592059395,0.14134284761967608,0.4037707852358383,0.5558767325498726,0.584335561444675,0.40445717064130343,0.40426425702661456,0.2901578566772524,0.3861807313588526,0.31166668236835116,0.6145634843627688,0.9008235783855459,0.6016750737411827,0.7527408165417114,0.32104421454993187
4.0,0.10245073583470596,0.6536168023927096,0.4369602325909466,0.3308765915976599,0.09022317016305703,0.5800409672811021,0.5947713087921629,0.5530044122255123,0.26016505492858183,0.61447854314043,0.568627468690366,0.7808243504670237,0.30632073558774997,0.6993330887463468,0.24775318987043948,0.6930172852902616,0.4433629071503294,0.641970818953036,0.7883766713037347
3.0,0.8379563041396318,0.9016908861272113,0.4997531097033704,0.6885916315907141,0.6456743633272369,0.3059165083629925,0.2121990384700081,0.5717655880866619,0.9716986844314681,0.4472841409505782,0.2603857435676392,0.1759512667976143,0.9030070637032993,0.3815725124652804,0.9489909469919648,0.6690694810871209,0.6165121813438177,0.3765742818823669,0.48176640947563576
3.0,0.4621473231195423,0.9139005391186944,0.6501426669614637,0.8125548878944147,0.40841577945738533,0.47266934757870066,0.3692750530380778,0.4290620535409905,0.8779201168477765,0.4343554676335771,0.32422764387230685,0.6112965107389633,0.318138494753022,0.5826806500184352,0.589201921933849,0.7168433114513573,0.5348036298788582,0.6883750681718187,1.0
2.0,0.5516012464289098,0.5486081154953172,0.5725502605150135,0.6419846073514456,0.6909717173143224,0.171487525394742,0.0,0.3711261306108735,0.7720745651112193,0.7152050766597865,0.0,0.7992593487789231,0.6974306476361346,0.5778903874814139,0.44116541275246013,0.6021904967750993,1.0,0.663398191668655,0.0
3.0,0.09470947353596808,0.8065813490408917,0.8080282960995644,0.34580173807744446,0.6885412239492039,0.5259383813919165,0.32576704774129883,0.08447594926329893,0.5413331164447951,0.5421028038741577,0.5604736350925451,0.5637979227968006,0.4069558663997077,0.6121477226640111,0.39374655293772637,0.5703245902121324,0.7874168171722505,0.11267962445118179,0.6309148756872609
1.0,0.15922373034170592,0.08727530525520288,0.05773002111944721,0.06889705593088742,0.2573866229136239,0.8056912229756016,0.8949500953769902,0.9365327332556879,0.5187801049052672,0.980434435757397,1.0,0.9476914089400525,0.5005167612461142,0.9544667274151711,0.26933916593112234,0.3229324221857553,0.3874659408434293,0.8440693678556342,0.6346936176343196
4.0,0.05428578143982529,0.6556803196766428,0.36004963845155735,0.33754289428173523,0.37355494187514804,0.6912206718230379,0.6459208993347482,0.5508404972179496,0.25931533883124686,0.5449310068386678,0.4975703124093484,0.7500986885259328,0.37899399838426245,0.6989403388181235,0.3012581906509904,0.5652671416538865,0.3594331589181289,0.8489518172046371,0.7600487100229241
4.0,0.45884338171513367,0.7506677650631605,0.4984580985158439,0.4265994801922619,0.7863881687090551,0.5736597782721544,0.4115449992680346,0.4428046862370964,0.47989823276435745,0.5174416431890818,0.44174159874662955,0.28935843780712855,0.3186935255494535,0.7263998559650093,0.31830081845172764,0.6970426330269598,0.4649157884136825,0.20687591814484074,0.8170927082386726
2.0,0.4696411305846538,0.5862981154688813,0.42914062628819766,0.6951289322700012,0.7375373764233636,0.47791652959698666,0.6568340897470669,0.5016539303923916,0.43314708391744244,0.6996676510051273,0.31827746491023723,0.62850275228789,0.5024993012949198,0.4891068809001236,0.6313582208735654,0.5211283148544512,0.8296044986587091,0.6541292474625614,0.6216722802468855
1.0,0.198264963181559,0.0682149855966894,0.07070808497844092,0.0762962331986052,0.4016058379618118,0.9499363088768304,0.9315995069141428,0.9196666754504788,0.5357377159047327,0.9665230189491724,0.8546463526072591,0.9165329462291827,0.36808614010133645,0.875721378557956,0.33305118917796545,0.35295960965605877,0.3390762918535346,0.9340256994578181,0.6534069210710913
4.0,0.15842667017888068,0.7092357059940545,0.41744760433447126,0.4050704501039221,0.23286111953024238,0.6131454592712816,0.4469598920314663,0.4413430049966488,0.24073531168086154,0.39818061146204814,0.5004307357614118,0.5695343717727832,0.28243192462997047,0.6302571007084873,0.442702535877786,0.5727245313094529,0.5322506558258514,0.501184465691842,0.8991734690671697
4.0,0.13094062948887963,0.5728424214267082,0.4876224043881829,0.27690430496799645,0.3093469545310036,0.6673563729424552,0.6359985948386169,0.5519234961787951,0.45570923327970286,0.6906164554176237,0.4186227660625431,0.7542361269229103,0.3824151404659883,0.6916890077046475,0.3515413187812105,0.5540493907695002,0.33764745719020345,0.7219896333327015,0.90369435973033
3.0,0.18486319426209097,0.2477057223344641,0.22306492981540216,0.3209557343914022,0.6049362131376497,0.3697298291957601,0.2692342517218646,0.4852464562140351,0.8757254449825612,0.16006617835834766,0.15815119926148127,0.7221004780546697,0.3264893125119851,0.866340284218004,0.0,0.6964359538609246,0.5872692126553145,0.23776788789687192,0.10767911985028575
3.0,0.662022661462712,1.0,0.6311246476444565,0.6591769125342827,0.4342868309231152,0.2265017243341517,0.3136526425749974,0.3671319216511757,0.9880534441316093,0.34646523094556525,0.5822255039708011,0.11614480152024677,0.6964537047007868,0.46369920153924776,1.0,0.7366870137818332,0.45113174026142283,0.7274030273449371,0.6502845797002279
4.0,0.2750236852046937,0.3001724418612633,0.1726213554575763,0.2220912613920759,0.4503998909310817,0.6874396729111889,0.7267817262453145,0.6364767691219844,0.4995905866301893,0.7196268381953714,0.7586203527498343,0.8897582426124372,0.43955396366671257,0.8264734124236813,0.5290296862229742,0.3937354643254695,0.628547136396591,0.8734165436364713,0.6060236140261283
3.0,0.39715341888456007,0.7863619761232322,0.7795215508186384,0.36341924769270134,0.2001681094580538,0.6354394856612076,0.341143647455659,0.35633980135684545,0.916788814649717,0.5374216783356933,0.1800439307493173,0.34507095292465795,0.526068751831524,0.5882219513952829,0.8467700646375063,1.0,0.29565733841085756,0.5686661976515699,0.823991897234087
3.0,0.06103343232247567,0.42703048405315597,0.18926998621910288,0.21253967384945693,0.38453787880799256,0.7541197842145929,0.6026202886904501,0.46708870270325403,0.39869711575068495,0.7532067356328526,0.4847971629858991,0.8836434606717484,0.42160862740766814,0.8282192570068546,0.35479328782172226,0.5439041754843306,0.47982200576382905,0.7593191798484047,0.6914320478562319
1.0,0.08972201493121958,0.21324426310002115,0.036031139175655764,0.07989427943843193,0.2563450781635169,0.7862797594848814,0.3903164454712295,0.7920493764260982,0.33061594925180243,1.0,0.4314480647927326,1.0,0.5835548418615527,0.8200717678438261,0.4175198771541515,0.3320158303058846,0.6154924326614533,0.9502285982294848,0.4492131148723812
3.0,0.6099644007398924,0.7748131293769068,0.8884638781431902,0.7576911555272903,0.7075825886737681,0.20263164828773733,0.43944817133331165,0.3813150059935985,0.4875093133119576,0.26761499697241714,0.4054688709042512,0.6443877017348338,0.5426495471033688,0.44780805144595326,0.3965990741075831,0.6757021734841747,0.49902813949276503,0.31557835104301496,0.6372773659333869
2.0,0.544119624212036,0.8490402099706933,0.7963316400635952,0.6809181843513057,0.2386804899735784,0.4390789555637798,0.2717762348645085,0.4507766797611516,0.8052380345704525,0.4649584839995367,0.6143511975741518,0.6103165920992099,0.5625302179718658,0.5464845157250555,0.7700319183745439,0.5697812940925789,0.5330725392674008,0.6187915677612195,0.7319669745263593
2.0,0.1044256852451662,0.5270345964495279,0.4860206529317758,0.47095082615610784,0.6503521128690903,0.4228610266207218,0.686769166681823,0.5440545366540802,0.3642936442633992,0.6235505304768459,0.5921875748223372,0.704306160029185,0.49071029495124874,0.5624539879182358,0.5948437153926042,0.5037277401204067,0.5110349574075191,0.7394017810143824,0.7354662421844644
3.0,0.5789244859121802,0.7702487850576889,0.8993115160464088,0.6452189614379165,0.652909739767403,0.4305153893319946,0.4023703174388941,0.346896815622585,0.6545611950449206,0.6564646034866745,0.3422391325542825,0.7330856530095846,0.9715142005076282,0.49254615756013953,0.6361144157485655,0.764148493064011,0.5950836182850225,0.5605068650900615,0.7025472461154776
3.0,0.23336134411463919,0.7567357478719597,0.7817197084220252,0.7160390933074052,0.685726262890305,0.6265685705491518,0.3256221619763891,0.43159937667760057,0.5205739432379692,0.42237330189787736,0.3558503304420075,0.7196928322064956,0.4642607146945001,0.5675279088709054,0.361132004121107,0.4694465121972745,0.5305982733583264,0.4927268822928295,0.7401224429454775
3.0,0.749209985963264,0.9077367871402812,0.45005129571912283,1.0,0.7744810757855382,0.3861435522801231,0.3446286326656488,0.08198486166784051,0.8138984537335489,0.28200638129850586,0.44727159482701834,0.5216721071019973,0.7240253333200927,0.323220124475742,0.8798809785278487,0.5834093894093517,0.8499657287824619,0.6805324432973905,0.4221344696330198
4.0,0.4355570691568017,0.8399118879926077,0.9060131571583706,0.8592661308746016,0.15688398747168136,0.27227283314088824,0.2912149054505413,0.4429506454951974,0.7456058067034946,0.25844814500863333,0.33889636819857333,0.2339389718314084,0.45786159253471587,0.35110122534464994,0.8119968819026966,0.7647144075586247,0.46284673928819375,0.460082821156529,0.7786054874167209
4.0,0.10245073583470596,0.6666855002609303,0.36801217490815175,0.38348755797842315,0.12519060994200049,0.6058007489355662,0.555560931837333,0.5019168004253214,0.2981033396667205,0.5547938989615483,0.2833115792290612,0.7337304459242234,0.23760092066822144,0.5978222437455056,0.3622696498574937,0.6431464738675816,0.6732926919806516,0.562842603659033,0.8942425690155479
3.0,0.33900776630525625,0.7545545149203712,0.6495028935635453,0.78728334193296,0.5073250521271917,0.4259532986406257,0.4712783515656944,0.2927766332496462,0.5586308982824735,0.3831255056050671,0.21325868497446696,0.5813487312658171,0.3263113169498071,0.5389872505812812,0.40898979103913563,0.7303454336585912,0.7426168685636388,0.6172144607130228,0.7962802280345705
2.0,0.1510126435106281,0.86419311804716,0.4356229531467095,0.32048451758519014,0.32021021867757893,0.7194932463251711,0.6779881384671959,0.6678532577342374,0.6407118943849573,0.5649120050282694,0.8206492828709845,0.8782016747524212,0.6104316162784174,0.687946837780554,0.6923773526221622,0.49947754149354406,0.4731400316785642,0.7535103781449315,0.6180469285091263
4.0,0.01495548623820588,0.689880883821376,0.3223520753253686,0.3217291728675271,0.31934520151273904,0.6082132228938468,0.5267159438098501,0.5638184612488514,0.24768182560116866,0.727713567663273,0.29187273659553,0.7979250004508109,0.4429227591753355,0.7973470646596476,0.29629288432959483,0.667905847643361,0.20384302140036467,0.8021827078048217,0.9016400607673641
3.0,0.4737721072478375,0.773568965824394,0.6706650173877087,0.5117631770646565,0.5500727658351374,0.4099446439793867,0.38590858839625186,0.3759148969082752,0.47295257534515467,0.4436647495538993,0.39826867594319,0.5972212306793709,0.5585769965641119,0.6605275300241448,0.649068753376923,0.6540826536668574,0.5807316810387972,0.7413774467847858,0.8414434130746311
3.0,0.6108920085571571,0.7577619820182641,0.7878051904440178,0.5970256949301004,0.6898493278884451,0.3346059785488982,0.4344825380270508,0.4986220546770339,0.5704187672936901,0.4662504043499861,0.35232310008257056,0.5973737024801096,0.6563268962344462,0.6406370405009003,0.7518549395510017,0.634247672446905,0.6542137398800829,0.6495299049260929,0.7827761754116725
3.0,0.4645932683045393,0.6004516936967346,0.6597888348853131,0.4085727580861358,0.6497811194418769,0.48734748599050387,0.24368034753639622,0.5138778077469061,0.6037413621244759,0.4734260001534745,0.3362562758982648,0.7805493981055038,0.823065530726646,0.5170133556682699,0.45104605666335645,0.7372004804318852,0.6805185149291576,0.7242448731418667,0.7232515866269235
3.0,0.8520079469670763,0.6540808953372184,0.7953123666188378,0.617008955132295,0.8679658940488537,0.28956775161312936,0.43933592868216215,0.44947988516415144,0.9018830889962793,0.3272046947029666,0.6168430791055644,0.18957536632555896,1.0,0.4008292897087141,0.80129234096929,0.7175645124860272,0.6447126267728035,0.7943062599545283,0.6639526572301307
4.0,0.09353799748003275,0.5033541712695215,0.11052816818923594,0.2957676362518601,0.4445404759145527,0.6186457568218401,0.6644493399241493,0.7393062970730444,0.4747464763387542,0.5594409129961946,0.8188233226060045,0.9361706083342259,0.3794075397378532,0.7971298206205412,0.3762583060448277,0.28628462962330825,0.43714706552580135,0.7898545537709796,0.5831292940089304
2.0,0.17043136303769432,0.8263207328171491,0.4483515564152578,0.6189494443417294,0.36239470842167465,0.5434520690339845,0.4455783572137831,0.527978171993082,0.4341510626638545,0.7116692281794945,0.31222816501988554,0.8374943379651714,0.5600755131151866,0.6047455784582493,0.35954526456086333,0.5394905330368475,0.5564008322158669,0.667022593032217,0.45476793393183
4.0,0.37458151659302236,0.7359739951178846,0.3378760024664271,0.535633398871284,0.3165185431868021,0.76240393138166,0.5570716431088407,0.3085667534740818,0.7624616070202741,0.5731055280347204,0.25988901167981476,0.654819044246197,0.5610494672787661,0.42743671517081977,0.9770493800977943,0.6997715690531332,0.5295718885466504,0.8703788521616341,0.7157049018488317
2.0,0.21213318652590943,0.3616486513257128,0.24881250316441086,0.5429709419663583,0.20747652047264228,0.6318805441219636,0.6699344117438433,0.6627439850902226,0.3943588174030189,0.5919675241776441,0.676693257750935,0.7996415622484144,0.28021792876041596,0.687946837780554,0.32640413536090074,0.5220141183380697,0.49919527572579836,0.7426869536668487,0.8783761051955943
4.0,0.8084001705377815,0.770307272446977,0.5808942193237043,0.8045995827165422,0.733671922596326,0.44272461436153027,0.3872355320727861,0.3938763476116517,0.6427999981140978,0.4306647540788727,0.2969808562766845,0.492813106608461,0.5765166549032142,0.32643094101671016,0.8284693199700747,0.81127073765324,0.6237603162655894,0.7068354118714185,0.7238632731913321
3.0,0.7174394507547899,0.7031213205634873,0.8119895216435161,0.7132560807687434,0.5973497345656904,0.5598680094238129,0.27103973317409263,0.35223872299394154,0.7045827226523862,0.2989084368534839,0.23684097069078938,0.6853707102064128,0.6462846465234067,0.4916905006320422,0.4761448045657379,0.7610529819863032,0.6128203301769454,0.43200403115515423,0.5623957487859113
4.0,0.41813638122664176,0.5164984819529872,0.542361173797323,0.655347661386591,0.4286102059788865,0.4103285697956096,0.5984382970498936,0.4700169660014122,0.39361551489485597,0.7377734651546577,0.5069455237867765,0.732697511623065,0.3945384361860365,0.5333321463031023,0.6801666655402069,0.6936687675427181,0.4674132190469522,0.5647518153462837,0.8232234786630002
4.0,0.30127135814267997,0.5937402985914748,0.27597416962186516,0.5369354308709139,0.18634557526606124,0.27166739058046596,0.7153018704650373,0.11823921303620451,0.17349979127457318,0.49923966935107417,0.4122397943333355,0.5764676574963243,0.3425711066070279,0.5259014675616113,0.33279593393582396,0.599160195619247,0.4634304906336225,0.4482413132562301,0.7233973589436243
3.0,0.03541342896176365,0.3412044020885904,0.10601832412007497,0.12030560819629482,0.3694711841533365,0.7172642247883257,0.8142440683963365,0.6789903248144807,0.5561479409867116,0.7357471652634261,0.8478307826886232,0.9898403374229785,0.42082128811527536,0.8848217655555941,0.5260247471622898,0.3396727154715608,0.25729356646336654,0.9073342947195688,0.6096402851600725
1.0,0.15185828557285314,0.16896794979189494,0.17183063629177833,0.19460718042692182,0.2560841908474929,0.9080742193327441,0.782492108460201,0.9062606148185456,0.5023693358987569,0.9265521456050781,0.8137805810155346,0.9199989222084818,0.504613277142804,0.9364960492854356,0.2915745204380499,0.43407471383721885,0.49503771960505166,0.8791269630215331,0.5574271025591033
1.0,0.09370565140058039,0.03349205129567828,0.20495082302787326,0.029107639879588088,0.3946561868133758,1.0,0.7963529807790191,0.6636316127348391,0.5257332246137171,0.8017732719484026,0.8785544668555897,0.91363016094838,0.4905495448753337,0.9044705211106097,0.4746458641501081,0.2958879754476503,0.39206504980820966,0.947949683505311,0.45166873041417727
3.0,0.09151828580201685,0.6886204109261567,0.7160316343171759,0.44298225651498885,0.5869463082736524,0.7053497469871752,0.4375361885393916,0.5485472896375101,0.5720565765067461,0.2847519509909301,0.5686972227809713,0.5485783766171994,0.33262445529127244,0.5748990492771481,0.40406902245590803,0.5475104087484022,0.5926199848436529,0.5987798452315353,0.8451831818258321
4.0,0.11316025605610187,0.7751511300824153,0.5557149331494923,0.6094564919035874,0.03231274552558118,0.7914072289370211,0.46876356024777494,0.579945120498998,0.10969401141521062,0.4398878118696194,0.4157127679492027,0.5802486905975759,0.36098295872532493,0.6460627875576315,0.31912716848875233,0.6235615884784819,0.4673495105968517,0.7308292925066361,0.7190469610382877
3.0,0.9228516426237289,0.5136644094550348,0.7559048161252019,0.42399936056202864,0.6978416544085492,0.4737052452051976,0.4520619040820679,0.6173308162989516,0.5842465428766364,0.5461645697514895,0.5106900598013243,0.8371601034389808,0.6463981119682405,0.671383787423692,0.4952729213711713,0.475955861612075,0.6015305745288608,0.5391673424719343,0.625204221332029
3.0,0.6391333066834568,0.582354180137015,0.5428121059420253,0.42599366829128205,0.70916206239493,0.27492948092315295,0.42848427152542234,0.5242020136427392,0.7252957932238216,0.6139488125782816,0.5416809192452442,0.5749383465860227,0.574759107462492,0.5227175686917096,0.688012369956495,0.664013239314994,0.7266439303771531,0.7929111915058044,0.6056083264481946
2.0,0.11124613605485857,0.544025087572503,0.3440112326203941,0.3158561270594549,0.19629826884776067,0.5495568976829917,0.4834911586980242,0.5008645817792657,0.20770858064335698,0.4723119590225879,0.37678135489386366,0.7362836461738557,0.36308007153086147,0.6341972232731533,0.29629288432959483,0.47036117019524076,0.48114807018245226,0.5794507907254752,0.8599094496009828
2.0,0.20835172777316954,0.5882585706215198,0.6249557310037698,0.35725669350317224,0.22750842513398284,0.6776664531418094,0.5333549699974441,0.5081890751914732,0.3088602443565805,0.36251906695224867,0.47277357549918564,0.6793835438876077,0.46562597965875474,0.6161488305171994,0.4071125115022494,0.524068419545519,0.5541158536331352,0.41199959500422156,0.8019820634721407
1.0,0.10539188849591823,0.0,0.008835694371552367,0.07658477380798173,0.16823444148268965,0.855009732448116,0.9483958599224191,1.0,0.5274519577132517,0.8952549799439192,0.8871059304951183,0.9442527434553833,0.37240470513919843,0.8698764371480115,0.3872979126390749,0.36512867016337247,0.27517976327021065,0.8964869209893895,0.6057006708293196
4.0,0.04514804311802222,0.0321638729241704,0.17595629887407171,0.1109045244609505,0.21092336717517476,0.8743587252457256,0.8284318848754688,0.9293926311341019,0.5087470302363001,0.9424973919314048,0.861214722369408,0.9422426257859297,0.49294775877703945,0.9758318234488379,0.3268265850680364,0.2255468019869496,0.29605196957495206,0.8820284692243958,0.6023551009735595
3.0,0.34830652870840806,0.8020935880948196,0.5478706877744319,0.7716462266306864,0.7991277052356595,0.6257008748085051,0.4329478254357838,0.30503380345025144,0.2933903789561401,0.5466338966635479,0.24204110839557882,0.35187223385965694,0.3263113169498071,0.5083012977021235,0.3999797804315112,0.5775124213331915,0.6495698735821116,0.7923634219690888,0.8432745180417431
3.0,0.7453495523108372,0.6860908160639172,0.5787118010675535,0.46232933634284235,0.9550113215419722,0.3707562494182186,0.6003191888296286,0.6735946202933463,0.31371497298105955,0.5243607097739378,0.437059455520163,0.44866302271845765,0.5939501842930471,0.28056455873775127,0.48823322217589327,0.5113944641735674,0.5388413572163548,0.7274796179318598,0.6276733160099682
3.0,1.0,0.722037223115321,0.6631428404339776,0.8366891092892687,0.6852854532469554,0.4909610959748464,0.1824380927339707,0.22066351996129036,0.7171617827523856,0.3777405419271792,0.44926841193991834,0.1754030812814614,0.9660033873023857,0.31767113183511747,0.7893266256824324,0.6741786297714862,0.7120869043495334,0.3786773739035553,0.607219562228115
4.0,0.12401745153543417,0.4991554079169354,0.3442203242404924,0.2847179102775245,0.2508238031123375,0.5238809222898824,0.606570631232925,0.449335611996844,0.3099541908543149,0.6111341671121826,0.49487756165853813,0.6827056078063429,0.31174165347178145,0.6313743425280165,0.3286636404723295,0.6646663890187948,0.4553251154353301,0.5739782112620181,0.903953590189228
3.0,0.5081822539567799,0.6269263156085345,0.40614022321980303,0.4330854651003002,0.4839750763708254,0.40201903620361384,0.5879489618230085,0.42410371848890077,0.2864434451327242,0.6903094655196429,0.2940250903582052,0.23657175449014686,0.2937856202804879,0.5858268687269724,0.802335151491865,0.7176299693286887,0.5276044649171181,0.9173902944535618,0.8552335724945173
2.0,0.041577462136827746,0.5879989230734477,0.4183225232865873,0.26037973235488543,0.6222402070264328,0.7419951073173375,0.6293076046868316,0.6892522736462654,0.26867388876070375,0.49525993152026104,0.7125456715984994,0.688848603476875,0.2876506570358298,0.6748488397743334,0.3613951539815402,0.5132354311885647,0.5465334763095148,0.6773519315859843,0.627630946595169
3.0,0.6098475695673241,0.8422045407980508,0.667024934766265,0.5662419340045936,0.5681550387219759,0.7770824008570256,0.17963128455909466,0.33922650137795,0.7983456166310419,0.496114741704271,0.2516436537023888,0.46283809528294495,0.5506766174978086,0.42743671517081977,0.8038516868859468,0.6236099310908592,0.6542426600351238,0.5107157098668359,0.6565294803914363
3.0,0.8644972552867265,0.7247220278854519,0.5667949401881056,0.4865287457563889,0.8183755117192195,0.23480893772989922,0.3121615838090382,0.3916423226137613,0.8111425450525527,0.7034067484753345,0.33731694835645176,0.23048825974513554,0.6105665812209035,0.43454376332880645,0.705391401094126,0.830066513727415,0.6385514653484556,0.6069781429495972,0.6176507140934294
3.0,0.7628916577842288,0.6828060715004578,0.7048704857749071,0.6208410256574495,0.6339460819375847,0.1458508683578006,0.11942597576711908,0.22755686657305038,0.6752873695485242,0.44680723677737805,0.11208786943585895,0.43607731552891255,0.6785153676224654,0.5848627611316067,0.7561216973973316,0.7240556170591341,0.8102886246698987,0.5894668506315783,0.4638465345778196
4.0,0.1731709029728457,0.62897291959069,0.3012634259552236,0.3704351488349524,0.6324886693966513,0.5496328127915812,0.5342629801741451,0.5048002849789317,0.4376581530524626,0.5121814779654433,0.481711004677244,0.6874321209501721,0.4396568597271845,0.562716558189518,0.8600557280852135,0.6048176439259987,0.6022161611037186,0.6645477504333102,0.5070025584149602
2.0,0.18784935291035898,0.5783578561847722,0.5302070327660225,0.3697148520899603,0.4184211021817233,0.7166913322811337,0.5011800977156742,0.606417539024623,0.26391641302012975,0.6433368328939519,0.5379684843329049,0.8579118955584242,0.46251832349535943,0.6731219588855506,0.355382629261271,0.5399697505366965,0.5627434123536605,0.6004625388599322,0.7587827178811852
1.0,0.038777600233925666,0.3632315415953321,0.07555978234577666,0.3027829341052921,0.10132425288335374,0.8496257637811424,0.5374265164194252,0.740424908720298,0.3554840152996695,0.9306114945929083,0.46225153663012364,0.9659748233362017,0.4871445693636592,0.950468416447376,0.3505685081763668,0.3341137057622751,0.3945049525332129,0.9017553961256715,0.5070025584149602
3.0,0.316448614186873,0.7520790127231806,0.38969862711207925,0.5939162809076619,0.5994873420706607,0.4486915088552832,0.20035945673424976,0.4448446743939606,0.5084744816328405,0.39568273251851266,0.4574519214993181,0.700997146670211,0.6258199902659873,0.4916905006320422,0.6282481242862162,0.4883003256660044,0.7836649049744175,0.7226914561326622,0.7897972065852927
4.0,0.04165820175071997,0.06558655721119505,0.18534439764292274,0.11067584066428474,0.3599066135530026,0.9392315654941409,0.9603505678703566,0.9056202864820346,0.5591307850234191,0.8209076402261017,0.900105942602946,0.961804752871114,0.37719235671639806,0.8928639370693446,0.42386703232865985,0.37832304835220665,0.2650610151596583,0.8304455712792058,0.6649434357471325
4.0,0.12026205633687771,0.5633524783160359,0.521409968137902,0.11168147848052921,0.2697669533096631,0.43990117983015475,0.4945358347008361,0.5490308483854817,0.04494960543789086,0.7279144800803847,0.21884535586287582,0.4448115035187049,0.0,0.6432668528252607,0.3343729174051387,0.7091035729269128,0.37139217619558257,0.8432049582903625,0.6818772032543944
3.0,0.8702446892481851,0.6845366982494446,0.7833874448744832,0.6050935720631397,0.6246667224439629,0.483372442511348,0.28601862885375884,0.4635826643825543,0.6403102508378388,0.5165218144248452,0.4495050395876443,0.730085269093292,0.6759424462012564,0.5259014675616113,0.5337182727352987,0.6823088150442336,0.5829700802909641,0.7705916527070947,0.6302027299390074
3.0,0.06283563499846817,0.20093069505477834,0.17634594908219317,0.0918000272004182,0.3657154676018098,0.6585732725188963,0.8687052559696128,0.7663784151501805,0.5892781893695671,0.7900061507347619,0.8646809484628102,0.9085995771886393,0.5430240963213587,0.8063146282550026,0.41929581223071455,0.37304964210926883,0.3220405280421788,0.7420329559049916,0.5939880647670288
3.0,0.708955142007588,0.7841116457990434,0.3080398504424879,0.5400697866745561,0.6591610287524294,0.3490330997776472,0.33130961146959254,0.48781243598873847,0.762730949461189,0.4198584549740837,0.5498247643853607,0.6319386054543611,0.6686716089843816,0.5794967511485336,0.635136436978932,0.6071578379932948,0.8645886149231046,0.6497314347654369,0.5592048041679709
4.0,0.00921380167422274,0.6293826935783688,0.4634113982469109,0.347972278888769,0.37021735662046684,0.5174251237257376,0.5079192083188496,0.41205297223828263,0.13993892918410214,0.5128605633790765,0.37127549908032553,0.7350760141036136,0.36691910966870056,0.6307655200221002,0.45044870772824314,0.623126068063054,0.4880780976126335,0.606509294517325,0.924190969567958
1.0,0.313113894290301,0.2622753210669667,0.2883370900814113,0.260085592425243,0.300535704651749,0.7277081106980621,0.7113882272159646,0.596288864682753,0.4872552062791112,0.8717327998859904,0.7303536628388201,0.9487689078513823,0.4921514438466393,0.8151419136112571,0.3902874826454107,0.43226378572186563,0.6264749724728039,0.8351996474273699,0.5349502006925955
4.0,0.0,0.7564676960354865,0.5197792255299983,0.3840707932043061,0.4886048539021131,0.6068358651150747,0.46123973215710323,0.36896612512515226,0.15573862715335035,0.5300670473309858,0.41246669115245316,0.5779392462049057,0.3822793771767593,0.6378820689241439,0.36865877350461584,0.6024017256170148,0.34016955317064573,0.2540766919437704,0.8583660302587248
4.0,0.05823212295388549,0.7116966240756479,0.47239784340580127,0.4439106949131266,0.3618221525167346,0.6429484620833356,0.4735711691771614,0.31794156516094396,0.3688272073388853,0.500592395941054,0.41466393897613274,0.7697175422497854,0.4059894841125321,0.7446188636338607,0.44949442151623564,0.5542428453028553,0.4601033579743386,0.7073291513119123,0.8106664319447277
3.0,0.9078883655654125,0.874160029910725,0.8098022278623199,0.7471207129277859,0.6946387106324161,0.22845916631004154,0.25824490794857363,0.07752881358560056,0.8884161134107371,0.35191214202975274,0.36504206879772716,0.1555351244400716,0.7466311990992147,0.4786938071564631,0.7563594228269838,0.6173914986179656,0.6029356912447826,0.7718387706484457,0.6129374398790581
3.0,0.08722889779645135,0.7602246006081124,0.8084401402123428,0.3998131495650744,0.5979210833950656,0.6495943262855605,0.48369443521337696,0.5947314160054906,0.4531581506736446,0.49709483601336535,0.6100890963636519,0.8322843745229044,0.4749382252592242,0.6687550345151033,0.45525433284087335,0.49882944135658736,0.5302566396122899,0.6820644899219043,0.5055729546340035
4.0,0.35913217244046797,0.5635849151569648,0.4263030811048773,0.528763015320333,0.0718480905987652,0.6639839581979466,0.47112159242613694,0.6021461302373214,0.3017480337705608,0.4763659469040527,0.6344005774383702,0.5188805808766946,0.2761719353527701,0.511343303300309,0.3388277138850925,0.6102431640176121,0.4904015273157563,0.5999827869706077,0.7994828295245587
3.0,0.4100175231835422,0.9928166687601883,0.8390199278760025,0.7308601481133309,0.577226135549798,0.3838406249244996,0.12240894667382492,0.4822606113152953,0.9076503476908288,0.4417446281325732,0.5058708240126709,0.2642205624331609,0.6262789748419414,0.2657478355741982,0.8025949461606855,0.786842081619123,0.4503799283884674,0.34595452786561587,0.8502044391490869
4.0,0.10374735487130142,0.3732734576373869,0.20354635546031555,0.216235180899996,0.3395193276798903,0.7501778752702367,0.7873232612915769,0.7607689313050084,0.545145197551425,0.7195590335159356,0.8120005363417844,0.9176330462982629,0.3453504007956943,0.8085100398422256,0.3235273092685485,0.4352392814556785,0.4038538507012531,0.8462945071724792,0.6819114806869124
4.0,0.2331780224225121,0.6968809247271571,0.38063002949961616,0.29184676259343884,0.20852927831958723,0.6602772844429401,0.43984079800213,0.5516830100304277,0.2808176386521651,0.5013462101853025,0.5399173075439855,0.6897434404659044,0.27111672820482746,0.6620671324967217,0.38356043732981576,0.5404480170727743,0.603402215061372,0.5357254514152126,0.820286256402332
2.0,0.7337321553047936,0.9301151191790631,0.7583707118631944,0.6338951421360678,0.6474463730867613,0.3552760079389382,0.18233815358008879,0.4287627904241434,0.8557238522234439,0.4090177745060167,0.45643273068622436,0.3115084331229495,0.6492892644017844,0.5230224453054693,0.8918303030890198,0.6534428547957818,0.48318293351203795,0.5723950262946979,0.6957544488715018
1.0,0.2990735854259607,0.22024708606728793,0.3321450179449173,0.0556413616105087,0.2885377159706199,0.8164015930785377,1.0,0.9802104022501182,0.49479760682907253,0.9057552644614524,0.917557465009999,0.879634139368302,0.4421111124056246,0.9181196644754969,0.2647616049324281,0.347853866585325,0.29931521204281397,0.9288770447927948,0.6018400990720513
3.0,0.5393785034620102,0.7161252886389035,0.6521864832835012,0.6561523454458038,0.758221073612846,0.43770605011150643,0.2243691201396268,0.3342903180264,0.37205922944172026,0.5890854951303836,0.2361178070316748,0.8097761595715827,0.6875088373362055,0.540275366911552,0.5323205163389807,0.6423875206453631,0.6550221708820857,0.6954070770180686,0.5554684976721731
4.0,0.30983201027496116,0.7076810667088295,0.2312887326468409,0.7355219567833358,0.3207497348978654,0.6884022066498553,0.3162500438063846,0.4560767308777621,0.31483580262434374,0.42494910208655795,0.5170269532114672,0.6394140689554173,0.33158557378649156,0.5412729379809661,0.3464833819590246,0.5101592937919581,0.6462132110755774,0.6231392560367327,0.9103644963070706
4.0,0.07388009575249173,0.28690866058467235,0.38721494217939795,0.20747520143908646,0.3569159556398867,0.8036644671723472,0.8429760656032631,0.7503934693181994,0.47927583908711147,0.7858665589407717,0.8445329639938522,0.9440018073831351,0.37995764349073896,0.8823490674585266,0.3659839749115507,0.4495894773810846,0.15485374842445995,0.8601555829960116,0.7192840178569146
3.0,0.6366294652446213,0.8483745077657588,0.7284153518957112,0.3511669516461213,0.7792775400900407,0.4993634902603502,0.34559956168979855,0.4224411712709289,0.665005423857281,0.5872399304215622,0.4246827134255674,0.566692154840514,0.7145951954074288,0.43917839125464003,0.6134881395954362,0.6036652257228439,0.6506880461194559,0.346834983524245,0.6538662674992372
4.0,0.34514092585346406,0.6124087665480347,0.5976232648929196,0.4019388529751804,0.0,0.8295830928569399,0.5220323395491867,0.43025751502902904,0.2023373421770479,0.5961720125507923,0.27407563000526375,0.6513365733908353,0.3440471545980562,0.5443840119504656,0.5795841167516874,0.6131380864664449,0.6780994884658773,0.48018966074631786,0.7873344520272746
3.0,0.5568869517206115,0.8444177215214878,0.7749013742130663,0.535190635412231,0.6439345684967436,0.23054002613177185,0.06500664214560418,0.0,0.7435801706856866,0.19132516706597805,0.5458567381302524,0.32844977785789076,0.630772807047041,0.2576047065311672,0.8103399067326169,0.7947646274509163,0.694144619779107,0.0,0.4317864382254677
3.0,0.7888801079049456,0.9001787409142319,1.0,0.704262111982585,0.5419214538396759,0.45281512466043644,0.23648108479860985,0.3546346540532203,0.8864702201922757,0.5059759261288518,0.3763104149576045,0.12317490836152854,0.6952633032669675,0.3410231168758855,0.9440091647045191,0.6447458226592496,0.6923052283954054,0.33179152014735397,0.7100871283191706
3.0,0.09776562361275441,0.34031959102141557,0.06252184910629052,0.16178333836504755,0.4197116262686002,0.5290112827387132,0.6728013812257617,0.7432545023036862,0.47908397671853886,0.8172885108399417,0.8224566307274662,0.9265161977404305,0.5527694807618628,0.8318677037096731,0.4346504569980822,0.2746431482385579,0.3119358750025485,0.8541439067114355,0.5569807410777239
4.0,0.15275568921542718,0.5499843027898335,0.4435489877773557,0.1633523312783306,0.3024757324477266,0.630159352509557,0.680640672746373,0.6938470752277341,0.23208274133170778,0.6627232267263887,0.3465431626040193,0.7434025102946304,0.39606854567967736,0.7777496651223673,0.3589689433949773,0.6106005594124946,0.2486208372489529,0.9697590710601015,0.8511615946572291
3.0,0.08681693870994932,0.0774020137076114,0.10091736461224807,0.012626538221932762,0.47314892116527957,0.761447803645721,0.8338810089994325,0.7215435868385218,0.4918072363360957,0.7737700349885006,0.8049871106374957,0.9558995426931308,0.4282369127883329,0.8870393222120302,0.39521483020851517,0.29906784740728937,0.20731088797472544,0.805051760773393,0.6141015852885112
1.0,0.10721854502343398,0.0588993245699726,0.06311488829497161,0.011358446772151382,0.3509528837829677,0.8638014907526993,0.8030753363265356,0.8213081639601633,0.5524042067114796,0.9440307643443556,0.9080212055144307,0.9098934295882741,0.4864895903380707,0.9639751226695674,0.5035358284559445,0.08564141094881204,0.34978800497717244,0.8813615203233213,0.6318335443011945
