Type,215386_at,215382_x_at,215376_at,215395_x_at,215340_at,215324_at,215344_at,215362_at,215361_at,215408_at,215351_at,215459_at,215458_s_at,215490_at,215484_at,215454_x_at,215451_s_at,215426_at,215450_at,215437_x_at,215434_x_at,215205_x_at,215204_at,215201_at,215197_at,215196_at,215230_x_at,215157_x_at,215314_at,215311_at,215302_at,215242_at,215238_s_at,215269_at,215265_at,215256_x_at,215730_at,215728_s_at,215759_at,215758_x_at,215757_at,215686_x_at,215817_at,215815_at,215811_at,215843_s_at,215834_x_at,215776_at,215767_at,215785_s_at,215802_at,215796_at,215792_s_at,215551_at,215563_s_at,215578_at,215576_at,215566_x_at,215540_at,215506_s_at,215520_at,215635_at,215658_at,215602_at,215630_at,215617_at,214666_x_at,214659_x_at,214692_s_at,214633_at,214700_x_at,214636_at,214701_s_at,214764_at,214709_s_at,214736_s_at,214484_s_at,214501_s_at,214507_s_at,214480_at,214452_at,214457_at,214583_at,214600_at,214540_at,214539_at
3.0,0.49250269240328115,0.42278299031477,0.4179316888045536,0.24518201284796526,0.4571172555043526,0.38798722603788305,0.2735304511721049,0.35487456335344325,0.3421034577387487,0.45115314848406246,0.3837781181972079,0.17809159556732346,0.6091839492676158,0.3441942539019783,0.3288067675868202,0.0,0.04709088511523648,0.37466635720088304,0.3621586379046979,0.3300227938782156,0.5732582322357022,0.26644103137488945,0.4833194364453767,0.37359740645837164,0.58584686774942,0.2696780893042562,0.5433000359247399,0.3872138255508256,0.14827387596780697,0.2761998041136143,0.49295938216763896,0.19425413193953947,0.4243091623240933,0.13560298603133678,0.3132209405501351,0.033812742700992264,0.1350774366339324,0.2620782690349289,0.3928841960289224,0.37283453339987194,0.2935283828907634,0.1725665421208735,0.056116646194440595,0.3741202617607116,0.4210253754531351,0.41399046104928117,0.33215706884901164,0.46868631979350767,0.29533154090575753,0.22894827289912373,0.42504881274800016,0.22583826429980283,0.5064622033827869,0.47579038544824703,0.36342281879194727,0.35499498351727204,0.17893414807926858,0.7712865066296908,0.4038040733883165,0.12097742175951053,0.34442640692640747,0.27448137147133816,0.08935477682963812,0.23005772763054433,0.39705250230273287,0.4639132054386285,0.6269171936713775,0.4255815037523892,0.03489956030692269,0.4211768288041418,0.2279414004203089,0.3442440566811106,0.12751243265644346,0.46491775453660483,0.7209254236051129,0.40669441291461705,0.6667832675723988,0.4262266890859077,0.13912301566782131,0.11705586757316006,0.02602936408688808,0.3102174956611635,0.7409756560999996,0.5443865689790149,0.035703585339058125,0.5690147277086434
3.0,0.6233120702510153,0.08326775625504441,0.46973434535104547,0.38410064239828684,0.6075268817204328,0.5929393236799498,0.5554246672163972,0.5071451254366476,0.6244511525795831,0.5712619849701976,0.6796742723534621,0.4553299990193196,0.3295668625876907,0.6188736454915994,0.3672083704363324,0.8509588426600873,0.06268040028717532,0.5538470465359171,0.9787079467978093,0.3806034950613251,0.7337377238590416,0.293373726079763,0.20653640841377782,0.07830173988136536,0.6040216550657387,0.36298026998961486,0.8184245660881175,0.8717999969249219,0.08218521746665253,0.3699372011292275,0.7155300060970293,0.41985096765079805,0.5660360180697301,0.4500437533535234,0.380575945793336,0.04388033942183235,0.6068910194206162,0.36261919561968475,1.0,0.3841876381264706,0.48934647797742,0.4644659296637262,1.0,0.4775898259044311,0.6204039357845686,0.57509273979862,0.4392221638261133,0.5211248471675056,0.48852962743112543,0.25433923354528226,0.7340492536373374,0.39694280078895433,0.29086148859244465,0.9214378518839332,0.4839765100671153,0.6528880607711061,0.38442402212373356,0.8245298552734208,0.4891432418784678,0.139664169204139,0.5243506493506506,0.6316626517295413,0.4520460635012966,0.3062844397795849,0.5520417562173767,0.6076084932017134,0.7324398986324514,0.42582039807952266,0.07553237348047223,0.6406333257212472,0.39859287911552416,0.5793418433071797,0.1928615830915867,0.2738104152626283,0.6391967011713753,0.2026636398032541,0.5706023424924335,0.4384649189850211,0.16939862454108232,0.21714454626071739,0.034587998410643826,0.4056718732690811,0.7549504390588174,0.47354795110541087,0.19464695895336104,0.6769608402785713
1.0,0.29425896777400407,0.1979721549636804,0.29278937381404296,0.7044761983198822,0.29160266257040574,0.18815346253116827,0.40051831782306485,0.1598920292156278,0.1936059275521413,0.23244363824824943,0.20067725550269824,0.1091497499264499,0.728551892177547,0.4133611691022965,0.2226179875333931,0.10178311091174154,0.04191879972454619,0.19565974236973518,0.4478260869565216,0.275317486160858,0.7699017908723286,0.24173698882652034,0.16535290932065694,1.0,0.4037951607557172,0.22133956386292847,0.6240770826966073,0.2778794261904404,0.263360704619478,0.26358241631618307,0.2648433643991518,0.10617671987568875,0.962872081227077,0.5623152186047181,0.22908768250383077,0.021415216453329597,0.12982442520927953,0.3681078150004628,0.3330196258464367,0.6429742639195841,0.1577357290507256,0.06841030776934634,0.04528911332514416,0.13149771576737945,0.2537545313309192,0.1997880233174356,0.23763045273669176,0.24589050400760862,0.19756276406299056,0.15204502491837094,0.3879196321723248,0.0715694561848405,0.6742883264763333,0.2650498051104389,0.18389261744966245,0.2185179876737859,0.23903776250800057,0.243771124014213,0.24574987375862856,0.07837315375187946,0.2521645021645033,0.1266693173047687,0.061941919395060926,0.11847284177381394,0.19613140927233733,0.2764946917489289,0.4218944772950389,0.7552440218151305,0.07574790930252613,0.42795158712034836,0.39754210702646725,0.19235273451223936,0.09194985495234119,0.14361547229779775,0.6168760871416228,0.5625324757220332,0.40754980983182787,0.22454906756343754,0.1448627126531874,0.10795152231747059,0.01888457422561543,0.0,0.5589189335915056,0.7030108197244028,0.12244082692499708,0.43349697454047303
2.0,0.6377267831994028,0.9361682808716708,0.5499051233396589,0.35568000878493433,0.5794930875576045,0.4843606456975356,0.4892802450229713,0.6878374087011749,0.5643523600439073,0.5688002073075918,0.5595420462791258,0.3642247719917622,0.1677444340007019,0.45504026245153584,0.3886910062333047,0.11668722664573282,0.06206502468828287,0.5444470233259835,0.8767855146976639,0.39015521545641896,0.5778105141536687,0.8973913437639292,0.18771113957346594,0.6663250138029645,0.6042978676389343,0.3329698857736248,0.20970933131725805,0.28881132858746505,0.08463690994999783,0.3740853834187927,0.6157419504688901,0.3197132363328155,0.42735257649721275,0.4224773400841939,0.36742760345244696,0.04635409175895294,0.34386523308620914,0.0,0.44322277057270704,0.3704641049404717,0.4647002703132454,0.19421439852085795,0.08079705199945408,0.4956167428077555,0.5599861902295875,0.5836777954424989,0.43824611457316665,0.5186795272381473,0.45602150913090495,0.22976456435813694,0.5728412168545698,0.4108551704705552,0.7344803224868052,0.6330012992637506,0.4725671140939606,0.5379676078543791,0.34847899332182036,0.0,0.45867699040565413,0.13045346001743602,0.514520202020203,0.5023972682835555,0.12992333063123837,0.2866045657307781,0.5217070924163332,0.5947103743713914,0.8231364580717334,0.3764799794900482,0.038046383308905946,0.6299002816472584,0.5000000000000003,0.47769059608853576,0.3172658516369666,1.0,0.6875235674058214,0.23657964434354894,0.28496767289295744,0.3175634362580264,0.17358705207094413,0.20047295300029608,0.03527054401322193,0.41250323104759784,0.6925095344302643,0.26908680764590687,0.18630779986018076,0.6793583742436363
3.0,0.797117057410321,0.07445520581113799,0.6036053130929817,0.6680804919562947,0.8778801843317984,0.6837569447482384,0.694899281423018,0.6502064147348368,0.6988542810098793,0.781290489764187,0.7100701443199205,0.38540747278611287,1.0,0.5061760612386916,0.48063223508459524,0.13180441852641012,0.09652605822625299,0.6928165254729027,0.27029544353787094,0.5156300879192433,0.9934835355285966,0.2930564264507013,0.20235874601359877,0.8624375327378003,0.8175063528891839,0.47808930425752794,0.40300588200599435,0.5433509125294071,0.09345484757200886,0.5076338076856588,0.7989722149638527,0.4056363893205256,1.0,0.2148235641517792,0.445107687343711,0.053617143678987456,0.3767677159751067,0.3515097009694355,0.532767129576495,1.0,0.6833359834631882,0.5821039251184477,0.10647832218734368,0.7239165329052973,0.7415846711548435,0.6705882352941152,0.5446354831443809,0.7860345061812285,0.5603896784105585,0.2776465028355384,0.9089248598601757,0.6550788954635111,0.3116402776046213,0.7030749242096158,0.6457214765100665,0.6804070517414367,0.49135338799859907,0.5783321778317015,0.603097121696679,0.15504062061733245,0.7150072150072152,0.6727553383071778,0.14134019789236602,0.43217003411178156,0.6647221369358314,0.7080927547029227,0.8575603296728387,0.45192397333706263,0.045797051469954164,0.926847834360966,0.33364298114701674,0.7114416207986887,0.254429133858268,0.3349308172960921,0.5863448930191816,0.3346550636902511,0.41578203140516945,0.7456339804341187,0.21081751900305074,0.21673071238545866,0.042156941610661386,0.5330674642738444,0.848987291950362,1.0,0.3083491461100573,0.806713095102182
1.0,0.803993041173059,0.08707627118644068,0.5925996204933607,0.038029154999176557,0.7812339989759388,0.6621899470668007,0.5748615855813392,1.0,0.756414654226126,0.7592640580461248,0.6718535838103666,0.418848680984604,0.4313140155472812,0.4934387116015506,0.5069011576135347,0.18197824380396982,0.2622965231278661,0.6654868283625384,0.5848589843895533,0.45354390535113365,0.9471346042749857,0.321160107881874,0.1922842185794228,0.3077140875178731,0.65586675505469,0.40763239875389523,0.7862156235087204,0.7546548993680735,0.09063616577722734,0.5090165351155156,0.7438666782800564,0.3924812826670435,0.4486087868829717,0.07525576806041202,0.46938775510204095,0.18505681001006768,0.4270724165146399,0.3459152768777032,0.5222081946516701,0.819776146004135,0.6497058355859444,0.2484110781556958,0.10038214821891636,0.695271021113717,0.8064905920939076,0.7961844197138328,0.5355507170207953,0.7292487433772605,0.5648591082090848,0.28155610929712954,0.5945077785475855,0.5770991828684143,0.8787100527781242,0.8103941100043313,0.6238255033557059,0.6631503511537917,0.16699675148236234,0.11495796862813044,0.7284968860461214,0.1692799474395742,0.6840728715728694,0.6358023247655354,0.13874742424336203,0.39097349776961515,0.6507829290758362,0.6851368970013028,0.8283737814205155,0.6275113037803569,0.03599448228295539,0.7647864809317201,0.4020649955837114,0.5551586836866155,0.24689183588893526,0.025434939969548317,0.5038376859544349,0.85767183755833,0.7413386772121318,0.8402055946193819,0.20119964837892348,0.26514927579071973,0.0415914038256681,0.5157121228905863,0.48528553526268897,0.49757882789095104,0.29316888045540646,0.7841648590021699
1.0,0.9644602766962167,0.16886602098466502,0.7033206831119573,0.5791742162191846,0.9541730670762938,0.8705105210201659,0.7388384968783133,0.9121943474118798,0.641808452250274,0.9571132417724808,0.9198580988470507,0.5686476414631756,0.4425851893387766,0.5494084899095337,0.5235975066785398,0.25336996747785123,0.10257725161536078,0.8805268654984341,0.4797362244327707,0.6299793769673271,0.6719179664933566,0.3076446546344634,0.20871979575872704,0.3299687132805753,0.7545851287150594,0.5203011422637583,0.46654977721299085,0.19994157351742967,0.09421431156373121,0.6944748516448691,0.8317800423888747,0.6903340867354152,0.433426398799976,0.16925885780340158,0.5419859643462119,0.07030058967352226,0.5755282122941167,0.3523495258626388,0.7783771376104668,0.619653168888572,0.8718397201462881,0.2848503524517545,0.13361539511396212,0.923694283244844,0.9354393233212523,1.0,0.6538779187626694,1.0,1.0,0.31940625537033795,0.9210493166215282,0.7322132995209922,0.3940406433113081,1.0,0.7790268456375851,0.9157517557689557,0.4538625961573294,0.23450905624404172,0.7212590472984333,0.19350070122683127,0.8899711399711404,0.9083191056435201,0.19199519810894605,0.5525452637103113,0.8612219834203269,0.8531849506425775,0.82934179584941,0.5258238940940663,0.0722131218208465,0.9679531095379493,0.45829653092924805,0.9238201194519268,0.26989225031081676,0.16576392182312857,0.3619588619527803,0.5215537898852318,0.6451547877023595,0.5112924182207278,0.2839598738300846,0.3686077446053816,0.06203851994861411,0.5859458661053873,0.859478558276519,0.7368263252199283,0.43308698691700737,0.9062107546523567
2.0,0.5453566398807068,0.33236228813559326,0.5019924098671752,0.4758002525668484,0.5643881208397322,0.4555754844918835,0.4501119095299802,0.44919021911718215,0.42786086717892396,0.5405545478103118,0.4573087156333141,0.24904383642247802,0.37044806344775283,0.4183069887662788,0.35095725734639455,0.034529550297185255,0.060174942491685,0.4611233607984222,0.4538541783093029,0.34511017041137526,0.29521663778162893,0.29002697046847037,0.16322109805472224,0.4098050596712771,0.5381725776157323,0.3381100726895117,0.9093838638934909,0.3796491335967669,0.08678787508091601,0.335196174454111,0.4595999187062686,0.30032490464754924,0.0,0.09667510524211996,0.3465354521255159,0.04156479217603901,0.29587651541616544,0.614546825197392,0.3509698152186385,0.01658408783061222,0.3590395929400541,0.173991756866069,0.06523816022928904,0.4504259785158676,0.5378905575694813,0.5124536301006858,0.4302124784142933,0.47262600190191556,0.3567512832151965,0.24570372916308666,0.5222334194117279,0.3522471118624958,0.28747870174126267,0.5644001732351674,0.4243288590604004,0.4238211265586928,0.35108143031386224,1.0,0.44319138192223706,0.09874031864757976,0.4438131313131298,0.3409734078630395,0.11247315953292956,0.25813434794017476,0.38292907583665997,0.5750139690817649,0.4816008766923128,0.40032279867617593,0.014302957151478475,0.6133820506965085,0.20999451771083952,0.43225202014287345,0.16038126813095677,0.6328199752057176,0.5837904903236802,0.39979316433345974,0.6819789347617934,0.4181060837664321,0.15970319044418047,0.15713863434821182,0.020152158916117643,0.4535652302352203,0.6960744839192727,0.44015838153865194,0.19274942574652856,0.6527571640598235
2.0,0.4805732747908206,0.10273658192090394,0.46973434535104547,0.4078954592873223,0.5218894009216575,0.387243536462662,0.39274355047708914,0.41616386154335144,0.3933863885839745,0.49144856180357466,0.42457469966943473,0.2417868000392284,0.0,0.4468262252709018,0.3153383793410507,0.11576763485477169,0.08802801424154975,0.4143553440872701,0.6948623374687977,0.3488006078367525,0.4110629693818604,0.26964424667779746,0.15937868016813805,0.3554114699095374,0.5796597061098221,0.3396677050882666,0.7152401327606817,0.16018081458817218,0.05030302103562342,0.2405369591519266,0.4426153354818104,0.1722347789235768,0.4690933053558888,0.20171556359000775,0.33774300233927707,0.03609952538472619,0.2995639741748504,0.2794500800148129,0.4056696889705041,0.593881442931489,0.4076164732071876,0.1915950849350946,0.07399572357945489,0.4091863192986787,0.47505610219230054,0.5038685744568069,0.3377130415196323,0.3954625730199711,0.3210307622472857,0.33908317580340214,0.5,0.24189912651451007,0.25985122387067283,0.4983109571242986,0.39781879194630787,0.371305718790312,0.2937493207096018,0.5173433573099923,0.22201649553946762,0.11663107887854234,0.37112193362193274,0.3601281661482334,0.051533696775431306,0.26646549462083524,0.3991403131716307,0.5272862730489838,0.7211707495262666,0.4257621311704658,0.059582722648504,0.5791276547156897,0.3609325983004906,0.42686497247921373,0.15141939494405246,0.3645508324389089,0.59299850384985,0.23119182746878553,0.44988779633181464,0.25694550596147975,0.16590826826619745,0.0,0.02817938273500902,0.7079132971456005,0.6062540433675201,0.5022879184106641,0.17352441825626633,0.5061650873387371
3.0,0.7577665479247805,0.0853107344632768,0.6907969639468698,0.6750672596497005,0.7602406554019489,0.5623605582046445,0.5965366945458822,0.6205144490314418,0.6273669045005483,0.7165068670640068,0.659840361202933,0.3657448269098766,0.8248772636139561,0.47345660602445594,0.3926981300089048,0.132892228327913,0.06354485648561911,0.6250435186259715,0.013080734696918717,0.500759795940519,0.4772963604852689,0.3318954119984588,0.18635296949274927,0.562540878010108,0.6300961219754715,0.43566978193146455,0.4897507251971838,0.8835775457802262,0.10482132207899439,0.4827447139482625,0.7098684783555438,0.3641050995903377,0.8491645784741316,0.20300475705185228,0.431878680325887,0.04642600316410195,0.37015616711304333,0.34339580219809274,0.4948008722598417,0.7551240464817854,0.5591508983940221,0.23974423173221407,0.09966562030844808,0.6448944314112889,0.7105126877265676,0.6528881822999462,0.5729409114798403,0.7273468278766487,0.5292782569223788,0.2689465543907887,0.6411475719594384,0.5194420963651732,0.42371275402069547,0.7914248592464301,0.6012583892617436,0.5585781854665335,0.3793399108770998,0.5926856746685151,0.6039387308533921,0.15842672495483076,0.7036435786435765,0.5896812217882453,0.14153202601436857,0.37103122540015876,0.5812097021799192,0.6830415347364497,0.6413506540946554,0.4335698969841048,0.053444262436416735,0.7752911623658387,0.1831236865348886,0.6028223445368324,0.19866348943224155,0.0,0.49871671674106866,0.5170790768066595,0.5096744166743248,0.6687939468052593,0.18263612389472064,0.20348802837718186,0.03911717601632262,0.39525866843912716,0.6692378337050593,0.8029725092861173,0.2726954958553876,0.7847927845644478
2.0,0.5957252920222019,0.22017504035512508,0.48785578747628344,0.7916872563553512,0.5774449564772134,0.47202414803797127,0.48480386382377183,0.4604636392505541,0.5100164654226126,0.5424980564913184,0.5303555591389164,0.26409728351475853,0.25043870442012367,0.4569788249328958,0.3312555654496887,0.12029830660536076,0.0611126576899974,0.4930950446791238,0.6677471033120972,0.3580809725388021,0.46852108607741194,0.29082021954112425,0.18769394754712765,0.35005733539080075,0.5952657164954153,0.3370716510903426,0.654859759465096,0.4580021218038425,0.0830313317124639,0.3570893587601548,0.6357750486310708,0.2942329425060039,0.3991988277219485,0.25817719568012165,0.3433088650479975,0.03880339421832303,0.33475656302966816,0.3268638161114126,0.43218179731435746,0.43938475796677856,0.42343774844967574,0.17025538307461205,0.07778308539192935,0.4447462649709867,0.503883997928535,0.5242183359830405,0.4142953675200844,0.5074038853416674,0.4041691399839374,0.26147104313455877,0.5361844177111552,0.3123767258382636,0.2817686905207165,0.6624512776093553,0.44672818791946234,0.4870288089436724,0.34732570917917566,0.3980847560447175,0.41407170510014946,0.11834940048264612,0.49657287157287117,0.4629651285169679,0.117064658453123,0.26390711099449116,0.48142462388701224,0.5286831812255538,0.7022259765758775,0.3552883046660144,0.036123803776187645,0.6021922813427725,0.3575518533183075,0.45520552757934096,0.1800145047658509,0.20674936974265556,0.6688521000839305,0.2521579013747008,0.45424847257754214,0.3249961785386732,0.16683902993950048,0.1610404966006524,0.03382988525920891,0.4019053949263315,0.49586728254034335,0.4298217017925002,0.18236292819334837,0.6433953647676689
3.0,0.6711125838787185,0.25808111380145277,0.49620493358634027,0.29450804370504574,0.6629544290834636,0.5131458069031878,0.5768641771704545,0.601937122896159,0.531181394072448,0.6374708473697853,0.5778440699830667,0.32489948023928744,0.25449293837160986,1.0,0.4184105075690121,0.13480991364808806,0.06512725088277076,0.5588952071486589,0.7440222048358853,0.3933029414957126,0.42436164067013293,1.0,0.1861036851108455,0.3874315160609879,0.6084962987515191,0.37149532710280325,0.7824891019351097,0.0014145358938493801,0.0809772109831747,0.4208100478193243,0.6320877972302059,0.32870108772425505,0.3904674372024869,0.16356912129581944,0.42550617084778514,0.048640874442686555,0.3652783707901516,0.33644575524725223,0.46156318145300074,0.3935802381122122,0.5045317220543803,0.23300335118061777,0.09145398298530562,0.5746388443017639,0.6728810633523216,0.6691043985161603,0.49403108341467,0.5583480505366127,0.4629002409301997,0.24950592885375528,0.5797379857655736,0.3802479571710339,0.2945850475834267,0.6957124296232166,0.5351510067114106,0.5663465672925332,0.35524774475587795,0.48812722072969894,0.5583235145598391,0.12758537910470372,0.5680014430014417,0.5146291835255044,0.121891301522868,0.3173051692469157,0.5367516119128027,0.6160365058670135,0.817127462843314,0.3578811821190509,0.565169411156134,0.6768668645809571,0.3513157493984708,0.5138775032205188,0.22658516369664275,0.21329738994417155,0.2612545766381618,0.35130785723294206,0.6128602893876378,0.3906106695200249,0.18142096282124226,0.20390186225244059,0.037632639330715326,0.44389055057050963,0.45080324464692073,0.47595841532798266,0.23294716868071366,0.6912889599269331
3.0,0.7761577334106549,0.03324505649717519,0.5764705882352958,0.47820924614286453,0.7909626216077827,0.6123189990813241,0.587701731652726,0.6686249603048597,0.6421171789242592,0.7542109354755121,0.6466177537692469,0.3156810826713737,0.3322535489674813,0.4894994532259667,0.44189670525378566,0.23137826623303778,0.08383759944909237,0.6676337472438206,0.7266010953392198,0.5270270270270258,0.8420739456961294,0.3009133696465131,0.11915793454995569,0.40597137477525946,0.65133686885427,0.44158878504672894,0.13150063538533233,0.24185488706776112,0.09109490241652278,0.4845883505214023,0.7614899979676569,0.3702676931770021,0.6000641631478095,0.21250445636008117,0.46987174316366837,0.05778800517762132,0.4203185446829433,0.3528719366229781,0.5417881326753128,0.39628038782348324,0.6800763237398616,0.239590154462464,0.09886947818570556,0.680207433016421,0.8120145002589322,0.6907260201377824,0.5933628650799608,0.7220486346963758,0.619155696777122,0.2550695995875576,0.6263147949864594,0.4330445195829812,0.3990026181274155,0.6745777392810771,0.6101510067114103,0.6889494051884768,0.41910708031929655,0.46681904844440597,0.5236492173034821,0.16330372597824286,0.6488095238095231,0.6235470215403323,0.2779341967661494,0.39871424822881046,0.7403745778323614,0.6811789905010244,0.7499098194105159,0.37047266116627037,0.053211483748598826,0.7736926238867335,0.79241159808729,0.616992622086896,0.2578222130128466,0.18841990531579456,1.0,0.2969958380628075,0.5181675080706601,0.4139597982268426,0.1933657376286265,0.271061188294414,0.039319502034229716,0.5573280159521428,0.7108409752036954,0.4247961337391226,0.27574153600319545,0.7790843703619138
1.0,0.2400795294507482,0.5695470137207425,0.3084440227704011,0.37957777411738913,0.13184843830005133,0.14431952403867118,0.0,0.24499841219435167,0.14136251372118683,0.22285566208862304,0.2607433685398664,0.09228204373835372,0.26236339652021684,0.004274778805050064,0.17475512021371395,0.058618369406751185,0.04627038431671321,0.15022629685505365,0.19014194702134776,0.28633452729838094,0.6363604852686306,0.23551942704752696,0.21908658764065217,0.7464982940951626,0.34797259971273836,0.12030114226375885,0.5687744301639133,0.6559295192115504,0.7024990952694058,0.09805842023391147,0.3706703829515423,0.0785598248340156,0.5504894607694377,0.8198442164548619,0.1306767766395091,0.022896591399395847,0.0,0.30094827472193186,0.11240674853666877,0.5026912383260856,0.1516139290825259,0.14645044489811623,0.026670761111869314,0.10025929127052619,0.29121353357500696,0.3806041335453091,0.06682183347097899,0.22700720010868175,0.11561157861657097,0.003372572606977296,0.0,0.019582981121442713,0.5691642771059306,0.22433954092680833,0.25914429530201283,0.1683244947685254,0.21862282174212283,0.3088439206170378,0.1962632553442176,0.07559351586288783,0.06935425685425843,0.10169095118927933,0.020284276900800268,0.028863815271582015,0.15056800736874373,0.13363754889178486,0.6167758726969704,0.6374924253018228,0.038563669281834585,0.49935297252036487,0.6181737885663815,0.396474997072256,0.07671985080812266,0.16289344282754664,0.40160075902251424,0.7188699709925587,0.26941034526713964,0.38922538978905563,0.0,0.13313626958321062,0.0,0.3885380894353962,1.0,0.5402699815110494,0.14036752222111207,0.3931955702705789
2.0,0.7418606577748331,0.09804277643260699,0.5414611005692599,0.3716301542854007,0.7347670250896068,0.6385668664421001,0.5739780892920257,0.6625912988250277,0.7116835894621298,0.7158590308370065,0.6530678061759256,0.35892909679317453,0.19317920520878315,0.5142161248633066,0.4416740872662508,0.1325445777727933,0.08650422704429234,0.700707902982477,1.0,0.41935308802778637,0.5810167533217793,0.2750458951249178,0.19794039524468546,0.3108739046108981,0.6576621367804657,0.39190031152647925,0.9715014932895799,0.12231122864742869,0.09418372912111155,0.6408941637379724,0.7633481404058874,0.41280548100014125,0.1946484466448746,0.19337181707857232,0.4371218843268535,0.054034229828851005,0.45342804280039883,0.3462459165994366,0.5050614025020085,0.0,0.7618063285100976,0.4114248295520199,0.12314043947045188,0.6263736263736293,0.7008458484377688,0.649602543720192,0.5314212778737151,0.635103926096998,0.5881141101295433,0.2741235607492691,0.7271839768218179,0.5287757114680193,0.9179902755267421,0.7704634040710268,0.5751677852348983,0.6855095313171858,0.42894320528457713,0.8737108934916371,0.6485440161588968,0.15688528939820828,0.6248196248196232,0.7087728325186511,0.1265694324981592,0.5315533980582537,0.6738716610377656,0.7159154404917117,0.920540626926326,0.6737927096443388,0.051004396930769795,0.7208647331963158,0.7727971857582308,0.6717414217121446,0.23754144218814757,0.4552912496151895,0.5219496174477867,0.29107327531845156,0.6775145034728296,0.28915087129318356,0.19406380888360344,0.22695832101684962,0.03878809152936534,0.5487980502935629,0.6378409435353622,0.26260972609226396,0.2701488065514815,0.8281767325037105
2.0,0.8582553226741798,0.08589588377723971,0.6613851992409886,0.4827664305715699,0.8283410138248852,0.8267203289732703,0.8034515255035924,0.7492854874563359,0.8612788144895727,0.814718839077481,0.8283479803273397,0.43998234774933787,0.33480307718373964,0.8912789541703944,0.5085707925200361,0.14130312885499594,0.08152261505325914,0.7886155274457459,0.9926940128907268,0.4390535113426664,0.5063951473136918,0.6219677109853665,0.29517849621345604,0.38978722199413895,0.8379184620483928,0.541692627206647,0.6101951195972135,0.302433924260828,0.1539418219999899,0.5603502909488954,0.9837122201898792,0.5759641192258795,0.31126063244054103,0.16807049511510916,0.5219811244655972,0.06733783978138945,0.5653715276430021,0.425698641732023,0.7264088144152412,0.6664290297283807,0.871919224041976,0.26878779708023653,0.10420363040807952,0.741449561674281,0.8418781287761082,0.7281399046104908,0.6869134319393341,0.8396956935199041,0.6898285554663214,0.3307054476714212,0.6994394407003844,0.5731191885038036,0.3394672318497279,0.895192724122999,1.0,0.9183029955568304,0.42562826814158194,0.41921960308518935,0.7185658979969662,0.18277382591885988,0.9171176046176026,0.8221343873517778,0.18211295582384007,0.44889792705326853,0.8006140620202638,0.9012851555224421,0.40173512020273505,0.43288817414813774,0.21466505733252872,0.8918322295805752,0.4748347698961412,0.8676074481789424,0.27287090758392074,0.20702393729875465,0.47778277846030287,0.0,0.44938087883486055,0.14302774380923322,0.223589637520037,0.2928761454330495,0.0493456094035283,0.5372032051992157,0.6164602946964589,0.4432660481474168,1.0,0.9659207672108686
2.0,0.6081517687018478,0.07246771589991924,0.42495256166982837,1.0,0.5960061443932423,0.4791548186709824,0.4892802450229713,0.49761829152111986,0.47917810098792607,0.5729463591604018,0.49028460856244177,0.27292340884573946,0.49269632779187467,0.43306988766278953,0.3706589492430979,0.11826847594482434,0.026138811152950248,0.5027851920622028,0.5006631645616779,0.3717030283295326,0.05783362218370883,0.2851239357241607,0.2083071871266106,0.4825091665840849,0.5650480609877361,0.2940809968847347,0.5698092771620525,0.601331508787038,0.08706821413826321,0.3751224289911859,0.52367679934965,0.29453312614776084,0.25515256088996024,0.09748535252959196,0.3751714124384925,0.04196749604487269,0.2873112603345887,0.3905251881340016,0.4355101572363136,0.32039994296713503,0.4475274288440139,0.1887061361272674,0.0775442427551066,0.49425855043832373,0.5617124115311581,0.5669316375198736,0.4433516029731968,0.5090340986279042,0.40071231537414015,0.08738614882282186,0.5108962650374756,0.33026908988447373,0.32591114989818415,0.598354265915981,0.4659395973154347,0.4790311021929197,0.36595336143079693,0.7217479850940293,0.4943612186500594,0.11654263585480168,0.5167748917748914,0.40079986902729364,0.11872923151179138,0.2873917606927326,0.48682836966533577,0.5203017321661375,0.373452660898153,0.3315503659161889,0.03919303388223109,0.6203090507726274,0.15817165656504106,0.46855603700667603,0.19848217985909605,0.8851392390318583,0.5025969760737614,0.33378736284525146,0.7008119573240686,0.39081129623968336,0.5015771239464295,0.1729234407330783,0.027725977441867822,0.41106310697536885,0.6573757809637125,0.5161320258607357,0.18660741036652223,0.6093732161205633
1.0,0.581724794963135,0.12689669087974173,0.4823529411764708,0.5250507878987538,0.5559395801331285,0.4632311124721117,0.4709035222052071,0.44363289933312255,0.4215834248079031,0.5379632029023048,0.45892122873498287,0.21084632735118267,0.3869715880898306,0.4268316930112337,0.3488423864648258,0.10494560950992508,0.057156671697118286,0.4798653823836597,0.2720092395961403,0.3604146314989679,0.0,0.28262331245703226,0.18552775222851636,0.3970525362062375,0.5337531764445915,0.3452232606438217,0.5141473772258596,0.48703085840803284,0.071613886467779,0.35461197211499634,0.5010306883837061,0.21925766351179538,0.3603671172538176,0.13442182554115512,0.34419617649431383,0.040673090752193414,0.30133654206937627,0.33509674518257904,0.37105474578216435,0.30483175304769367,0.38980760057242836,0.15584915835291382,0.07285837768982305,0.4633905420422261,0.5078543069221472,0.5400105988341268,0.42998723627899965,0.4897432414074181,0.28318027864101314,0.4293693074411406,0.5387352774453619,0.34252606367990956,0.40579312637659454,0.5896925075790395,0.4391778523489915,0.4571879031102202,0.34736797613728304,0.584896871479331,0.4472311058744302,0.12690310435013313,0.47240259740259893,0.41892555604930204,0.11010934202954153,0.21864340068223484,0.46638010439054267,0.48794002607561887,0.4429898860756603,0.24180767258658464,0.0162858867143718,0.5908502702291241,0.29731520116955473,0.37539524534488977,0.18081744716121004,0.17153816073018344,0.5313887435987875,0.46865935174675244,0.6015420963854707,0.3169902170590044,0.1605305341537825,0.1578480638486546,0.02671434735233255,1.0,0.6248614510430192,0.5037703658051975,0.17462299011285332,0.583685352209157
2.0,0.9661999834313637,0.08955558918482648,0.7416508538899442,0.9657250315708563,1.0,0.9548974145850648,0.7258216515490621,0.974436328993333,0.9826770032930838,1.0,0.9319519471095684,0.9595469255663437,0.8713093360334665,0.7431156178546573,0.6638468388245766,1.0,0.10804237300552358,0.8793083439712202,0.5929287284378376,1.0,0.8539052570768347,0.3437261553106137,0.22098630655102178,0.5072016082223197,1.0,1.0,0.2819448689283163,0.6780854564184567,0.1549714309015195,1.0,0.9644339923932298,0.76677496821585,0.8738197015546564,0.22120111057894865,0.565378720658222,1.0,1.0,0.2459695017920673,0.8719155285206012,0.9386718471519215,0.9062649069804425,0.6750125187781678,0.13441153723670415,1.0,1.0,0.873237943826177,0.8278399279225157,0.9384594484445057,0.898145884982017,1.0,1.0,0.8756692025922798,0.4261646511241325,0.9991338241663078,0.900251677852351,1.0,0.9132682019636018,0.08880752231562497,0.6529203837737751,0.23748215346128082,0.8844696969696973,1.0,1.0,1.0,0.9767270494319928,1.0,0.15671788315335253,0.0,0.059479265453918344,1.0,0.4575503304602076,1.0,0.30669809365934514,0.20670776859779177,0.5188600065684642,0.16882835162063328,0.3424331446967832,0.3079620146744115,1.0,0.3832101684895066,0.07222551306709178,0.6959122632103675,0.5336385557430521,0.6735950658059113,0.400079896135025,0.934809909807057
3.0,1.0,0.4059120258272801,0.6905123339658433,0.5616867072969863,0.9084741423451128,1.0,0.8263046295205562,0.8712289615751059,0.8818262897914377,0.8968644726613143,1.0,0.5457487496322451,0.6006155981104447,0.5999602346157671,0.6519367764915412,0.33722103846585166,0.07986696165623954,0.8173958454218401,0.0,0.6651470747856287,0.7858752166377818,0.30648122266123723,0.20982868145753994,0.36424536715885436,0.9169705004971821,0.577102803738318,0.14582227441139725,0.5198880671597065,0.09480557212104528,0.8538918015786138,1.0,1.0,0.41135514302312504,0.2205349072536939,0.5798983625070584,0.069998561771897,0.6092458176454606,0.3543664281652144,0.7619878342706304,0.40438974834248237,1.0,0.4314933939370605,0.127178017378645,0.8350413631312501,0.9066114275850179,0.7792262851086366,0.6544785644567912,0.9527238146990936,0.6871399141031463,0.3042189379618492,0.9140580714240731,0.7811355311355314,0.4108382163487512,0.9497618016457358,0.7322986577181212,0.9100759638813247,0.6515210066781791,0.8287871565993584,0.7948156875946755,0.18935651382869845,0.9621212121212124,0.895666206702996,0.5619512014009643,0.8333114668066128,0.7968068774946262,0.8718103929968335,0.5489920321453847,0.5256957068941406,0.5877575653073541,0.9368957905153408,0.502238601407121,0.8816606159971891,0.29240053874844535,0.1646822920566777,0.40023841091824786,0.6119258418463863,0.7451123963561228,0.692697187404464,0.25236568591964426,0.3322494827076558,0.05245362955812489,0.42465197001587746,0.6489248600938287,0.5640843210367139,0.2716468590831912,0.9060965863683078
3.0,0.7530444867865138,0.0738952784503632,0.5341555977229627,0.5207338165046946,0.668714797747056,0.594514195721597,0.6459535869949332,0.6224198158145459,0.7220087815587262,0.6518528116092278,0.6182375231798736,0.47180543297048294,0.5682139990076204,0.47872551943533154,0.436219946571684,0.13018952562521002,0.06993304127412057,0.6250435186259715,0.7553481613948809,0.5230652339086067,0.5804852686308494,0.29785369465199035,0.2549405585689357,0.41796508911760116,0.6289912716826863,0.45534787123572196,0.45624956434549896,0.575516228724306,0.09684949870279473,0.4736417583683804,0.7146880353047055,0.43136389320525503,0.6623891234793771,0.16355831799865325,0.4224409131241437,0.2620020135193441,0.436439855606878,0.34815040139662234,0.5011591874210949,0.4127397162614954,0.6403243758944182,0.340818920688726,0.10510213366088858,0.5936535374737645,0.6639047125841556,0.6392156862745088,0.49635858547938816,0.6205678576280411,0.5477146548413004,0.25167554562639655,0.6236694589658,0.5005987602141448,0.0,0.7547856214811622,0.5481543624161082,0.609488318761646,0.3554047363145626,0.437537914897305,0.7623295741457652,0.16500941286466933,0.6235569985569966,0.6071988212456436,0.11132219080091332,0.385791130936761,0.6153515505066003,0.6535667722108389,0.6443688500262553,0.24904442269146487,0.3872747650659538,0.7184288650376809,0.3762677793683184,0.5163368075887097,0.2350808122668877,0.2922230819792161,0.2827602145698259,0.26550636902509767,0.32239359920316124,0.4299526138795486,0.204534877708258,0.21714454626071739,0.04041157499835464,0.47845352830397603,0.6225044222565045,0.7389774206367148,0.2712473784080685,0.7915857974654652
1.0,0.7169248612376765,0.0,0.5013282732447841,0.2049978037665409,0.6338965693804397,0.5082462049958437,0.5658499234303213,0.6009844395046069,0.5371501097694837,0.656128530707439,0.5260017737644104,0.33735412376189094,0.36626473946000027,0.4594144547171685,0.3930320569902046,0.13061567791858253,0.05274647990505637,0.603748404317047,0.3378339108080919,0.40562248995983813,0.7322761409589837,0.2942198584239275,0.19526703514909785,0.6333394679842008,0.6099602253894595,0.39226375908618855,0.8600490077801188,0.5528836544227322,0.08580923691708602,0.4500777784179299,0.6619922770954906,0.34333945472524335,0.9240793888893707,0.21121526289823664,0.4096152294910051,0.046440385445131495,0.3057614925797979,0.456077819364907,0.4882130150350049,0.4273722107364367,0.4799650182858972,0.19879819729594458,0.09202265593012128,0.5958760340782817,0.6369756602796501,0.6055113937466873,0.4586680681732872,0.6181225376986828,0.4879360312860079,0.25814143323595085,0.5960823833217863,0.41846294730910105,0.6684868885841333,0.6599393676916447,0.5591442953020117,0.6086283502938226,0.3591121523542695,0.7115109628217352,0.5191045278572611,0.3340745701037308,0.5871212121212119,0.5304628481886003,0.10106248027573754,0.3152715822618737,0.5653054958550825,0.601415533618922,0.6745964704002191,0.4845243089544589,0.03884817656694532,0.6578366445916145,0.505215788992782,0.5094858882773169,0.13958246995441367,0.180099676343093,0.532532142900584,0.5240005044772356,0.6129106846943525,0.7015247630693984,0.1898495268628164,0.20354714750221659,0.03317171628529436,0.47620102654997876,0.904289249505748,0.6420091802280067,0.21866573454509172,0.7518552346158232
2.0,0.4917571038025012,0.11651785714285715,0.42438330170777955,0.8017075715148525,0.45839733742959854,0.5379500415591233,0.4304982919071739,0.360273102572243,0.6254459385290896,0.48069448043534313,0.48439893574135096,0.2631656369520444,0.35118540959865113,0.4422780594492496,0.3056544968833489,0.11276213973309422,0.7447509926594483,0.42149239874666466,0.6063335941283857,0.29398675784217965,0.6791276718659736,0.2735198350041929,0.178229737047957,0.32730721859648615,0.622113578610098,0.33722741433021897,0.9302845561149806,1.0,0.11171766288973507,0.38462868007144,0.582963156519467,0.39290507133775937,0.32060330700332096,0.3406459651485633,0.3003952569169965,0.04579318279879201,0.3236553713982585,0.26061684146486647,0.411568920004591,0.4739074641762316,0.3509301955795833,1.0,0.06799053728219821,0.35424126435362563,0.39979285344381243,0.46232114467408375,1.0,0.38079065344382695,0.4586752330737804,0.1977358652689464,0.49839390313031495,0.704106790645253,0.3867514441258365,0.5817236899090541,0.40553691275167913,0.5253260713773833,0.5035323100704048,0.24338114221336307,0.5197778151826241,0.10899970940149324,0.4897186147186135,0.5161260144537738,0.11737405864990136,0.26600629755969635,0.4397298127110829,0.5154125535481464,0.04173877308737234,0.5267095511117329,1.0,0.5588795006470278,0.18798921816465178,0.4211851504860053,0.16848839618731837,0.11028463503315623,0.19709041369159797,0.524040862656073,0.4588848407952972,0.4026005044328948,0.17288898081596715,0.10854271356784133,0.03216739918435808,0.36025257560651247,0.37946353843857,0.46937663443989436,0.2675022470787964,1.0
2.0,0.7004390688426826,0.07348920500403555,0.6021821631878574,0.35157579750727486,0.692780337941627,0.8945710661008783,0.5485333961597348,0.6386154334709451,0.7153197036223928,0.6878725058305288,0.5795372087398194,0.3220555065215261,0.3320679820403488,0.4929043642509197,0.4175200356188776,0.1549063586407983,0.0604679784911575,0.6761053730996883,0.45739726537759384,0.420438510799956,0.2353437319468516,0.29327551428981535,0.18696328642775462,0.0,0.7254999447574852,0.4345794392523366,0.9316840124181633,0.33190854717938584,0.0917218424902265,0.4289335714697242,0.8122985802630437,0.4196390733154401,0.4119750977620938,0.16464584991339354,0.45075421472936994,0.05508413634402416,0.360452328274399,0.34200711536681183,0.6127854929415819,0.3270923932416056,0.6004929241532833,0.23246408073648991,0.0955598016468766,0.6095814298061514,0.7346797859485608,0.6785373608902998,0.5019896388617744,0.7330525743784839,0.5622403016865121,0.2697413644956181,0.604711217484412,0.6863553113553116,0.4914765407472057,0.7146816803811178,0.5770134228187919,0.7367923176150215,0.41131788375378875,0.23268914117341227,0.5751556976939897,0.14024536621729158,0.5877525252525252,0.8161938396052105,0.167113234284017,0.3509577538703761,0.7781393920785996,0.6847643881542173,0.5685943243304947,0.4268051088425861,0.04491766531597536,0.7160691177590038,0.3909024457101085,0.6914158566576875,0.2693483215913803,0.16345921839769034,0.3620196810645778,0.49604742086013365,0.4923058224365835,0.3164647661265673,0.1891514556078394,0.21424770913390626,0.05475965862969218,0.41346331376241613,0.8702593636474684,0.42197876983041105,0.2391391191451106,0.7558511245575982
1.0,0.7212327064866227,0.11587469733656179,0.585104364326375,0.6345536155493327,0.6716589861751177,0.6497222100704315,0.6784073506891264,0.6105112734201346,0.6794388035126244,0.6948691370821483,0.6155768765621203,0.3985976267529674,0.17302098923308432,0.7069539715677504,0.42809439002671384,0.1654480206347428,0.02631463275263362,0.7351166299176038,0.6090607652471965,0.511179854553347,0.6045349508954366,0.2984354106386031,0.06594861303327507,0.022871866019225133,0.7991105955143079,0.37705088265835834,0.9101452539128472,0.23778040867787054,0.08757792151525824,0.4705882352941169,0.6944807362889407,0.3947414889108632,0.43109831701797463,0.10110085598124542,0.4375252077115424,0.05158924205378983,0.4888923391426981,0.399842615492455,0.5189027889360726,0.3310223141085052,0.5599459373509291,0.2249528138361398,0.1113575360538644,0.6146437831831117,0.712756775418609,0.6499205087440367,0.548990164426758,0.6529004211384345,0.5508223052480886,0.6152259838460215,0.6185362474019024,0.4198717948717946,0.33032456468437016,0.7590298830662648,0.561577181208053,0.668281496345134,0.3905044259543275,0.20765447612444793,0.6059585928294886,0.13827435025964316,0.596230158730158,0.6609444067638043,0.15134001225224777,0.35725531356599455,0.6119128031931237,0.66851368970013,0.881226456016986,0.4324977858574561,0.34440037934304685,0.7269544035929084,0.4270931684585629,0.6058086426982083,0.23287919602154933,0.17083094126750398,0.1276836433080728,0.3552629587589865,0.5305499313734501,0.5012515285845308,0.190857852008894,0.23588530889742973,0.04006298920846654,0.41737749713821404,0.8620436932514781,0.5089625009815564,0.22920203735144157,0.7758305742664682
3.0,0.36161047137768215,0.5512686642453593,0.395445920303605,0.9098171635644874,0.29941116231438936,0.24672995319130314,0.3341971963717748,0.30263575738329734,0.2248902305159166,0.3556620886239964,0.30710312021285174,0.1294988722173181,0.37252964028254587,0.36140520926533465,0.24532502226179964,0.09189189189189177,0.03434381913818098,0.3201810374840429,0.42404902946984085,0.22538803864104973,0.2864413633737724,0.2839831680101537,0.6247410451032812,0.6649178192731854,0.19414981769970163,0.2853582554517134,0.31741920954847386,0.708836236719509,0.0954121238996693,0.2318949127153301,0.2635368579972709,0.1334757734143242,0.49145936478483676,0.19654438534640783,0.25207711543115197,0.0265353084999282,0.18741347410368916,0.3361085027310844,0.23140135429817535,0.33122727596777596,0.24829066624264792,0.1652478718077114,0.047984623083571876,0.20903815285837649,0.3291904022095655,0.4243773184949643,0.2848562204369689,0.30389892677625435,0.19885470861412785,0.20871283725726092,0.24696101278579183,0.0749154691462381,0.385729127706437,0.2364660025985302,0.2653523489932877,0.23941522144188052,0.3319043076068446,0.6630990553774158,0.28715704426863825,0.06548574172110103,0.3209776334776327,0.20134714783544205,0.04081607395902305,0.1267383888743113,0.33589192508443394,0.4633544421680013,0.4650167804388026,0.29811098680837195,0.017268730062936263,0.34604552028621666,0.3336810525995187,0.2730998946012412,0.08021653543307077,0.7100233798434136,0.5584045930593233,0.3936385420607898,0.6022683816881244,0.007967746866402146,0.11303583432442213,0.056990836535619774,0.016327465878814038,0.2720357446179975,0.5813310652774826,0.7506609145486866,0.100169779286927,0.4021006964265328
1.0,0.5215806478336507,0.9594506658595641,0.2720113851992409,0.7663413495854616,0.4475166410650281,0.4162911763419217,0.3277182235834599,0.299936487773901,0.27315450054884827,0.5119201865768338,0.28420543416915295,0.14891634794547434,0.40785190145589356,0.32885972760711796,0.3283615316117554,0.1103061567791858,0.056101742099016756,0.34635023790182307,0.32701836742297224,0.2505155758167804,0.6882553437319473,0.0,0.22648775497924054,0.5061738182538895,0.5208264280190031,0.24600207684319866,0.9065688655824898,0.27422008333461473,0.029787299111580064,0.23621593593362836,0.329936416688441,0.16856194377736994,0.673223157693942,0.15674863968483188,0.267968056787932,0.03105134474327628,0.19336516192472442,0.6438877941040324,0.3818891311832887,0.3702056747700863,0.3836858006042287,0.18073263741766532,0.0545812292434375,0.31732312631189147,0.3656136716727078,0.3348171701112881,0.2576770027779841,0.24656975954353966,0.36300150144907245,0.1959099501632586,0.46293380361529307,0.2942730346576496,0.7367909238249596,0.5426591598094419,0.3419463087248303,0.315723090153362,0.09316241380559591,0.8875769130773902,0.32199966335633784,0.08088746256964857,0.34947691197691355,0.2642140468227429,0.0817559079967575,0.19299396483862516,0.36051581209702266,0.5534550195567132,0.7745165635487776,0.4968652402927329,0.04448659367186796,0.48801096140671646,0.6167499162428045,0.4244056681110202,0.12220265230004151,0.17998319313747518,0.7153179014973664,0.5113633497288435,0.6101982314211774,0.6134209721797612,0.17012255028698453,0.1655335501034585,0.024795906676514885,0.4102876555518631,0.8988920607489108,0.4907900278643003,0.18001597922700477,0.5633063135061095
1.0,0.4457791400878135,0.58528299031477,0.38984819734345444,0.9014165705814531,0.39836149513569047,0.2941073537775051,0.3470962421957831,0.27040330263575885,0.27366904500548966,0.3589012697590037,0.3216963637829547,0.14214965185838913,0.404160733231406,0.37872800477184604,0.24020480854853019,0.0917909610855671,0.033625880939473766,0.3348613206452367,0.30757423344882806,0.32166503853250666,0.2292894280762564,0.25856142391985915,0.08430110114928684,0.3819046675255179,0.4661639597834491,0.28463136033229475,0.0,0.30340257384031266,0.009419392326865287,0.2473353690153833,0.36979937868362217,0.1722347789235768,0.47642004318006465,0.18276297926127055,0.2706299911268845,0.02568675391917156,0.09360969866345807,0.4056288106227932,0.2495351773212439,0.11348649034005841,0.23819367148990248,0.1437155733600408,0.05172649106046128,0.1884183232497848,0.336613153806319,0.4172760996290401,0.23875666341316967,0.22836571118054685,0.2788854359439929,0.21558687059632187,0.31362977892548977,0.18790504367427466,0.43400241033952547,0.40164573408401905,0.2893456375838925,0.27728249964167967,0.2695907350827825,0.42797252794869534,0.3352970880323157,1.0,0.3112373737373732,0.2784807166078073,0.03150931603992505,0.0873130411965374,0.3473748848633705,0.5097317936300984,0.41428277893198767,0.5710914557404558,0.02158806793689088,0.48336758772931676,0.3708616331130269,0.30261154701955806,0.11339618731869032,0.9188777675161623,0.7777548016688763,0.5590919409761631,0.6243741347570502,0.0,0.1203526552562177,0.075140407921964,0.030475661155110956,0.29452383589970765,0.5244094986902883,0.39159216753797155,0.13747128732647387,0.5579404041557249
1.0,0.7749150857426895,0.1962772397094431,0.5987666034155601,0.9753747323340479,0.7592165898617533,0.7571634804672104,0.6047237601602079,0.6413147030803414,0.7387486278814483,0.7494169473957017,0.6704023220188658,0.366235167206041,0.5443363763620007,0.49043145441892827,0.4359973285841492,0.2592015251766287,0.06685616327965897,0.7665660902866442,0.5451361722737602,0.5184521871268839,0.7538243789716932,0.29918333119282003,0.31266278699938954,0.35847785155088696,0.6919124958568108,0.4059190031152639,0.452608833196605,0.44545580344101376,0.08967791590847704,0.4926542605288937,0.8066080190459591,0.5448509676507983,0.35755347651542096,0.1662303334977835,0.4395418246349941,0.05537178196461955,0.37525391711627804,0.3511063205089205,0.5282221967175483,0.3942129464603976,0.6104309111146459,0.5360733407804017,0.11123242800600508,0.687739227065069,0.7372691179009149,0.667832538420772,0.502289961708837,0.6946067110446962,0.6343796920283533,0.2798805636707338,0.6627196573660014,0.5943223443223438,0.4249927274238458,0.81541792983976,0.6057046979865788,0.7978787444460368,0.3111633074498531,0.8122887598578732,0.6214442013129057,0.19126435619796087,1.0,0.7730663984844584,0.17903751786786143,0.6373655208606678,0.7272336505987119,0.7560998323710174,0.6414237117874023,0.4299107350953245,0.045478058453314624,0.7788688437238349,0.43112112813328074,0.6786508958894498,0.2522275176129296,0.20579254341079492,0.6686818065708969,0.4804842981460466,0.5199639525335501,0.5245815499847152,0.18385128496819905,0.21170558675731654,0.04496025390696414,0.5061112957424023,0.9285336204595529,0.5709326093215721,0.2957655048437032,0.868706473341705
3.0,0.5176870184740286,0.10150575060532688,0.3776091081593936,0.4763287212430682,0.4653097798259117,0.34940286101754076,0.4129461656261044,0.36043188313750285,0.33507135016465545,0.4473956983674503,0.446182375231797,0.17730705109345998,0.38225576770247993,0.35577592205984715,0.3312555654496887,0.10490075137378035,0.05509076790083639,0.3968318440292464,0.010621809917663207,0.32302181699772053,0.5253379549393414,0.2673249374844183,0.18743606715205471,0.29771932556592146,0.3336095459065294,0.24776739356178645,0.2545133806253048,0.5147834376297314,0.045776819527909,0.26847957596358896,0.4201724588450482,0.2096694448368412,0.2924972470541314,0.0,0.3003952569169965,0.03375521357687344,0.23087373364903166,0.4822512597373401,0.3835188798347296,0.22919191559135932,0.3052949594530143,0.12796117252802297,0.0637596105727674,0.4021484133843716,0.39806663214224175,0.46295707472177794,0.32089496208423907,0.34832223882624613,0.2960997241523797,0.25038666437532164,0.483813062921207,0.331501831501831,0.41978140713959217,0.5097444781290605,0.36879194630872375,0.3684964884620901,0.26611276824423047,0.5230739232169161,0.4241710149806398,0.1781368845313151,0.3569624819624805,0.32322192857309867,0.10366144192867714,0.2276961427446867,0.38409579367516117,0.527891599925497,0.8435012899248875,0.39281802078963324,0.033778774032244156,0.5565197533683508,0.3188027289617152,0.34933833001522424,0.09772585992540365,0.14631954671392566,0.6152582987678049,0.5626838188926724,0.6404383798798221,0.20186869458881196,0.1688039712498063,0.11912503694945371,0.05191003073892879,0.33831837819873645,0.6859813337797058,0.4594777882741506,0.16518525916308827,0.0
3.0,0.4445364924198482,0.10085502421307505,0.4027514231499063,0.19256849503102225,0.3580389144905264,0.4174723303731566,0.3847920838732465,0.19545887583360205,0.41753567508232775,0.4038611039129308,0.3887769088123822,0.1800529567519854,0.4647281646220689,0.4402773635550251,0.2419857524487991,0.36787035998654255,0.041010388126181234,0.3990948125797854,0.9386684549755969,0.32318463041354467,0.5193298671288274,0.65137836469815,0.16990879630027586,0.38210852669280965,0.5475638051044078,0.31147455867082086,0.6929828794483676,0.8937099278894209,0.015979326268789194,0.25862764302586877,0.544522834828557,0.24807529312049698,0.4132670314139307,0.11005678933210425,0.2857949503912252,0.028663886092334247,0.3120883955025942,0.34152438137308083,0.3817743601514974,0.37000962429600015,0.278343138813803,0.169870189900236,0.3502911605477456,0.31929867884924373,0.3581909200759543,0.43137254901960537,0.29266461446054537,0.3547072408640124,0.3343692168022622,0.06502405911668625,0.4847578257857286,0.31174274443505195,0.3343224036903129,0.4288436552620194,0.3591442953020124,0.44182313315178523,0.33460335478884634,0.5055355750064994,0.27183975761656387,0.0936485274236544,0.33919552669552905,0.4071614004724372,0.09276436699813755,0.1935843610600903,0.3828676696346332,0.43457813373067555,0.7019017830643135,0.46765603878245493,0.26173808086904027,0.4678389282180125,0.06565802698504589,0.39559667408361765,0.13732905097389167,0.31863980896754296,0.3163931833939507,0.22830621768192708,0.5253740369308665,0.7361089880770405,0.15189513418480757,0.4960094590600073,0.027474898166633725,0.3863963664561864,0.6259743667464408,0.5193824642891987,0.09967042844302301,0.5676447083000338
1.0,0.0,0.39060734463276836,0.0,0.589050403557898,0.06797235023041402,0.0,0.279773824949934,0.0,0.0,0.0,0.11505280980407803,0.0,0.5310037960538788,0.0,0.0,0.037512616350790846,0.0,0.0,0.37993740918743696,0.1957559969608164,0.7409705372616991,0.2149780534423232,0.13996888243232788,0.4906267253705565,0.0,0.0,0.7177923978959897,0.11025692276941726,0.027687304718361262,0.06936682606441354,0.0,0.14066252295521986,0.48917463648108517,0.18242087485100453,0.11196257158990318,0.0,0.2319088097918203,0.3838528785494174,0.0,0.2920884722321233,0.0,0.0,0.0,0.15508087418199953,0.0,0.0,0.04039342292964728,0.0,0.0,0.09348685341123902,0.2867670214776094,0.07565511411665245,0.4288492706645059,0.0,0.0,0.0,0.05617278732474292,0.45544457925296783,0.11159737417942928,0.0,0.09145021645021854,0.0656266810112963,0.0,0.0,0.0,0.0,0.6866509897034316,0.4166899734302894,0.0055866885076298126,0.0,0.20699448725367747,0.00819768122731168,0.02613447990053859,0.08383462712893873,0.3560350804636847,0.5892092319334092,0.4696635075726359,0.3816971109752371,0.1259630797869587,0.07094295004433936,1.0,0.10132565267161445,0.9049769047371301,0.45617262064813663,0.06960950764006724,0.1430528599155171
2.0,0.36956341645265584,0.09245359160613403,0.37267552182163405,0.5050307472684343,0.3390937019969277,0.3391224463012371,0.2933207680527754,0.20244522070498622,0.6127195389681663,0.378854625550658,0.25848585019753295,0.1328822202608607,0.49760981729725806,0.42389899592404817,0.20814781834372167,0.10430638106986657,0.032717469341108814,0.3310897063943384,0.29077158079058146,0.21149462715727738,0.8201155401502023,0.2819660489396904,0.16923830727308686,0.3819188244121353,0.5620649651972157,0.20908618899273157,0.678966868810355,0.9450637309921752,0.23439403438485962,0.20475888690441943,0.5014661905176668,0.244826246645006,0.614110690100667,0.19502112044596015,0.2620795353714611,0.022882209118366303,0.3000685737944598,1.0,0.3635028118902791,0.4570738575604193,0.29368739068214267,0.1427911097415352,0.05362585869614646,0.3015187060130898,0.3003625064733311,0.3969263381028064,0.23417673999549568,0.30226871349001444,0.29896295261706085,0.18347224609039345,0.4502739812307112,0.3483375598760217,0.5351369322195907,0.34690342139454605,0.2895134228187929,0.3940375519564292,0.3293441375729101,0.8114871306005724,0.23430398922740467,0.0833765019520636,0.2370129870129891,0.6937811352527068,0.049120375240558664,0.13375754395171818,0.32637396377034156,0.4483143974669383,0.23572064564735962,0.14442618747960673,0.012889042158806619,0.4640328842201426,0.2315810312795056,0.38066518327673005,0.11054703688354708,0.1855993476940488,0.01465740594324401,0.5760272417707152,0.25561981780614407,0.4547730051971873,0.10106520502611267,1.0,0.023569762254740684,0.31139913592555674,0.5727987115512507,0.6048242597876031,0.14186557475281958,0.5131864368078549
3.0,0.8352249192279035,0.11335250201775623,0.6609108159392777,0.475244330972382,0.9249871991807505,0.912638348134213,0.6457768877370715,0.7449984121943481,0.7489366081229425,0.8232702772739035,0.7364347335322088,0.4820045111307255,0.6196483103324473,0.8317054379162939,0.5329474621549417,0.1411685544465627,1.0,0.7423697342462576,0.6596363771841586,0.546239010094431,1.0,0.6811592013115051,0.41105275373281874,0.5695032348485921,0.7376809192354435,0.5262201453790251,0.568324030434153,0.4012515567582534,0.09293494604747408,0.7144667857348621,0.7912202769793575,0.43397725667467146,0.536364897555731,0.23559110240445388,0.5330321852060996,0.0634114770602617,0.580393070165224,0.5281572787028346,0.626282566280271,0.9306426890995939,0.8498171410399089,0.2559993836909218,0.11028843091761044,0.7614520311149521,0.846366304160195,0.7359830418653924,0.6059764246565049,0.7812797174296993,0.612486469499633,0.28514349544595297,0.6732695093531532,0.6242955762186534,0.42572414079707477,0.8723256821134713,0.6593120805369117,0.7843772395012188,0.47989300421461945,0.7651009619551083,0.5056387813499407,0.1530443352243294,0.7524350649350658,0.7155085716958623,0.19036775307389106,0.6347415376541605,1.0,0.764900353883403,0.31705668820346544,0.42339649466275125,0.05920337960168981,0.8496612620841919,0.3994609082325706,0.7852207518444781,0.2701253626191459,0.16369218480892603,0.6483803870528269,0.27896582166729755,0.358829405957911,0.2665087129318264,0.2447127566058228,0.25823233816139596,0.04519183187926742,0.5887153354750562,0.6995896688849582,0.536217641361948,0.26800159792270034,0.8478136773604287
1.0,0.4524894374948219,0.197238196125908,0.41764705882353126,0.47602673914237137,0.41602662570404325,0.31571809790454447,0.41854164212510314,0.3798031120990779,0.31966931942919957,0.4025654314589244,0.3261307748125447,0.1750024517014799,0.32333020021057834,0.3396833681280447,0.2994211932324126,0.09574969160031375,0.05434352610218174,0.3415922014622267,0.30626280689989177,0.26799088244871233,0.7966262276140965,0.2799715941284459,0.17550480087335488,0.6654416240780328,0.4726549552535625,0.31438213914849306,0.653487112669637,0.36787158474146264,0.4325835537817738,0.23385377657429193,0.4918851435705372,0.19658496962847818,0.763372380366077,0.7304541346018806,0.2934580947003323,0.03270530706169996,0.26373740118257444,0.36286386901376777,0.27175484907609276,0.37085620588864326,0.2910637621243438,0.16971611263048422,0.05334152222373863,0.18977651561921105,0.36060762989815404,0.33174350821409543,0.2911630002252426,0.4470859937508506,0.2592269283145365,0.18250558515208823,0.4576431315739758,0.19364609749225162,0.3924032747371486,0.39722823733218027,0.29689597315436334,0.335617027375663,0.2805258009588558,0.43349727012739425,0.37855579868708683,0.11858946011851346,0.2626262626262642,0.7144561124494235,0.06401490071347689,0.14431907635791008,0.32594412035615666,0.3862916744272672,0.6232551768224471,0.47458980096023884,0.0005690145702214699,0.48869604932633054,0.3103127950537569,0.42704063707694034,0.12093348528802302,0.1783357878008806,0.541655009670238,0.4235540421238496,0.48275442959923864,0.3641948180984418,0.09912611820673206,0.15518770322199282,0.04189611168396193,0.32816365717661833,0.6918671196746305,0.5700498035697714,0.1699790272645545,0.45701564105491477
1.0,0.17571038025018618,0.27834947538337373,0.313662239089183,0.2645157305221548,0.20698924731182602,0.20009624218032232,0.18482742372481986,0.14703080342966438,0.07309961580680621,0.15237108059082694,0.21236797548979955,0.05982151613219575,0.07476330131631512,0.3827169698777216,0.1660730186999116,0.07640462038802288,0.03938403832910907,0.09336195891841792,0.4988711299877053,0.06664495821122361,0.7783997689196995,0.22763226483942373,0.2025478583033189,0.723804804847318,0.31659485139763555,0.00996884735202338,0.6708972069854852,0.4513292024785132,0.875391837546065,0.0687330759923949,0.3021223470661674,0.11825469699110046,0.4390623509724188,0.7009035157530078,0.18964265548116718,0.016539623184237115,0.24576589165340473,0.3202179577045666,0.294984505910708,0.7147376488201327,0.21887422483701705,0.10165247871807769,0.03071971247895883,0.033090505000614855,0.13343690661142776,0.1443561208267088,0.0,0.03246841461757779,0.09326442962393945,0.17997078535830885,0.33526484852302124,0.19847140039447636,0.38690936292232897,0.1450844521437855,0.10637583892617493,0.7874157947541924,0.19990459743741446,0.1513996013519368,0.07237838747685876,0.19804919959063483,0.0,0.12061182964192967,0.011484935304419073,0.07550511676725213,0.09456555112066112,0.1822499534363928,0.611917536129312,0.4327250268027781,0.0,0.309279135266805,0.988867907288399,0.0,0.05566203895565692,0.1616620489395869,0.7041636763936707,0.46942111237230405,0.3944114569283171,0.24730586976459815,0.030870262164538146,0.09831510493644771,0.007944343281435466,0.357113843654222,0.7110038409163911,0.5210433764583547,0.10526315789473696,0.22753739011302648
2.0,0.6443542374285499,0.7725938256658597,0.4456356736242883,0.5979382858397846,0.5765488991295429,0.4869416859880134,0.5144304393921549,0.48650365195300066,0.5079925905598249,0.5724280901788028,0.4875433362896045,0.8109247817985684,0.4195466519288876,0.4422656327666767,0.37377560106856605,0.11110238869574991,0.05958887049274,0.5385865150284324,0.6984352296859283,0.4092586562466065,0.5759849797804738,0.2913943807746644,0.1582783904824943,0.3191500205274855,0.5974754170809856,0.3478193146417434,0.6020235816429933,0.1787389104998553,0.1598748158682101,0.3983407270841729,0.6277037424150037,0.32237957338607187,0.3130598017878978,0.16131843438617474,0.3604904412357828,0.04048612109880644,0.34316655668982676,0.3356059303540489,0.43769080684035355,0.38138055179297037,0.4325806964541278,0.1955240553137396,0.0841863427505573,0.47586121743424925,0.5537717935439338,0.6278749337572868,0.4425257151437781,0.5181361228094037,0.4204755752644987,0.2355860113421548,0.5663223530893755,0.3362566920259221,0.4360636662095336,0.6741446513642272,0.44958053691275096,0.5218288662749037,0.3522407525933798,0.5341234075743131,0.45177579532065126,0.11481167953302057,0.5759379509379495,0.4767406506536939,0.07228826197533471,0.23360010495932934,0.49253914645379065,0.514993481095175,0.5608410766877467,0.47548128466881096,0.03176135873782202,0.6335540838852125,0.4169890049645177,0.5162196978568928,0.20726274347285487,0.15689455773822922,0.6585128510783232,0.34732248707277086,0.45733444400636747,0.4697435799449709,0.18912560111691418,0.1705586757316006,0.03466112829663438,0.4420073113991356,0.5296573938771539,0.4591494130888446,0.18800559272945072,0.7042470601666851
1.0,0.4231629525308578,0.09074102098466509,0.11423149905123606,0.7618527974523691,0.3009472606246799,0.2656721641366636,0.18977500294498814,0.14480787551604055,0.20420554335894633,0.21249028245659513,0.15020559542046236,0.07055996861822172,0.5771050752554568,0.40422755741127325,0.1752003561887812,0.07352248514074246,0.12155133258120746,0.21585238482070507,0.33587422227189734,0.2880712037338543,0.5653321779318314,0.2720919866734156,0.21386880764701338,0.6463071761258263,0.4061982101425251,0.27637590861889805,0.6570474152953597,0.6853118897892059,0.043167117757695384,0.12340842311459335,0.39267775745434513,0.2105876536233927,0.7926273074888799,0.6791960906468656,0.2518351214003401,0.01311664029915147,0.26998667339466165,0.4217508034545239,0.17165155514748098,0.17333535324730825,0.1105104150103355,0.22460613997919998,0.04104681315681696,0.11371774293122548,0.13861557051613976,0.13004769475357722,0.3084315639312263,0.14848526015486924,0.20227661580362383,0.1817107750472588,0.3845184858600492,0.10904480135249332,1.0,0.2138588133391086,0.12139261744966268,0.22964024652429504,0.3179139444732934,0.6178286679954939,0.11900353475846003,0.04949018914172354,0.1589105339105332,0.19444769277545237,0.08230045234308771,0.10640251902387912,0.27110838194657516,0.17251815980629445,0.869920778064428,0.39220621824453455,0.443003707216139,0.38189845474613726,0.39164103188864885,0.355252371472069,0.058511189390799,0.4287663596502176,0.3640996946880579,0.6389658216672975,0.5798810077875572,1.0,0.1289104917524169,0.08513154005320828,0.004056271009606881,0.3614342158709057,0.9585506761189101,0.8511437212522993,0.10146809148107425,0.4404612398675652
3.0,0.3785104796620003,0.3606487086359968,0.35711574952561803,0.6460357986053921,0.4037378392217131,0.32512358370882233,0.2665213806102024,0.24245792315020814,0.30190038419319454,0.34348276755636303,0.40433766024348927,0.15396685299597984,0.5235085058231707,0.37216671637339693,0.18967052537845014,0.10263541549848607,0.0343584709381547,0.2990019728443776,0.5072575537424091,0.20503636166286598,0.4363431542461006,0.28516170948952546,0.14888294808867647,0.4064300579016663,0.5581427466578279,0.2100726895119419,0.38508640704339386,0.8378050093021115,0.18379538307057927,0.257244915596012,0.4961240310077517,0.1618696143523092,0.5417320581630266,0.19569452596932582,0.24215536016778488,0.0334100388321589,0.28367555538304295,0.485736202404412,0.2664524274073219,0.6771137805660516,0.20949276514549428,0.13628134509456485,0.047040625995177734,0.2952216323002828,0.27550491973070884,0.382193958664547,0.261731361213302,0.29180817823665295,0.2371591186843116,0.8315217391304348,0.43125275555835485,1.0,0.36247350704400966,0.3550454742312714,0.30855704697986486,0.32283216282069693,0.3262586496310699,0.7106985007366324,0.3935364416764835,0.10354151136492852,0.22321428571428553,0.3021961316275697,0.03873071663273587,0.11460246654421337,0.3116364752840033,0.4502235053082496,0.0,0.0670826923973338,0.016716958358479195,0.3162061353429273,0.04639387201900521,0.259690830307999,0.11096145876502284,0.17489121300618224,0.3154930605393444,0.38880565014503765,0.44298363931189655,0.5549812748394994,0.1508351000568795,0.09376293230860167,0.030470785829378226,0.6296296296296287,0.5235996941743838,0.6227873342359685,0.769999001298313,0.5376184495947031
2.0,0.662414050202965,0.09930639628732853,0.5629032258064529,0.0,0.6661546338965698,0.5302506671332954,0.5208505124278483,0.5889171165449356,0.5380762897914375,0.6306037833635671,0.5670402322018855,0.34544473864862313,0.38346195272884237,0.45942688139974147,0.42074799643811317,0.1252663451833575,0.06650452008029223,0.5618544737147505,0.5692932454081442,0.4022576793661115,0.38406701328711734,0.2968413577402224,0.18416098613463092,0.40936902756345817,0.6041321400950167,0.35347871235721606,0.7174063409847661,0.5639539353311092,0.08173157790112708,0.42789652589733357,0.632987834973725,0.3313321090549515,0.12850838022734581,0.16298574324883952,0.41122852302976426,0.04946066446138346,0.35483704019976997,0.31384322386954316,0.4513715138299093,0.17157981036572273,0.4940372078231849,0.2001463734062642,0.08458441381192856,0.5687121866897181,0.6568272052477148,0.6183359830418641,0.48254373451460386,0.5716614590408918,0.4476762456789699,0.26132067365526673,0.5805567802481582,0.42955762186531327,0.32710800814528523,0.6881766998700735,0.5169463087248334,0.5660599111365916,0.35527189730336806,0.572937429586619,0.5643831004881288,0.13666974111463465,0.5604256854256866,0.5053207661903315,0.12789985334430676,0.32452112306481196,0.5295670862757126,0.6072359843546279,0.7463756535238922,0.37290821796485324,0.03442538149840506,0.6678846007459859,0.3525264215880364,0.4997072256704526,0.21741607956900055,0.7150071969980614,0.5729768522460496,0.49043763400176565,0.5421793895053256,0.5877407520635902,0.19075443404519302,0.20727165237954515,0.0306536105443545,0.907093534212178,0.6415461384991925,0.5859165117989011,0.2261060621192453,0.7226281538988476
2.0,0.8710960152431463,0.2505826271186441,0.6713472485768499,0.7210234447921812,0.8879928315412178,0.7875672601601114,0.6641536105548358,0.7524610987615118,0.7504802414928651,0.8807981342316675,0.8314117552205094,0.35015200549181263,0.4071661106382294,0.7240903668356694,0.5278272484416747,0.3371873948637436,0.0753102518644417,1.0,0.582757721396371,0.5697926842505149,0.6156152512998269,0.39617880589572935,0.12650752580952954,0.4374846043858035,0.712158877472102,0.4116822429906542,0.5570801228947831,0.0,0.09418372912111155,0.8124099786829515,0.8246378073919228,0.4705113716626643,0.579055067588073,0.21738034448113566,0.640316205533595,0.06653243204372208,0.518249686242544,0.35651558635648256,0.9014346378973952,0.4127040707207531,0.7857370011130529,0.2902815762104692,0.1081388471862061,0.8209655513026303,0.8802002416709832,0.7577106518282977,0.5852541482093251,0.8353484580899371,0.6632563986172706,0.3091166867159303,0.6797568810228632,0.626303183995491,0.34432946847857687,0.895885664789955,0.6914429530201351,0.7875591228321626,0.43630973226901076,0.46481497530115257,0.7160410705268417,0.18624837328009886,0.7817460317460324,0.7440652992492456,0.24696942507255457,0.6716741012857536,0.7952717224439669,0.7882752840379944,0.7471244948745465,0.42290122593576684,0.06308302439865483,0.8603943061581807,1.0,0.5573252137252603,0.2843970161624533,0.0359517093910426,0.5709819853790852,0.4113910959767944,0.49696294166298577,0.34101765515133087,0.20771498009204223,0.2568134791605104,0.04712977385801591,0.5427421439385535,0.6685094620455028,0.4742832259768568,0.2661539998002585,0.8731590364196832
3.0,0.4776737635655694,0.08040254237288132,0.42561669829221943,0.2767460056003947,0.42741935483870863,0.3336103941554747,0.42478501590293233,0.3609082248332824,0.322310647639956,0.4169473956983669,0.3578972829154235,0.1585760517799356,0.1878340708946344,0.39519335918083326,0.2929652715939439,0.08335763149041181,0.04205066592430904,0.35110827434141945,0.3141499944115346,0.2568652990339741,0.8774350086655117,0.27445662438523205,0.6360104183679608,0.8690176536376119,0.4817975914263621,0.2561266874350984,0.5941630339783699,0.49436491950983424,0.31624794205646534,0.24987036930345022,0.48671718491420607,0.18120497245373637,0.7012641874257575,1.0,0.32556263612164277,0.03274845390478923,0.20136112512776763,0.2529129359484731,0.26255021232640824,0.726545234191203,0.2812052790586726,0.17391471823119312,0.057106137118420316,0.22842326213112712,0.4072156050405659,0.45733969263380847,0.31090922741947574,0.36082054068740677,0.28325011348161555,0.1892936930744113,0.4798450588902194,0.2056213017751469,0.5742259901092964,0.42555218709398285,0.324412751677851,0.8669055467966176,0.3099496419384831,0.507886298639397,0.3068506985355986,0.13693507018585663,0.2923881673881676,0.29001099235212957,0.07946015853666093,0.2539359748097615,0.3728584587043291,0.5469826783386103,0.6247026323599919,0.4001887847853447,0.023088197258384367,0.521884752987746,0.6481512502665002,0.2980442674786269,0.14351947782842875,0.3686194244065599,0.6027538893821998,0.4166275696809183,0.404526091428944,0.3268686945888111,0.16122860540875947,0.1596216375997642,0.019628061399852258,0.31605184446659956,0.8336960111472534,0.5703305881485115,0.12234095675621585,0.545724397762302
2.0,0.30859083754452676,0.07225332929782083,0.18074003795066435,0.532291495085928,0.3068356374807975,0.25727284658121435,0.41382966191542053,0.25261987932676816,0.3726330954994516,0.24721430422388976,0.21043295976779844,0.11576934392468449,0.24600526848710505,0.36830201809324986,0.2419857524487991,0.07948861724795314,0.04525941011853285,0.27410931878844347,0.9804888044409672,0.16568978617171232,0.3739456961294049,0.2873601426337381,0.1461494159009052,0.3042513130512339,0.44169152579825444,0.1336448598130837,0.8486925003083093,0.10974953489445002,0.008389783425335473,0.1541164947859667,0.3562407455796534,0.22134129114281703,0.23602934163407943,0.1536985087848812,0.25118980398483565,0.023917733352509594,0.2842448472615765,0.3233458094721668,0.34798576839205736,0.3298549226491766,0.1677532199077761,0.12903971341627865,0.048837632500795876,0.35436473638721083,0.25116519937856124,0.38325384207736907,0.35685862301974697,0.20160304306480123,0.2631027619679452,0.1968551297473791,0.41982112489765133,0.2477106227106222,0.4826580226904375,0.2924209614551754,0.2644295302013428,0.3112799197362774,0.2005627543565158,0.4903479504289803,0.22470964484093472,0.09848762429403511,0.15169552669552677,0.297424983043712,0.09084608577811076,0.06002361584885855,0.25452870739944633,0.5115477742596378,0.626990251364124,0.42340232135365674,0.013664971118199776,0.2798964756032595,0.24896445649194424,0.3914392786040521,0.1578688354745133,0.6777325712003595,0.36158178345963377,0.4366956741077062,0.529616135984324,0.02941569856313189,0.2983608252753497,0.12166715932604344,0.01654685553678559,0.27753775709907275,0.600436118186219,0.4414076349610115,0.10071906521521938,0.4946911747916436
3.0,0.4267252091790241,0.06939063761097655,0.38292220113852177,0.2658540602866081,0.4173067076292892,0.3598582615162507,0.42454941689244924,0.2929501429025098,0.38244374313940804,0.4078776885203396,0.3762799322744483,0.16009610669804786,0.30963455417545743,0.7777860622328264,0.2330810329474619,0.2864191992822696,0.03035852954535442,0.33346872461413657,0.9917067173354196,0.31862585477043315,0.6580589254766035,0.2834165615296865,0.17434433909552746,0.3141583023061568,0.5651033035023757,0.22066458982346862,0.8176417284625822,0.5695967035163539,0.07766921010647784,0.20994411476637784,0.5166797317306858,0.2618307670574937,0.4205504157598567,0.20907981115836555,0.2811163991288211,0.028850855745721223,0.3059038155494317,0.32925764769676374,0.38969356134511607,0.3690739288515008,0.2711877882016221,0.646662301144025,0.8320481324780494,0.3122607729349311,0.3556015881236002,0.4138844727080027,0.3115098731135975,0.361228094008966,0.36143021753552856,0.21616686715930516,0.4533916986836314,0.2796914623837695,0.5363421019822963,0.364226938068429,0.3423657718120814,0.4207825713057192,0.3203714661803952,0.5003141520062399,0.2563541491331393,0.08581500246376994,0.261544011544014,0.4119091610730406,0.09721354182781276,0.18774599842561077,0.35689284617746286,0.4566492829204687,0.5924750576470855,0.46435813172982787,0.0643158893008016,0.5325416761817768,0.3199144153747757,0.3869891087949404,0.12070037297969276,0.2751666125851786,0.2347860991838082,0.0749047799218061,0.551037105767891,0.6853217670437173,0.2177723770618952,0.12757907182973774,0.020503182368871997,0.313430080129979,0.4160449871290846,0.5706708609854587,0.0,0.43012901016097843
1.0,0.5722806726866051,0.2117761299435029,0.49705882352941144,0.7681463789600841,0.5568356374807989,0.4674745176954359,0.4621863588172938,0.4742775484280767,0.48398051591657537,0.5287639284788821,0.48649520277352,0.25164263999215497,0.13184126766415633,0.425502037975942,0.3501780943900275,0.12078053156891319,0.059369093493135454,0.46942091215040105,0.5470809582355353,0.36708998154781225,0.7332120161756209,0.2802284557329244,0.18510654758323075,0.28991321828503475,0.5966467793613961,0.32580477673935604,0.9383166846290366,0.3020649148972157,0.07064544245148874,0.3629659503370403,0.5772145283511887,0.30867707303291425,0.6366371573991384,0.12100052936156114,0.36694361539081954,0.07142240759384444,0.33802999133123723,0.3986721508775177,0.4294732009640769,0.36161509945105863,0.4405310860232158,0.1816571010361692,0.07062917974614447,0.41042103963452525,0.5308130502330405,0.5172231054583994,0.3606126586080023,0.4985735633745427,0.3931003177485245,0.2207638769548032,0.5229577376078611,0.3747886728655959,0.4610314590865644,0.5458640103941124,0.4190436241610742,0.4884620897233776,0.2030866955692151,0.42012956062050455,0.43208214105369097,0.11934754317914738,0.4717712842712857,0.4697710316439412,0.13945904469595263,0.23760167934925322,0.4623887012588275,0.46349413298565706,0.819853428003927,0.4104495874702841,0.03204586602293276,0.5706021161604656,0.3921055036091739,0.39138072373814237,0.17581848321591317,0.1467105974756426,0.0542871391906189,0.3250599066717115,0.5208443881861543,0.6537756037908906,0.13720978333936595,0.7544191545965127,0.034863454314541374,0.3877995642701513,0.9184268981772614,0.7109417943086395,0.1962448816538498,0.6453362255965307
2.0,0.8016734321928581,0.08694007263922518,1.0,0.4665348926590899,0.8316692268305167,0.7519576534406571,0.7292378372010838,0.7167354715782778,1.0,0.8209380668566989,0.7542530033056493,1.0,0.3481638959372944,0.8145566159658015,0.45781389136242123,0.14006953011102363,0.08887781864001981,0.7583265637692924,0.4749860288364816,0.4397047650059701,0.8293818601964185,0.3463249903676897,0.47213602331238747,0.723810467601965,0.9172190918130592,0.4584112149532706,0.8592179130406804,0.5815587570534603,1.0,0.5252635824163153,0.806201550387596,0.5769176437349909,0.3979936010266105,0.9407619205381484,0.47261434217955933,0.05448008054077396,0.6434550841646289,0.34972424647207406,0.6716859864570182,0.5475867968917087,0.8518047384321835,0.7624513693617352,0.10519312133205923,0.7228052846030361,0.8284136026238554,0.7124536301006876,0.5868308431563936,0.7732645021056931,0.8235622752191061,0.27270579137308787,0.7137053599546513,0.682234432234432,0.42210863150895567,0.8323949761801668,0.6811241610738259,0.9821699871004733,1.0,0.3627697374122542,0.5554620434270294,0.1662602499147158,0.810155122655121,0.7545197277638747,0.1591554612228734,0.532143794279716,0.694258520110532,0.7536319612590788,0.3828131777813293,1.0,0.1417018708509353,0.9822638349699344,0.6530929248012673,0.6825740719053763,1.0,0.17898476566075114,0.681174052134143,0.422570311514693,0.0,0.27228867318862865,0.209214540565696,0.3851019804906883,0.06886153831152847,0.5798530334921155,0.42362276681701583,0.533476422423742,0.27119744332367784,0.8848042013928539
2.0,0.5336757518018409,0.07211460855528651,0.3944971537001916,0.14468374238181553,0.5684843830005146,0.45710661008792913,0.4868653551655086,0.49063194664972865,0.4482711306256869,0.5270795542886778,0.4436023542691277,0.26326370501127816,0.32614194256300216,0.4580599463167311,0.36186553873553057,0.6710328585847257,0.059002798493794986,0.46901473830799645,0.7484929771618047,0.3411483772929538,0.7589485846331605,0.28819872022482934,0.1965048610454472,0.4521851154494104,0.541128052148934,0.30539979231568004,0.6194658473681107,0.08251971893786858,0.07229689435295207,0.36849686005646226,0.5580814679325257,0.2713660121486088,0.5038064353903114,0.20022830968011446,0.3704121964991534,0.043247519056522424,0.2847494468811864,0.32469481953684,0.4274761850109036,0.389783988023098,0.44347273016377675,0.20603982897423082,0.06585232700969028,0.4344980861834807,0.5466942862074929,0.49570747217806055,0.3974772880846912,0.5230267626681173,0.3913195293131749,0.19369737068224793,0.5004723814322608,0.3028317836010137,0.3954120433861115,0.5291468168038117,0.41409395973154134,0.45988247097606494,0.344542128080959,0.35954155472744614,0.3745160747348937,0.11411677006077267,0.4246031746031755,0.3850363683139597,0.11901387969282756,0.2759118341642629,0.45993245317777154,0.5458185881914699,0.8428026757379968,0.40457628303733745,0.05806535046124649,0.5955697647864816,0.7356927481497272,0.4385173907951741,0.16877331123083222,0.14510479328391143,0.7167045772463531,0.3028074158153614,0.4552415565628028,0.3856714307551215,0.16047882517193202,0.14318652083949224,0.033786007327614644,0.39319079797644074,0.6003365891395712,0.35450718737135684,0.1662338959352824,0.5591391711382573
2.0,0.668544445364923,0.43866777643260685,0.516223908918405,0.14217180036237886,0.6429851510496692,0.5323504965221577,0.5256213923901524,0.5873293108923512,0.5514544456641057,0.6780253951801001,0.5385793759574282,0.3028341669118373,0.2534884565269133,0.8812133412864102,0.4390026714158499,0.6786923853313892,0.06744223527860398,0.5727051177904138,0.3366566074289334,0.39503961793118353,0.2508607741190065,0.29677336496256623,0.19232719864526815,0.30844458286733584,0.6134128825544142,0.38857736240913887,0.39537589610779567,0.3924260828118529,0.05185253146168778,0.41936970674655655,0.6577243561826785,0.3433217968639642,0.30229946848635697,0.1635619190977087,1.0,0.05053933553861635,0.35328442598558646,0.3419079234502914,0.48215310455640975,0.36865509374777233,0.48123708061694914,0.28334809907168484,0.08755288658386771,0.5401901469317228,0.6708095977904384,0.6458929517753051,0.49620842405586024,0.6421681836706982,0.4950242676071084,0.25614366729678634,0.5743843295332878,0.440088757396449,0.4747454598346006,0.6778692074491137,0.5318791946308709,0.6012612870861402,0.354166918255703,0.5367882832134501,0.5667396061269107,0.13121154307806993,0.5484307359307347,0.560984166335337,0.5636281504675039,0.33370506428759,0.5855695425237952,0.5832091637176375,0.6364192598342506,0.4078334032536241,0.6330459522372619,0.6991702824084646,0.0,0.49490572666588506,0.21114794861168634,0.14324938222299907,0.0,1.0,1.0,0.5801073830632834,0.17542272092662492,0.2046112917528834,0.035914087009938395,0.4188914737269664,0.0,0.0,0.22096274842704472,0.700993264071242
3.0,0.291110927015162,0.293646589991929,0.705123339658446,0.40506780870806547,0.3160522273425522,0.2413491403823436,0.246613264224289,0.23150206414734883,0.24632958287596082,0.30953614926146417,0.2298637426429077,0.10659998038638763,0.33373001625727633,0.30225420021870963,0.2232858414959927,0.08022877649433682,0.04968425371056849,0.26998955552976756,0.06027346224060183,0.28166720937805173,0.6121201617562103,0.2876245589912895,0.7321568256642568,0.38120814870393704,0.2925091150149146,0.21687435098650135,0.5039597642908082,0.7144021279539987,0.07104811127931461,0.173359451518119,0.3803094968498671,0.22926967085746539,0.5160234455610374,0.4426831068842211,0.24159070742921898,0.024219761254134855,0.17047704071730813,0.3424303342106307,0.20137725238149917,0.36451129963641504,0.21060581968516343,0.17144948191517986,0.042786952367954136,0.08260279046795742,0.2720524771275675,0.3759406465288786,0.16142353029506787,0.25105284608069717,0.21519606131499036,0.15894053961161658,0.4156326761982754,0.18420681882220288,0.41589992935211767,0.3040277176266811,0.27097315436241476,0.8507954708327364,0.2867088531162824,0.870125227489384,0.21006564551422333,0.13368794774280765,0.1652236652236658,0.2229342563790725,0.04300043934827946,0.07301233272107119,0.25041449186367754,0.4231234866828076,0.6182598570808885,0.42287791917214385,0.1372101043193378,0.4070183451320724,0.29284561264581355,0.3810750673380956,0.09239017820140817,0.3417284443667893,0.7572344333483343,0.6127884979190316,0.4888967281588224,0.1969294558239069,0.1110708930141163,0.14300916346438022,0.015532787784383844,0.5463609172482548,0.5026895462832686,0.5374478585416811,0.1279836212923182,0.5000570841420258
1.0,0.8421837461685028,0.08373688458434218,0.6299810246679343,0.3662562455389008,0.7469278033794174,0.8080405967015174,1.0,0.760558907589715,0.8733534577387493,0.8116092251878749,0.7971458518100452,0.35809551828969416,0.33053100379605377,0.5796550352917785,0.44089492430988375,0.1423348659863184,0.06542028688224326,0.7957525821051404,0.5471517454640289,0.40339737327688996,0.5354650491045637,0.2932981785490342,0.1496737813002328,0.3752679190792362,0.7143409568003539,0.4346832814122542,0.8924080836027684,0.464813419640524,0.12718728178152924,0.5550498358011176,0.789275034114333,0.6960199180675238,0.45248458783848233,0.1678724346670604,0.47898685165765764,0.061944484395225,0.3996817140860923,0.35188001745777725,0.7222081946516695,0.6798763099736227,0.7405787883606288,0.2577327529756175,0.1055684454756377,0.812322508951721,0.8063179699637494,0.7141494435612087,0.5245138523913195,0.7746230131775582,0.7218827473026292,0.4040213095033505,0.8694337721231977,0.4973231896308824,0.42289822549141876,0.863837158943266,0.7189597315436228,0.8644976350867144,0.3639547381260039,0.2954545454545452,1.0,0.1760647908322487,0.7437770562770566,0.8568889304675251,0.20085023174074745,0.4429283652584628,0.7061713233036535,0.8152821754516666,0.7829364626378394,0.5197116953339862,0.04896111733770144,0.8115247012255487,0.559406694484208,0.5365967911933474,0.32627952755905454,0.3137475143315947,0.5262312829183441,0.03171143902131445,0.509813744875242,0.5390744420666468,0.19062516159056794,0.23026899201891948,0.06045403908548645,0.6810309811306816,0.9019141245289336,0.5705685411813417,0.32562668530909866,0.8091677132092702
1.0,0.5989561759589088,0.10987943906376108,0.4074003795066435,0.1456514577499591,0.5867895545314933,0.4331773043440214,0.46583814347979596,0.5154017148301034,0.48157930845224994,0.5575278569577612,0.5193098443924833,0.2732176130234385,0.21194163516735315,0.45930261457401356,0.3925868210151374,0.11497140293820808,0.0654495904821907,0.490658001624696,0.588372266309005,0.3782155649625529,0.7725129982668979,0.29451449379377037,0.18698907446726204,0.3556549683593584,0.5278146061208707,0.5371754932502588,0.8152020632597146,0.14154584172573387,0.11223246734049987,0.3304718557354382,0.5067212496007892,0.25858172058200346,0.5078990037370702,0.20630336378662775,0.35855448898927317,0.04481518768876755,0.29902055919988624,0.34987634074407165,0.36758866062205847,0.380783488985528,0.4393385275878517,0.1909017372212167,0.07853373367908631,0.48438078775157334,0.571379250819957,0.5449920508744021,0.4060364892259174,0.5268305936693408,0.3719054436258254,0.26074067709228343,0.45915475215720947,0.3404832347140044,0.42328055520924235,0.6192291035080142,0.44312080536912546,0.45922316181740025,0.19860639800982965,0.7037979894271598,0.5152331257364031,0.1602208548649979,0.4611291486291484,0.396636808008045,0.11528251331967856,0.24350564156389296,0.49401289530242587,0.47960514062208853,1.0,0.5987216240152891,0.2025778084317611,0.6235061277308378,0.30148783236378035,0.4626419955498312,0.18744819726481524,0.2816480709549129,0.5453406478451791,0.5352654811451635,0.621166621706148,0.36728064811984223,0.18338590413154696,0.19562518474726595,0.023562449266141587,0.42797533325948045,0.6493863129464671,0.4691339223464073,0.13752122241086448,0.6570384747117245
3.0,0.7245464336011945,0.08532838983050844,0.5289373814041767,0.41120353593587033,0.7442396313364061,0.5738658733977866,0.6708681823536338,0.6295649412511899,0.6467137760702523,0.7163772998186055,0.6416995888091566,0.3932529175247628,0.2853494911028729,0.4776319713689233,0.4200801424755111,0.13963216328361544,0.08108306105405072,0.6130904026923536,0.5453820647516857,0.48534679257570623,0.9362276140958989,0.2627920856406807,0.1983014277977874,0.3346971134108187,0.7035410451883765,0.37544132917964695,0.8026498517434224,0.16368640354249028,0.08906626705608305,0.4371147087630351,0.7137879975611877,0.36451123039977434,0.4864823854817874,0.76539919983579,0.4352665967572788,0.052969941032647655,0.4753069647685958,0.3392099033209457,0.5326982669574196,0.5444143437655946,0.6487517888376511,0.2903200955279071,0.10666029752968446,0.5910606247684916,0.7270844122216491,0.6967673555908845,0.476612358285155,0.586333378617036,0.5196759663396062,0.25491923010826556,0.6157334509038233,0.565405748098055,0.40546897726800507,0.7251624079688175,0.7538590604026847,0.6530600544646704,0.6819471783786393,0.4169663749025042,0.6118498569264432,0.1374404588929459,0.596230158730158,0.6138877844563461,0.14019541716428538,0.3580425085279461,0.6024562480810554,0.6493294840752469,0.5150612999703204,0.43731645923647045,0.04809035261660483,0.8058156352287456,0.7223829683550085,0.5695631807003155,0.2253937007874014,0.1498556440273236,0.6390628991254211,0.25234455795182237,0.36529482736643004,0.08101498012840232,0.1876518951341845,0.2546851906591794,0.04065777894785601,0.46612015804438395,0.418261770440778,0.14688840716619359,0.22760411465095282,0.7004224226509873
2.0,0.6523900256813848,0.08333585552865216,0.5458254269449705,0.49974606050623166,0.6231438812084001,0.5638916838006901,0.5631994345623755,0.5061924420450955,0.5957052689352368,0.5992485099766752,0.5693783761993065,0.3323036187113855,0.6020517247639063,0.4599363753852271,0.3733303650934988,0.12036559380957736,0.05961817409268744,0.5642334919345487,0.7198316009090571,0.4001411049603811,0.41010976314269193,0.29446161052226005,0.20090601978802222,0.35109928224584847,0.611921334659154,0.3888888888888894,0.5034342979394212,0.538523040022142,0.08519249099092226,0.4806706228034786,0.6827802456232038,0.3360291001553896,0.7155188110742127,0.2586093275667734,0.35887714769702356,0.04101826549690795,0.4053228790642912,0.3475354115141976,0.5006082864684958,0.5484333784843519,0.48704086500238675,0.26528253919340555,0.08622219189299819,0.5227805901963191,0.577938891765927,0.5745627980922089,0.45641564682033137,0.5628311370737672,0.4934529836935645,0.2358867503007388,0.5770296655539456,0.41599746407438654,0.42028009807588396,0.6453009961022086,0.512835570469799,0.5411781568009172,0.5194850676875143,0.6616041251408267,0.48712337990237126,0.1453118880058623,0.5316558441558452,0.526907874733962,0.13566579828344777,0.3104828129099982,0.5341725514276932,0.6057925125721739,0.46353736216068114,0.3542336736120821,0.03486507457539427,0.6663621831468386,0.6334480553102063,0.4941445134090636,0.19451927061748858,0.5507409163900193,0.6527471992799022,0.18627317442300434,0.43004390320543784,0.29022088046469097,0.38639536687522597,0.18019509311262347,0.03441248668426665,0.42550127395590986,0.7709293750933085,0.7057829725568768,0.9945071407170695,0.6397419796780457
1.0,0.15789909700936208,1.0,0.18235294117647294,0.6131128863998239,0.0,0.1555186141126022,0.1175050064789734,0.039060019053669855,0.03889956092206408,0.09963721171287891,0.0,0.006913798175933671,0.37510740694423705,0.2187096132816385,0.11253339269813081,0.48477066277896136,0.0031501369943295683,0.029302541487758016,0.5431019708654667,0.0,0.06573079145002854,0.32243686115119335,0.11612354190126611,0.2774381697976981,0.44818252126836783,0.5232087227414329,0.8792982343258209,0.317747812850753,0.0,0.0,0.12963446854222876,0.02198403729340277,0.3717127225117272,0.33268393513700395,0.0,0.002977132173162687,0.23133951791328677,0.41644734231791675,0.19033627912314963,0.2635987737933985,0.0077118778820172975,0.004237124918146841,0.034029389017787785,0.0,0.014672881063352614,0.2395336512983545,0.2659358810721511,0.027306072544489236,0.022661405775340922,0.0,0.3033318637022119,0.0,0.7021152807214399,0.25543525335643136,0.008221476510065108,0.06191772968324575,0.0,0.46247508449605684,0.0,0.008768494067999703,0.10678210678210914,0.0,0.03363798939376123,0.009249540802938286,0.08056493705864183,0.2750977835723588,0.08994771808862793,0.41594415699436,0.008836968704198336,0.2995356626322617,0.11496055797520761,0.2356833352851614,0.0,0.21379660368253356,0.5256839109121639,0.5612561483163074,0.6794591694260569,0.5259190614490978,0.33447954909767774,0.04918711203074384,0.022940845235222312,0.16904841032458073,0.44316212829294116,0.4556990941128041,0.06786177968640664,0.2756593218403935
2.0,0.4263938364675684,0.10111985472154968,0.2880455407969636,0.23767363970790065,0.4532770097286205,0.3334354083730684,0.36288137589822034,0.09653858367735567,0.3291369374313945,0.39323658979010045,0.4087720712730793,0.16779444934784718,0.32466547527320716,0.21355254001391794,0.23664292074799728,0.11115846136593033,0.04275395232304317,0.36857374956481354,0.3276368242613912,0.3170519917507863,0.7156383593298674,0.27908768801891704,0.15393740383210255,0.4092586038478419,0.554331013147718,0.3049325025960531,0.4492147495187694,0.5210565968111458,0.07864275119653809,0.2608169614564721,0.3976715152570909,0.20460163864952632,0.4132020011965561,0.4479911268919273,0.2969266758086626,0.029828850855745694,0.2923443180788987,0.5206319186361771,0.28086766900034443,0.45857097027161864,0.32294482429639076,0.11486460459920639,0.0571288840362131,0.30114828991233417,0.38304850681857655,0.3706412294647586,0.30813124108416373,0.272245618801795,0.2972170816020108,0.1908403505756998,0.4858285570321858,0.21622287968441778,0.30768399617670283,0.4406236466002613,0.31954697986577213,0.3298552386412504,0.15714855024333677,0.28809905537741587,0.3231779161757288,0.07349615272846736,0.31430375180375136,0.3302850995158689,0.10159464861419652,0.17738126475990534,0.36702486951182056,0.4966008567703467,0.6197895025227734,0.32835733929986466,0.022993361496680534,0.509553170434652,0.7086467882922667,0.3358707108560723,0.14336406962287562,0.13247468570335083,0.7263261607327487,0.5535830495648887,0.4513877978140294,0.2895998929990839,0.162107658100212,0.1443689033402311,0.04696157512023772,0.3274251320113734,0.7081310707063394,0.40770872645157297,0.08733646259862196,0.5791186208471298
1.0,0.17107116228978425,0.06032082324455207,0.08690702087286586,0.4012106736946133,0.1760112647209418,0.15096898377006882,0.3294852161620922,0.11749761829152221,0.16815312843029648,0.18087587457890655,0.19575909054260793,0.05109345886044859,0.36792677367692816,0.32171438512774636,0.1556099732858403,0.058820231019401,0.03528153433649338,0.16786584658233908,0.5666517640922469,0.236296537501355,0.6614615829000576,0.26916829723420493,0.0,0.2583178787321092,0.40907082090376734,0.004828660436136433,1.0,0.19011669921124466,0.09040170038380975,0.07541625857002955,0.20396016607147954,0.0,0.4179665484561829,0.1501550273143364,0.18206017584899503,0.013749460664461402,0.25544385358847976,0.6857467828755074,0.3120853896476527,0.11380730020674382,0.08689775799014221,0.14151997226609148,0.04055775442427555,0.22508951722434858,0.10650785430692224,0.29231584525702126,0.11397252045949381,0.11384322782230791,0.16676559935751883,0.17442859597869032,0.1801977703596398,0.04737249929557535,0.5958276191663551,0.14794283239497982,0.1761744966442949,0.17959008169700466,0.1700218580554784,0.6237975561140484,0.09190371991246897,0.10043337081632892,0.1395202020202025,0.16958626657623269,0.021497125672172063,0.058908422986094305,0.2522566779244708,0.48509964611659484,0.6112782813177783,0.6002016035053375,0.275342701957065,0.1453908807185837,0.3874836292754242,0.06850919311394926,0.05908101947782789,0.16126267794889723,0.4639768400822267,0.4623231176693149,0.6055055390370939,0.6554666004280034,0.08544909250736804,0.08465858705291221,0.0014577223940774777,0.594106569181344,0.5491650870200551,0.48915529052875556,0.09457704983521306,0.2582486585226632
2.0,0.5520669372877152,0.07775675948345438,0.38216318785578857,0.2607752704112452,0.5121607782898135,0.44993219300931636,0.44722582165154867,0.46824388694823754,0.4550631174533476,0.5314848406322903,0.46375876803998917,0.24252231048347497,0.3277717042708633,0.4561089571527982,0.34639358860195973,0.11282942693731084,0.05868045889437504,0.4579319948938147,0.453407101076711,0.3580809725388021,0.7180762564991338,0.2851919285018169,1.0,0.6974871526253946,0.5949342614075788,0.3215472481827618,0.6387794167323494,0.34539276434139654,0.2252906606317314,0.3225787866566798,0.5743111807914526,0.2790295239440601,0.5036373568251384,0.5270460544558201,0.35823183028151917,0.04120523515029493,0.3265147692427128,0.3415442197563847,0.41136233214736584,0.710059171597633,0.3429798060104953,0.19899079388313262,0.06882079978162943,0.43338683788121934,0.5170032798204751,0.4804451510333853,0.38914332907875854,0.4867545170493161,0.3668773351024827,0.0819084035057565,0.5173206525162186,0.3411524373062836,0.6992810539001785,0.5956691208315305,0.4321308724832219,0.47031675505231507,0.32913884091924583,0.17356356703353823,0.5125399764349435,0.5125525920123313,0.4905303030303031,0.4636433800313401,0.0978570942371119,0.2778798215691418,0.45016886705557196,0.5469826783386103,0.6294833451291066,0.5916014077285231,0.034149495646176135,0.6042475451016215,0.5943410593000946,0.4608853495725494,0.1842623290509734,0.59860719366997,0.4904331537142234,0.40163450624290625,0.3596801973124479,0.14601803729746363,0.18336004964062286,0.18084540348802894,0.02656321225461882,0.38613788264835064,0.6723594265317294,0.5433490937558745,0.1917007889743322,0.6369448567188032
3.0,0.7140253500124253,0.08517958030669896,0.554554079696396,0.16407236589249466,0.6650025601638491,0.6395730346909306,0.5419955236188012,0.6009844395046069,0.7008781558726671,0.7029023062969658,0.6568572119648474,0.33946258703540355,0.5451875637886312,0.8006263048016703,1.0,0.12413367724571037,0.07654100306222594,0.6534176627596611,0.6699675869006371,0.45587756431129944,0.8880820335066443,0.30540089297181305,0.18878564121960226,0.34798759856732314,0.642415202740029,0.3594496365524393,0.588302475589943,0.7958763203616301,0.08876553970365614,0.4580284611395967,0.7195656592050635,0.4305339737251025,0.5342926012954023,0.16541288401220058,0.41679438573848476,0.046109592981446824,0.4027740040626739,0.11247702053933956,0.5958911970618613,0.34366756968703166,0.5959612020989011,0.46030584338045527,0.09391065010691058,0.6188418323249812,0.7074054893837388,0.7067302596714351,0.5218860274795388,0.6418964814563264,0.6341003526659451,0.2725339405396111,0.6133715437425207,0.517399267399268,0.4036986244441675,0.827197921178002,0.5665268456375822,0.6824709760642109,0.5513060490055187,0.5427896698154084,0.5531055377882476,0.13650548978483068,0.608225108225106,0.7100357836143791,0.6528158511908814,0.36453686696405097,0.5980350015351552,0.6913298565840942,0.6774639848405288,0.42985829487717364,0.049081817398051494,0.7374590850270236,0.25755337617640817,0.5932193465276973,0.22855366763365087,0.20481907662098878,0.7806619552128061,0.22592508513053355,0.43906762753718137,0.7209760012228684,0.21092093696675057,0.27986993792491943,0.04033356978663136,0.5339906207304003,0.4933609601838571,0.654654004392613,0.251922500749025,0.7023632834798491
2.0,0.33220114323585326,0.3158646085552866,0.39354838709677403,0.40639241201339665,0.4326676907322061,0.2722778774224597,0.28395570738602904,0.30501746586218104,0.3031009879253573,0.36874838040943253,0.34596468596307384,0.12675296655879267,0.22153060442375413,0.4251913709116217,0.2062555654496878,0.0859818324548615,0.0495963429107268,0.30503655564581744,0.22220483588539927,0.20552480191034314,0.7570652801848642,0.28395294899786194,0.16624689469024265,0.7219389271911321,0.48016793724450285,0.324558670820354,0.6507042857679042,0.25873706545303765,0.07715440565571306,0.1948493403237882,0.34218854339052884,0.24291919762678313,0.44726482905723536,0.227092508633635,0.30717108977978724,0.03007334963325181,0.2752655617228844,0.30607980320323763,0.3658211867324689,0.3228238397376483,0.21545555732230762,0.16077963098493858,0.04826895955598021,0.187924435115444,0.32867253581909467,0.27387387387387496,0.20594639237179863,0.2930308382013306,0.24620273054226785,0.21431947069943263,0.4358506014990245,0.16916737109044747,0.8012134812783114,0.34161974880901125,0.31325503355704704,0.31893363909989997,0.10570362408975048,0.4982234162405758,0.3341188352129248,0.08683841459562582,0.2098665223665229,0.2689384194400919,0.04035197366385525,0.10784570978745603,0.31458397298127094,0.5186720059601418,0.7673021163900368,0.3815841607234419,0.30162082938184326,0.4491893126284558,0.3997121798190848,0.4142756763087027,0.08811645254869446,0.12413781627270382,0.6463733563635035,0.636009585067474,0.4525379965790481,0.525259859370224,0.10817519003050859,0.13892994383683288,0.08496717686950458,0.27620841180163125,0.8515207585922974,0.26034679275004713,0.1525516828123435,0.39827605891083495
1.0,0.7648082180432446,0.1561768563357546,0.5851992409867172,0.4791426453632017,0.7233742959549414,0.6617524826107868,0.687890210861113,0.6222610352492861,0.559241218441273,0.7185799429904147,0.6426670966701608,0.4362557614984793,0.175655232785642,0.495103887066309,0.45258236865538687,0.14686553773690697,0.06574262648166321,0.7075548334687262,0.7907156961365075,0.4120807554542495,0.5469901790872331,0.31145225018320266,0.00437537070306795,0.15352010985744022,0.7435642470445247,0.3799584631360329,0.8318507675562056,0.11110256922769417,0.08755753322017831,0.4710491444374025,0.7183172197543765,0.39361138578895294,0.42916041654021914,0.1608971057966892,0.4375252077115424,0.05196318136056378,0.48634346414108076,0.48314398698602057,0.598898198094801,0.39961324588293967,0.5794243917951973,0.22838103308809315,0.1064442018106545,0.6303247314483282,0.6904885206283448,0.6428192898781124,0.5225617538854263,0.6611873386768126,0.5594818254827331,0.2848857191957384,0.6334635006613342,0.6014722457030143,0.3215392926900224,0.7872672152446974,0.5637583892617437,0.6861688404758493,0.44656852681536546,0.5465811595458876,0.5494024574987322,0.13947464843898036,0.6687409812409788,0.6851509694319051,0.1287661738952868,0.35915770139071035,0.6523180841264982,0.7061836468616113,0.7784251501107283,0.4458467347224164,0.041684627985170856,0.7455278983025072,0.435613559528523,0.6527110902916037,0.20544964774140104,0.2019818785412975,0.6347812336548637,0.22742338251986405,0.48974455508355236,0.5381859523081629,0.1920988675732976,0.2397871711498677,0.04422164205846005,0.4962889110446433,0.8349763166109454,0.5878415518344989,0.3017577149705376,0.7593332572211443
