Type,37113_at,32168_s_at,34201_at,40020_at,39872_at,41161_at,40335_at,32733_at,35915_at,773_at,34416_at,33614_at,33226_at,31391_at,31939_at,31885_at,37917_at,369_s_at,40162_s_at,35344_at,40932_at,40528_at,37684_at,37147_at,33970_at,33891_at,1010_at,31683_at,39405_at,38371_at
3,0.7302744039586145,0.07699779821266677,0.09549372448208075,0.17409376124055795,0.10276738967838443,0.19985623577333173,0.0,0.06698959084819128,0.2953069931367093,0.10252029047415634,0.38223763570566954,0.2685633024279723,0.08733265976256628,0.0,0.2283853138570865,0.36245986182738155,0.09921498155679563,0.46397539783266617,0.12294918311565814,0.00872984663782933,0.7132301740812379,0.10799018271066267,0.540501212611156,0.0,0.1672364409128707,0.6470836706677461,0.2369406159605241,0.30075018754688665,0.0007996989368708247,0.21832056427094734
1,0.7728744939271256,0.07123429607563787,0.23143807651595344,0.23168538427720714,0.47424582398404386,0.3507607523661196,0.23852082650049197,0.3087704833556632,0.09805230940456316,0.17513882956001708,0.48439384800965024,0.4556706249096139,0.2701755493811568,0.15688740420514835,0.3019147256217924,0.3447504135448088,0.04511491535042088,0.27814116957922486,0.06320268232734583,0.2003145890680299,0.39179883945841393,0.107390237251159,0.3284963621665319,0.15719137035557335,0.3642243370599648,0.17117814777007284,0.07963246554364471,0.4267816954238559,0.20208862545865086,0.3860817219992704
3,0.433693207377418,0.11967361740707164,0.2757447451988508,0.0,0.2868611318873099,0.2971606565233018,0.1607084289931125,0.22642481706688655,0.36023001298460394,0.36736437419906026,0.5659680337756333,0.6561109057895329,0.2936663298812831,0.20361564157987816,0.12485195420450063,0.3460153741364211,0.22822283174122768,0.502196622083374,0.03953265816161435,0.11340935902477389,0.32282398452611216,0.0588128351968003,0.21903799514955538,0.14298841390331601,0.17102466968493021,0.626280404097293,0.16505019567806703,0.3388597149287321,0.17306425816163326,0.32387814666180226
1,0.3394062078272605,0.07246470664421707,0.1720852865567821,0.3261660205427441,0.18289703315881323,0.3670061099796334,0.13176451295506725,0.14510975986808206,0.008718234093860142,0.024263135412217002,0.16375150784077203,0.3476210370703646,0.39454407678706743,0.08310080565926507,0.15406632451638377,0.23790989588401282,0.241369526151518,0.2618861661622572,0.04552245485276805,0.16948486040110106,0.4072727272727273,0.05514044177802018,0.5922797089733225,0.14117059528565723,0.11835905017093226,0.3554507374423598,0.16496511825761445,0.2472618154538634,0.11722645592247624,0.2752949045360574
3,0.6837156995051732,0.10704571946639038,0.22508694994707396,0.14707645577714717,0.381401146846173,0.38363483886426264,0.18817645129550672,0.13500979078635475,0.3463921350398813,0.11798376762067492,0.19850723763570569,0.47751996529172624,0.38140944683000755,0.12929848693259974,0.21614686142913545,0.514401089812202,0.3076704814149248,0.7417748706433662,0.03281307014946952,0.1219032638615808,0.42653771760154735,0.07637487501136261,0.23100242522231204,0.10535357570914902,0.20410237457266928,0.3288394522862473,0.13280585332652714,0.33930982745686417,0.0686800263430238,0.40864039888118703
3,0.20319388214125061,0.17407071622846784,0.46091032814153937,0.3402741696974541,0.6110695587135377,1.0,0.30551000327976385,0.46593836957641965,0.2570951585976628,0.2740709098675779,0.43275030156815447,0.6257130461330805,0.4577229098257135,0.2717626252701906,0.3069482826687722,0.28987058480101197,0.38844225858318354,0.2862442643756712,0.07856960901085737,0.2940621313409359,0.5564023210831721,0.10166348513771477,0.14834276475343575,0.4095884938074312,0.3748498567864732,0.34855151536484913,0.28245703590267146,0.47471867966991743,1.0,0.4668916453848961
1,0.5340980656770131,0.20625566636446058,0.5476334492665961,0.29235442228528036,0.4992271254051358,0.280412124116449,0.5253361757953428,0.5421003813253633,0.4798367649786681,0.48927808628791114,0.7390681544028952,0.5773223209551203,0.3202197524627431,0.17997641972882686,0.5314844058428742,0.4911452758587136,0.49664239099593305,0.5036610368056234,0.12663944866331145,0.4859614628391663,0.7860348162475822,0.1503863285155895,0.32566693613581243,0.2078106272473033,0.5328467153284672,0.43774860079552247,0.45541943168283144,0.5909227306826705,0.19343306049487252,0.1524990879241153
1,0.72991452991453,0.1413029400336744,0.3570618478753969,0.45323927900563526,0.3524308152580403,0.2043009464478256,0.3899229255493605,0.42682675461197567,0.3499165275459098,0.2588637334472447,0.43116706875753924,0.11809249112207347,0.2684547865622632,0.24949891923757123,0.4696012633241216,0.47071129707112974,0.2221223872127116,0.5580640437371863,0.0725866971434866,0.3484073928430987,0.6412959381044486,0.1186437596582129,0.20968067906224735,0.15807031562125454,0.3714312113092488,0.16265972051110558,0.29683511995916284,0.42978244561140283,0.33989556872706744,0.43316003891523785
1,0.3622132253711203,0.3822043776712862,0.4575079389082112,0.34962631389632703,0.3658688606332585,0.3254702288247274,0.4111593965234503,0.6079047717200866,0.5740864403635689,0.3344297308842375,0.5294028950542823,0.3552737293718767,0.22739328113159885,0.28822951463941837,0.3646861429135413,0.2577357205410139,0.39898798827201365,0.3895343161183247,0.11666333900183824,0.34211561148250097,0.7372147001934236,0.11459867284792292,0.6469078415521423,0.4875749101078707,0.4318118821029289,0.529004892815657,0.43117236685383703,0.6378094523630907,0.24367297017593373,0.28037212696096325
4,0.9041835357624832,0.23377800803004795,0.3681385150461213,0.6332280884057392,0.375068561455996,0.3237809991613753,0.4020170547720564,0.4808822013810161,0.43594880356149135,0.3898334045279795,0.3954312424607962,0.20763501679173432,0.21722657236675927,0.36376498329730794,0.3685353335965259,0.609856962148487,0.12040102146978152,0.6037293761593283,0.0766831672943331,0.335273299252851,0.4438297872340426,0.11029906372147988,0.15747776879547293,0.4512784658409909,0.44775016169269144,0.2880777218487099,0.5331801939765187,0.34898724681170284,0.4503716248000752,0.13726742064939806
1,0.19820062977957728,0.3176402020463671,0.20822622107969152,0.1889612725310739,0.3056095736724008,0.1681562237929795,0.07133486388979995,0.2083891579923735,0.9329623446484883,0.39307988039299446,0.11949638118214716,0.2690533961081741,0.41610886587522095,0.1385930438200039,0.03286616660086859,0.19879342220492363,0.33717960843658373,0.26813433564385436,0.12173745412986153,0.17443963822257175,0.5556286266924565,0.052140714480501775,0.444624090541633,0.4220335597283261,0.0498937448027349,0.5277552888169241,0.0844818785094436,0.19812453113278317,0.11506256468153166,0.33454943451295155
2,0.32640575798470545,0.7586452532055434,0.2871616512929079,0.2859997602014308,0.2870605833956619,0.3946088414999401,0.25795342735323057,0.26393898794187365,0.777295492487479,0.6964545066211021,0.2899577804583836,0.32405636880754585,0.31289467037130586,0.26726272352132047,0.14853928148440587,0.4296000778437287,0.15832781613543934,0.4449380064434248,0.02204520575295875,0.6062917813605977,0.4712185686653772,0.07681119898191074,0.6399757477768796,0.3277067518977228,0.2613877852721057,0.6824597838713083,0.1374851114514208,0.48987246811702917,0.2458839025308119,0.1603733430621428
1,0.31354026090868203,0.09707291801580108,0.24890367458037202,0.18440509971623836,0.3699825479930192,0.38226907871091415,0.20801902263037064,0.24013191796351643,0.10647375255054721,0.11883810337462623,0.5563932448733414,0.520162132630598,0.38058853245769125,0.2512084888976223,0.25562574022897755,0.46472706042619444,0.22718244585264352,0.9046177877574928,0.060820533298450226,0.32426268187180496,0.5454545454545454,0.09073720570857195,0.12012934518997574,0.33825409508589704,0.21214081123533213,0.454891055651378,0.2196698996086439,0.3747186796699174,0.10861793207263148,0.15575215857959385
3,0.417948717948718,0.11015412511332728,0.19854831392711325,0.1563087006914192,0.14724507604088755,0.13324547741703607,0.13176451295506725,0.1940636916417603,0.3863476163976999,0.13302007689021786,0.4016133896260555,0.21429145308759018,0.16680348572871936,0.06596580860679897,0.22789182787208848,0.3811423567188868,0.37387685614300575,0.5127404080835692,0.029990292398466057,0.16366496264254818,0.3785299806576402,0.0951731660758113,0.1463621665319321,0.26604075109868164,0.1409036311558717,0.3974444718223098,0.24663944189212184,0.23555888972243058,0.2188823031329382,0.2831691596740849
1,0.3597390913180388,0.159953373915296,0.47194919098744903,0.5404859917669158,0.48967838444278233,0.46047681801844975,0.311331584125943,0.4546532000412244,0.5154145798553145,0.24686031610422896,0.4026311821471653,0.5358491475583693,0.4077418540035362,0.3908724700334054,0.3814646664034742,0.48764230806655634,0.3463539203631893,0.3461876403397442,0.06113035036868231,0.2716083366103028,0.545899419729207,0.09139169166439415,0.26869442198868226,0.2531362365161806,0.3594197542271089,0.2520856066739413,0.28181895524927686,0.4256189047261815,0.19973656976197196,0.3440958287729539
4,0.5673414304993254,0.2778785131459656,0.4831392711326176,0.7453339195076136,0.45664422837197705,0.38500059901761113,0.46564447359790095,0.46027001958157265,0.5340753107030236,0.20649295173002988,0.2559559710494572,0.3239840599039095,0.6359560495074513,0.5409314207113383,0.46950256612712205,0.3030553663520482,0.25688073394495414,0.4789124279996095,0.06210111052207619,0.27306331104994097,0.6631721470019343,0.04734115080447232,0.2036378334680679,0.34776268477826616,0.3126674674304721,0.3148650075680242,0.5370086778968862,0.4652663165791447,0.20124188540784646,0.37240058372856627
4,0.022537112010796435,1.0,1.0,1.0,1.0,0.2550137774050557,1.0,1.0,0.7560007419773698,0.7717214865442119,0.6602834740651388,0.34984654443783847,0.8210090932053548,1.0,1.0,0.3133210080762868,1.0,0.6991604022259102,0.1104876520685453,0.8114038537160834,0.7355125725338492,0.19885464957731117,0.23152789005658853,0.5563523771474231,1.0,0.5026576085043472,0.8252509783903352,0.942760690172543,0.791796029729984,0.44822449227775757
2,0.5652271704903286,0.1786685662478954,0.1947678814456374,0.15171256144838335,0.24412864622288702,0.3830118605487002,0.24803214168579862,0.17633721529423887,0.5766648117232424,0.6286202477573687,0.44579312424607964,0.464126749473752,0.20620737559989896,0.13332678325800748,0.17094354520331623,0.2629171937335798,0.12200889057032063,0.2146343844576784,0.04074438714741096,0.37011403853716085,0.3323404255319149,0.05721298063812381,0.3779708973322554,0.22994406711945667,0.25796913979488123,0.5213136682037381,0.1394418921218309,0.3747936984246061,0.23337096622448017,0.0688009242368965
1,0.537471884840306,0.20023313042352028,0.3975124754271889,0.3176531713360776,0.4165295437546746,0.30238409009224876,0.41484913086257785,0.4905699268267546,0.3849564088295307,0.5084152071764203,0.42524879372738245,0.49906400141404084,0.3017807527153321,0.28209864413440755,0.4864784840110541,0.38133696604067335,0.5504587155963303,0.41230596504930195,0.09192616714975178,0.5405033425088478,0.6954932301740814,0.12734296882101628,0.33951091350040413,0.3601777866560128,0.43744802734916377,0.3750748002393607,0.2947507231580739,0.5612153038259564,0.14862639947313952,0.2900401313389274
1,0.13940620782726063,0.12893407589690456,0.3403901406320883,0.4266815874665281,0.5539267015706806,0.14922726728165808,0.2636930141029846,0.33680305060290633,0.5562233351882767,0.2506621102093123,0.5604644149577805,0.3589655006186429,0.411214953271028,0.23244252308901556,0.36054086063955787,0.5378515130874769,0.3762413695261515,0.5459826222786293,0.08900700186578725,0.321431380259536,0.5616634429400387,0.10137260249068267,0.5827405012126112,0.21765880942868557,0.29723736487110775,0.33056425780562493,0.38114684362770124,0.44666166541635405,0.16205663750117602,0.5175422595159919
1,0.49226270805218186,0.26984846522471184,0.07318917284137305,0.05035769953239279,0.0,0.34606445429495625,0.06649721220072156,0.030299907245181914,0.4406232609905398,0.02614267407090986,0.0,0.2735325309723137,0.17902248042434957,0.01935547258793475,0.0,0.3810937043884402,0.02913080488035564,0.4350288001562042,0.016082948356936803,0.008336610302791996,0.3011992263056093,0.03083356058540133,0.9359741309620049,0.06801837794646425,0.03280051741661274,0.45038544123341184,0.0,0.18124531132783192,0.00940822278671559,0.3374680773440351
1,0.5877642825011247,0.48037818935371074,0.3740359897172237,0.2820031173813996,0.18464223385689355,0.15394752605726608,0.40595277140045916,0.4697516232093167,0.621331849378594,0.25519008970525414,0.39286791314837155,0.5091591277939358,0.29511871684768876,0.15592454313224605,0.4306158705092776,0.25644643378417825,0.3445568901919985,0.3667382602753099,0.07811521064118364,0.3937868659064097,0.4731141199226305,0.08704663212435233,0.39951495553759087,0.2619256891729924,0.39342141735193564,0.301664965327889,0.3437978560490046,0.47621905476369086,0.2599962367108853,0.17332482062507604
1,0.8001349527665317,0.2967232223805207,0.5861182519280206,0.5042164581751328,0.41321366242832214,0.5467593147238529,0.4609708101016726,0.7753272183860662,0.9660174364681876,0.5146518581802648,0.5112334137515079,0.4814447318946539,0.6409446830007577,0.3494006681076833,0.6778523489932887,1.0,0.6295280431287241,0.5719515766865176,0.12070473056242124,0.5378686590640975,0.43172147001934236,0.13967821107172076,0.37093775262732415,0.27648821414302843,0.6427053497181927,0.19043260938435,0.5934150076569679,0.7006001500375093,0.7391099821243767,0.13091329198589324
1,0.4809266756635179,0.1103807796917498,0.3714274913050053,0.4504016626034131,0.28431812515582144,0.2763627650652929,0.34248934076746473,0.4110069050809028,0.22886291968094974,0.26659547202050404,0.40847406513872137,0.2536676682788874,0.4152090174286435,0.30236785223030066,0.4300236873272799,0.510995426680938,0.34030076610233617,0.6393146539099872,0.12767905705453467,0.30405033425088474,0.5210831721470018,0.10763566948459231,0.45683104284559417,0.2763683579704355,0.3687517324216945,0.554894575662642,0.3293346945720606,0.46252813203300824,0.0944820773355913,0.20413778426365076
1,0.648178137651822,0.21078875793291024,0.5195070316044156,0.3111985931817274,0.2701072051857392,0.2764825685875165,0.4142751721876025,0.5634339894877873,0.3411055462808384,0.5113199487398548,0.6491254523522316,0.48236466183536064,0.49434832028289966,0.19403615641579877,0.42651993683379397,0.4934805877201518,0.5264352596235694,0.35929415210387583,0.09586428635359079,0.3579630357845065,0.5215667311411992,0.1078901918007454,0.48078011317704117,0.30986815821014785,0.45842187933105416,0.33860748354394726,0.5296920197379617,0.5670667666916729,0.2879151378304638,0.2550620211601605
1,0.4802069275753487,0.1576220696800933,0.4110842280356873,0.3473482274889093,0.35866367489404133,0.4261411285491794,0.3575762545096753,0.4354323405132433,0.25713225746614726,0.2902178556172576,0.4857509047044632,0.4668905564571851,0.44370421823692846,0.16840243662802123,0.37751677852348997,0.4040576043592488,0.38863141965383524,0.43868983696182756,0.0937988392187102,0.3122296500196618,0.35404255319148936,0.10802654304154169,0.13589329021826999,0.2070315621254495,0.34879423450060054,0.3332394663662923,0.4304917474902161,0.49399849962490616,0.28281117696867064,0.22330657910738178
4,0.29388214125056233,0.3164745499287658,0.6329200060486919,0.7666759921665801,0.7342308651209174,0.30597819575895535,0.4369465398491309,0.5998144903638051,0.5942125765164162,0.39718069201196066,0.6894601930036189,0.14168126235277104,0.16310937105329626,0.4109648260955001,0.5186537702329255,0.2917193733579838,0.4366783315993569,0.5433954896026554,0.08820836230696676,0.43122296500196616,0.6032882011605415,0.15625852195254977,0.20064672594987873,0.4392329204954055,0.474267763097108,0.07001302404167693,0.31589246214054795,0.5581395348837209,0.3197384514065293,0.4055393408731607
1,0.6889788573999102,0.24828390104908696,0.15673673068199,0.2155789137124815,0.25380204437796056,0.6783515035342039,0.1409478517546737,0.16922601257343092,0.44047486551660175,0.515420760358821,0.09914053075995174,0.5410875259106905,0.36896943672644605,0.12063273727647869,0.06741018555073042,0.34051766079595214,0.23077650619502504,0.27770184516255003,0.06562614029893904,0.029650019661816747,0.3502127659574468,0.0,0.289733225545675,0.2509788254095086,0.2227663309618405,0.5860114752367207,0.24714990641483753,0.3600900225056264,0.317762724621319,0.23312659613279826
1,0.1693657219973011,0.4393213314337522,0.446393467412672,0.48223492266496143,0.5033657442034405,0.4020126991733557,0.36782551656280743,0.6294960321550036,0.5905768874049341,0.4274241777018368,0.4905006031363089,0.6821541625825527,0.39037635766607726,0.21401061112202788,0.43910382945124365,0.29230320132334336,0.31788517923011445,0.4814995606755833,0.09286250318423099,0.6709398348407393,0.8177176015473888,0.08613762385237705,0.37817299919159253,0.25667199360767085,0.5014321352674859,0.21556548980956736,0.23472860302875617,0.6315828957239309,0.10941763100950229,0.11732336130366049
1,0.47507872244714355,0.10244786944696284,0.13745652502646302,0.24219655489388914,0.30775367738718523,0.3603450341440039,0.13947195801902262,0.10749252808409773,0.4806158412168429,0.19188381033746263,0.22708082026537998,0.4746155576623335,0.1848320282899722,0.14104932206720375,0.09800631662060798,0.23849372384937237,0.22897947602383428,0.2961534706628917,0.040634229966884,0.20023594180102242,0.48974854932301737,0.046868466503045186,0.2467259498787389,0.4277067518977228,0.060149681234408184,0.4982927945369425,0.16598604730304575,0.2933233308327081,0.2352526107818233,0.34975069925817837
1,0.5466036887089519,0.3241160471441524,0.1999848782700741,0.16683985452220135,0.23340812764896535,0.376230981190847,0.2578714332568055,0.2923837988251056,0.36865145613058803,0.22246903032891926,0.385102533172497,0.353084376456221,0.0327734276332407,0.22114364315189627,0.2740327674694039,0.3247299795660212,0.23668778965288942,0.41726056819291224,0.1004771182881574,0.1529296106960283,0.5839845261121857,0.0855558585583129,0.23154810024252223,0.45349580503395936,0.28647325140903623,0.29619134781231293,0.23889739663093415,0.38068267066766687,0.13265594129268982,0.27687583606956107
1,0.8279352226720648,0.13288434140655356,0.4790564040526237,0.2959913672515087,0.4622787334829219,0.10729603450341442,0.41161036405378815,0.48273729774296614,0.4977555184566871,0.4579239641178983,0.5942400482509047,0.26906143043080033,0.3523301338721899,0.20438200039300453,0.40781681800236874,0.4490610100223801,0.3796462687978814,0.5875231865664355,0.10262518330843322,0.42815572158867476,0.6530754352030947,0.09179165530406326,0.25088924818108327,0.5039153016380343,0.4614247436015892,0.20658946108627543,0.4053939084566956,0.45821455363840957,0.07719446796500139,0.40073574121366906
1,0.4923076923076924,0.36128739800543974,0.12868592166943899,0.14092162583429918,0.27673896783844426,0.23155624775368397,0.20080354214496557,0.1781923116561888,0.49534409200519375,0.3776164032464759,0.45250301568154405,0.3153110086288625,0.3104003536246527,0.1874042051483592,0.16127121989735496,0.0,0.22046722784450962,0.027384555306062673,0.20804560507273817,0.2604011010617381,0.6460348162475822,0.09100990819016454,0.8905820533548909,1.0,0.18146539776402104,1.0,0.24459758380125915,0.32438109527381837,0.2313952394392699,0.25632372613401433
1,0.27630679262258223,0.01310277166170185,0.15484651444125205,0.2763011070700611,0.1635003739715781,0.43227506888702527,0.07425959330928175,0.09182726991652067,0.265578556854016,0.1160469884664673,0.1983313480096502,0.3736000192823743,0.17749643217984337,0.10324818235409707,0.06859455191472566,0.35978398365281694,0.1800813392603802,0.4728595138143122,0.039004867570414534,0.20175642941407784,0.3983752417794971,0.044450504499590954,0.3017918350848827,0.16817219336795847,0.09439804120853733,0.30732162342919495,0.06324059894503999,0.22548162040510122,0.23824771850597423,0.2924936154688071
1,0.5919478182636079,0.30190389845874893,0.2295478602752155,0.5712401582670557,0.3026178010471204,0.3076554450700851,0.2879632666448016,0.38297433783365975,0.6783528102392877,0.30286202477573687,0.17272316043425817,0.40858949431973396,0.41910836069714574,0.2470819414423266,0.374259771022503,0.3036391943174078,0.4333680128629528,0.23738162647661815,0.09184354926435657,0.33102634683444754,0.3997292069632495,1.0,0.3404203718674212,0.21218537754694372,0.40506329113924044,0.3582315463409482,0.25676365492598263,0.3966241560390097,0.4495248847492708,0.27815274230816006
1,0.7359424201529465,0.25702629193109705,0.3397096627854227,0.2750889253027457,0.3703315881326352,0.34788546783275426,0.311331584125943,0.4192517778006802,0.3806343906510851,0.28167449807774453,0.3633896260554886,0.39351308791155826,0.16550896691083605,0.10377284338769895,0.4691077773391236,0.3968570594531478,0.40858791260758537,0.5612613492140974,0.17447520430714578,0.30578057412504916,0.5952417794970987,0.11702572493409692,0.3701293451899757,0.27746703955253704,0.42197172687794504,0.7141398852476327,0.3304407010379446,0.4872468117029256,0.22429203123529964,0.2505168430013377
1,0.41349527665317143,0.21946639036394253,0.41305005292605473,0.22361216578074417,0.2575916230366492,0.23977476937821976,0.22917349950803542,0.5212820777079253,0.5224633648673714,0.3367791542076036,0.37884499396863697,0.40117783169700966,0.22868779994948218,0.1968952642955394,0.2647058823529412,0.4388926729590347,0.3891989028657902,0.3524358098213414,0.07332337328826069,0.12394809280377507,0.44096711798839455,0.06104899554585947,0.18670169765561845,0.43679584498601687,0.2778342418922664,0.2743496779189693,0.255147183937383,0.48297074268567136,0.3427415561200489,0.0994770764927642
1,0.45389113810166454,0.2553749514311618,0.39316497807349166,0.2844011030734183,0.3176514584891548,0.343392835749371,0.3413004263693014,0.43326806142430174,0.4641068447412354,0.6737291755659974,0.26828256936067557,0.5214476242507994,0.28247347815104823,0.15936333267832584,0.30497433872878016,0.22365476306315074,0.43473943062517734,0.2993263692277653,0.09705536086803858,0.2849390483680692,0.5325338491295938,0.07944732297063904,0.39274454324979785,0.2723531761885738,0.3326249653515661,0.3687387799640958,0.3291220010209291,0.3703300825206301,0.23755762536456862,0.22399063602091696
1,0.5865047233468287,0.003237922548892631,0.2299259035233631,0.17281483553814794,0.206382448267265,0.23958308374266205,0.14603148573302724,0.11800474080181388,0.45108514190317195,0.26142674070909866,0.1846351025331725,0.5032257805344432,0.13800833543824195,0.05079583415209274,0.06898934070272407,0.3893159482339204,0.14820769885557553,0.2514888216342868,0.0430163789957796,0.2402674007078254,0.5208510638297872,0.06652122534315064,0.21822958771220696,0.26070715141829803,0.056731035757183745,0.3783308106585941,0.08252509783903351,0.264291072768192,0.05696678897356288,0.4218959017390247
1,0.720782726045884,0.2704960497344904,0.25911084228035686,0.22389193077814634,0.187434554973822,0.40182101353779803,0.21146277468022304,0.22426053797794498,0.6681877202745317,0.3279794959419052,0.18282569360675516,0.3010862404190703,0.28353119474614796,0.09408528198074277,0.28474141334386105,0.28991923713145856,0.10252530029319966,0.568876305769794,0.09505187714720442,0.22791977978765238,0.36177949709864604,0.06966639396418509,0.5971301535974132,0.2561725928885338,0.2553820567310357,0.5489457566264211,0.21643695763144463,0.30487621905476364,0.2583027566092765,0.14915480968016542
3,0.5862348178137653,0.09610154125113328,0.2635717526084984,0.21937572439151112,0.2943405634505111,0.12399664550137775,0.21695637914070187,0.3667937751210966,0.42997588573548506,0.19034600598035029,0.28015681544028953,0.5663193161184581,0.2747537256883051,0.14712124189428177,0.26194236083695227,0.4381628880023353,0.34966423909959327,0.3296885678024016,0.0811307634581093,0.23240267400707826,0.4031721470019342,0.08833742387055724,0.09971705739692806,0.029524570515381574,0.2501154947796359,0.09588510683234186,0.24519312574442745,0.3399099774943735,0.21055602596669487,0.3844399854067859
1,0.12950967161493485,0.20670897552130557,0.33275366701950704,0.6315494984213261,0.6672650211917227,0.15588834311728764,0.31116759593309284,0.5623003194888179,0.3132999443516973,0.34686031610422896,0.6715168878166466,0.29719361110664766,0.22922455165445815,0.29624680683827864,0.37751677852348997,0.24788362362557165,0.3977111510451149,0.42028702528556083,0.08862145173394287,0.3792371215100275,0.5630947775628626,0.1011726206708481,0.3501616814874697,0.3254494606472234,0.38381225168622374,0.12101798725755919,0.2618683001531394,0.5651162790697674,0.2790008467400508,0.21607077708865383
4,0.7408457040035988,0.1567802098173812,0.6378345682746106,0.7613204907877383,0.6745450012465718,0.26450221636516114,0.46826828468350273,0.6136246521694321,0.6578000370988685,0.3512174284493806,0.6510102533172497,0.03616248614079347,0.293792624400101,0.6113971310670072,0.32747729964469013,0.7700204339787875,0.25073299914877517,0.7028214390315336,0.06959179879790976,0.4319307904050334,0.7819342359767891,0.11929824561403511,0.09126919967663702,0.49135037954454663,0.43435276725492006,0.09732831145059663,0.3451590947762464,0.628582145536384,0.5731959732806472,0.1304876565730269
1,0.5490103463787674,0.005051159176272506,0.18270830182972933,0.0822309260221414,0.21812515582149092,0.2566550856595184,0.18301082322072812,0.18298464392455943,0.11088851790020406,0.09333618111917981,0.17547496984318456,0.4269800588112416,0.29221394291487746,0.0890449990174887,0.2286814054480853,0.249537802860757,0.1881679750307387,0.6993556575222103,0.04935041687608005,0.14034604797483288,0.4457253384912959,0.07638396509408237,0.6800727566693613,0.3823511785856972,0.16913055529890048,0.5174240557569784,0.18483069593329932,0.28518379594898724,0.0637642299369649,0.31221877660221337
1,0.38679712100764735,0.20211112550187801,0.4004612127627401,0.14150113904320372,0.2912989279481426,0.29819096681442436,0.3197769760577238,0.4126558796248583,0.3299944351697273,0.27116616830414353,0.5857961399276237,0.6647558369353881,0.3686694872442536,0.20178817056396145,0.3706573233320174,0.4509584509097986,0.3713704719568713,0.7638875329493312,0.11764098397901505,0.22933543059378686,0.5696711798839458,0.08687392055267704,0.1622271624898949,0.14169996004794244,0.33313314238196434,0.5863458763068041,0.274885145482389,0.49831207801950483,0.013359676357136127,0.4565243828286515
1,0.3787674313990104,0.15639165911151406,0.29895660063511265,0.29543183725670435,0.2350536025928696,0.35387564394393195,0.16808789767136767,0.4057507987220448,0.4004822852902986,0.26809055958991884,0.4372738238841979,0.3340550833159257,0.04316115180601162,0.21039496954214976,0.26125148045795504,0.3562323635302131,0.38967180554241937,0.5456897393341794,0.10853236211419168,0.25859221392056625,0.638375241779497,0.08575584037814746,0.18888439773645918,0.12964442668797443,0.27524715882842093,0.24217677496567985,0.3027905393908457,0.3210052513128282,0.4618026154859347,0.15757631034902106
1,0.5717498875393613,0.1294521435047274,0.25079389082111,0.3053035450221814,0.5005734230865121,0.1835629567509285,0.2618891439816333,0.39132227146243426,0.5394917455017623,0.2501495087569415,0.1747587454764777,0.3557919431812704,0.2480108613286183,0.24099037138927099,0.33339913146466643,0.09764522720638316,0.365932091175636,1.0,0.07103761179232616,0.2942980731419583,0.602127659574468,0.10255431324425053,0.6016976556184317,0.24021174590491415,0.28393236625704515,0.4450350241120771,0.24383188701718567,0.49392348087021753,0.04600620942703923,0.4377356196035511
1,0.6672064777327936,0.281634503302681,0.2709057916225616,0.4339954438271852,0.3934181002243829,0.4217323589313526,0.24393243686454577,0.2834174997423477,0.5194212576516416,0.21375480563861599,0.22594993968636914,0.25748798868767375,0.3157047234150038,0.4871880526626057,0.23006316620607978,0.3918945217475917,0.3257353636621583,0.21102216147613004,0.076586779761372,0.29359024773889103,0.5652611218568666,0.09355513135169531,0.2926030719482619,0.1853375948861367,0.3147925713757738,0.25748882396423667,0.2839884294708185,0.4465116279069767,0.0554614733276884,0.06971300012161015
1,0.6843904633378319,0.08308509260458491,0.2863299561469832,0.19867311458374962,0.381650461231613,0.2251587396669462,0.20703509347326993,0.3379367206018757,0.4638842515303283,0.17112345151644598,0.5099517490952956,0.45862323847476416,0.42441273048749684,0.290941245824327,0.24575602052901702,0.15198988031526708,0.25716447555093164,0.4162842917114126,0.07490688275833579,0.2777034998033818,0.48936170212765956,0.0630851740750841,0.4692805173807599,0.27053535757091496,0.21851612307123716,0.562990601569925,0.19959162838182748,0.31642910727681917,0.3061906105936589,0.46692204791438646
1,0.5461988304093568,0.15338039114104393,0.35486919703614095,0.24069781383637745,0.4921216654200947,0.6113693542590153,0.3364217776320105,0.397815108729259,0.2485809682804674,0.28534814181973517,1.0,0.707876046470522,0.41291992927506943,0.16201611318530165,0.39449269640742207,0.33037364989783014,0.4077366877896529,0.3636629893585863,0.09250449234751836,0.34809280377506885,0.503384912959381,0.11034451413507863,0.26303556992724336,0.15099880143827407,0.3714312113092488,0.6674997359991551,0.2578271226816403,0.4597524381095273,0.6526719352714272,0.37144290404961694
1,0.4053081421502475,0.31900012951690204,0.21268713140783307,0.27704728028456094,0.32375966093243574,0.2406373547382293,0.27099048868481473,0.280222611563434,0.0024485253199777544,0.39444681759931655,0.5551115802171291,0.25992640560474345,0.2688178833038646,0.09292591864806445,0.36547572048953814,0.3883429016249878,0.32043885368391184,0.5075661427316216,0.06358823245919021,0.3594180102241447,0.4467698259187621,0.08742841559858196,0.5978172999191592,0.1017578905313624,0.28707382426314326,0.21528388890844447,0.16981453122341333,0.4202550637659414,0.11943738827735441,0.18122947829259398
1,0.7753711201079622,0.14939774640590597,0.29842734008770605,0.5483593781223771,0.49473946646721506,0.878591110578651,0.3061659560511643,0.3875605482840359,0.4518456687071044,0.2915420760358821,0.30379221954161645,0.4527139941831504,0.33056011619095726,0.1453134211043427,0.4170943545203317,0.4142259414225941,0.42126170434124655,0.39136483452113635,1.0,0.3022414471097129,0.5982591876208897,0.11148077447504773,0.39478577202910264,0.19958050339592492,0.3686593365979857,0.40119328381850816,0.27020588735749534,0.3897599399849962,0.225703264653307,0.19448498115043178
1,0.7041520467836258,0.08273973578552002,0.2897830031755633,0.433342792054674,0.3313238593866866,0.15933868455732597,0.32882363069858966,0.37734030712150884,0.4323750695603784,0.291157624946604,0.4361934559710495,0.4641789725708225,0.25286278100530435,0.16775987423855376,0.38932757599684176,0.46892721611365185,0.3929821242788234,0.566500683393537,0.07515015112188203,0.3371081399921353,0.47034158607350096,0.11566826652122536,0.1698464025869038,0.047528965241709936,0.3357356555483692,0.11335597873913195,0.3453011740684023,0.4464613653413353,0.23007808824912973,0.17785479751915365
1,0.2944219523166892,0.1578811034840047,0.41713292000604874,0.31845249990008395,0.4801296434804288,0.24451898885827245,0.27746802230239426,0.3716376378439658,0.0,0.2653566851772747,0.7935765983112184,0.28292867128372406,0.3803990906794644,0.22454313224602082,0.37297670746150813,0.2949790794979079,0.2527191903906176,0.3486771453675681,0.11873567096050175,0.3758552890287063,0.40286266924564795,0.09773656940278157,0.7481002425222313,0.5171594087095487,0.33179340293818715,0.5917490935970994,0.2787987068232092,0.4952738184546136,0.3293348386489792,0.4723032956341969
1,0.7617633828160145,0.040020722704312915,0.29971268713140786,0.1972343231685384,0.2855646970830217,0.4096561638912184,0.21835027877992785,0.23951355250953316,0.36753849007605266,0.1300299017513883,0.44933655006031364,0.20692799640062348,0.25681990401616567,0.09060719198270781,0.20351362021318598,0.6077649119392818,0.1655159368202024,0.4460607243971492,0.05867246827817442,0.23460479748328747,0.3553965183752418,0.09453686028542861,0.15440582053354893,0.0270275669196964,0.18386768918044902,0.4660142912457319,0.3066190233112132,0.2882970742685671,0.1870354689999059,0.8122035753374681
1,0.23432298695456602,0.16293226266027716,0.3694238620898231,0.24851125054953838,0.4039391672899526,0.09502815382772253,0.367169563791407,0.47315263320622486,0.5791875347801893,0.41828278513455786,0.6822225572979495,0.2699130686291839,0.3249557969184137,0.24674788760070743,0.3926174496644296,0.30480685024812687,0.33717960843658373,0.46251098311041683,0.07012881505297872,0.28729846637829337,0.4621663442940039,0.09420961730751751,0.27954729183508487,0.22113463843387937,0.3770673565554836,0.24689359005948816,0.32048664284498896,0.4186796699174793,0.35374917678050616,0.39526328590538734
1,0.4887539361223573,0.07142857142857144,0.21397247845153486,0.16340274169697452,0.2581899775617053,0.17587157062417635,0.21293866841587406,0.3831804596516541,0.21515488777592284,0.30768902178556173,0.4972104945717733,0.43745681551588383,0.23500252589037635,0.13596973865199452,0.2978187919463088,0.4163909701274691,0.20580724486900598,0.8148491652836083,0.1994120360489373,0.30078647267007474,0.6416441005802709,0.06993909644577766,0.19173403395311236,0.31719936076707955,0.22470664325972461,0.2499735999155197,0.21371448017696107,0.3828957239309827,0.19587919841941856,0.06462057643195913
1,0.9845254161043635,0.17840953244398394,0.31392711326175715,0.29359338155949005,0.25709299426576915,0.41876123158020845,0.418497868153493,0.4245078841595383,0.4192543127434613,0.3072191371208885,0.47127563329312433,0.22090370060900166,0.39397575145238695,0.05712320691687953,0.41077773391235695,0.37929356816191495,0.4523787004634446,0.3726447329883823,0.0555054493380242,0.3561148250098309,0.5354738878143134,0.089191891646214,0.325141471301536,0.04280862964442668,0.4131017278019033,0.37576120243584776,0.3249957461289774,0.5128282070517629,0.16967729795841566,0.40991730511978597
1,0.7512820512820513,0.28739800543970995,0.5982156358687435,0.554214459853723,0.4728496634255796,0.44923924763388046,0.5866677599212857,0.54148201587138,0.4681135225375626,0.41623237932507473,0.8270506634499398,0.3899337971815596,0.5078302601667087,0.2450186677146787,0.5956375838926175,0.39087282280821245,0.6228128251205901,0.5442253246119301,0.15737330203033453,0.4788832088084939,0.537137330754352,0.17002090719025545,0.302303961196443,0.1524770275669197,0.6032523329945485,0.42282375303600966,0.5105496001361239,0.7075018754688672,0.3090130774296735,0.36945153836799227
2,0.8376968061178588,0.290441652635669,0.23536972629668834,0.16222373206506532,0.2120169533782099,0.5037738109500419,0.3721712036733355,0.20323611254251264,0.5616026711185308,0.8973942759504485,0.28596200241254527,0.41645911333215496,0.3877241727709017,0.2494399685596384,0.3429727595736281,0.19971781648340955,0.11113212900785018,0.30982134140388556,0.050383140443520345,0.3988989382618954,0.44402321083172147,0.05364966821198073,0.5748181083265966,0.12325209748302039,0.38270350180171847,0.604984335949875,0.29700527480006805,0.40232558139534874,0.20298240662338882,0.0
1,0.0,0.0420929931356042,0.16346590049901707,0.2318852164182087,0.28825729244577414,0.26632322990295915,0.2307313873401115,0.29001339791816966,0.4469300686329067,0.08287056813327637,0.14708986731001206,0.5433893593431137,0.4288961859055317,0.11021811750835132,0.1863403079352547,0.20078816775323538,0.20523976165705096,0.29917992775554036,0.10508995022272404,0.17892253244199763,0.43059961315280465,0.24748659212798838,0.4129345189975748,0.31841789852177393,0.18192737688256488,0.4281037699320637,0.18563893142759913,0.34606151537884466,0.3843259008373318,0.446582755685273
1,0.48681961313540273,0.31058153088978113,0.2711326175714502,0.265257183965469,0.2275741710296684,0.19645381574218282,0.2543456871105281,0.2725961042976399,0.3706918938972361,0.2821016659547202,0.4072677925211098,0.3708603152668199,0.25533594342005556,0.14075456867753977,0.30428345834978293,0.3448963705361487,0.265298401588953,0.3993458947573953,0.11914876038747788,0.22791977978765238,0.0,0.06770293609671847,0.7450687146321746,0.28266080703156216,0.22553820567310354,0.652750888802844,0.38216777267313257,0.3268567141785446,0.17348762818703548,0.22455308281649036
1,0.41713900134952775,0.4169149073954151,0.5159534250718282,0.3798409336157627,0.6146098229867863,0.28733676770097044,0.4068547064611348,0.6974131711841699,0.502763865702096,0.4551900897052542,0.4726326899879373,0.4468208185367891,0.5175865117453903,0.2603065435252505,0.5228977497039085,0.6430865038435342,0.26766291497209876,0.4752025773699111,0.11178199893973714,0.46920959496657494,0.6750483558994197,0.13364239614580495,0.31147938561034755,0.3711146624051139,0.5022636976808648,0.28973212714280683,0.47175429640973293,0.5837959489872467,0.23393545959168313,0.19785966192387208
1,0.41803868645973924,0.05051159176272504,0.33275366701950704,0.3993045841493145,0.4351034654699576,0.20848208937342755,0.3064119383404395,0.42151911779861906,0.5438694119829346,0.2874839812046134,0.3604493365500604,0.3105787926019958,0.4349267491790856,0.38331695814501865,0.33626135017765496,0.47674418604651164,0.31570982691762034,0.3753783071365811,0.195721770501284,0.23067243413291388,0.7018181818181819,0.08688301063539679,0.6071544058205336,0.559748302037555,0.35609350457359323,0.3095145904466894,0.29266632635698486,0.6029257314328582,0.18044971304920499,0.23054238112610972
1,0.5646873594242017,0.5262919310970082,0.3896113715409043,0.3366771911594261,0.24537521815008723,0.2494908350305499,0.35601836667759923,0.4579511491291353,0.38196994991652755,0.30764630499786416,0.573846501809409,0.47831134607041287,0.23997537256883048,0.13379838868146982,0.4574615080931702,0.5093169212805294,0.45625650241180365,0.5202333300790783,0.08756807369515376,0.3405426661423515,0.6189941972920696,0.11127170257249341,0.4666936135812449,0.2309628445864962,0.4313037050725307,0.434967791896934,0.4343202314105836,0.4567891972993248,0.2459309436447455,0.23844703879362764
1,0.08378317588843917,0.14865302421966067,0.6210872523816725,0.1907197953718876,0.5764397905759162,0.31387324787348747,0.37766480813381437,0.4128104709883541,0.2747171211278056,0.4133276377616403,0.69270205066345,0.3743994343836871,0.42578618337964136,0.35938298290430337,0.44502566127121995,0.36301936362751774,0.49583845644566343,0.3264912623254905,0.09893491776077991,0.49158474243020056,0.6916441005802709,0.07603854195073176,0.366895715440582,0.4286556132640832,0.39175829252517785,0.288183322186631,0.29458056831716867,0.6096399099774943,0.4003198795747483,0.3474553082816491
1,0.5575348627980208,0.27768423779303203,0.40420384091940115,0.3240078334199272,0.1663425579655946,0.08489277584760992,0.2915710068875041,0.41378954962382775,0.3190502689667965,0.42315249893208035,0.5979342581423402,0.4470859511834558,0.35144607224046476,0.07826685006877579,0.4098894591393605,0.41617203464045927,0.3695261515180176,0.5358781606951089,0.07339222152609004,0.308926464805348,0.47528046421663445,0.0994455049540951,0.6745351657235247,0.059868158210147855,0.30850965536357755,0.30750818402618885,0.30262038454994045,0.39542385596399093,0.14634490544736098,0.46458105314362164
1,0.5050157444894288,0.007900531019298017,0.27400574625737184,0.13612565445026178,0.14869109947643974,0.17094764586078828,0.19748278123975074,0.1862825930124704,0.35885735485067705,0.18556172575822297,0.23812575392038604,0.27464528465605065,0.14081838848193987,0.16006091570053055,0.21905842874062378,0.40914177289092146,0.22533812541378984,0.6450258713267596,0.06290663490467961,0.15839559575304757,0.5001740812379111,0.07266612126170348,0.14048100242522232,0.024740311626048752,0.16330961840524805,0.2537048118553979,0.1610515569167943,0.2536009002250562,0.17823878069432683,0.26097531314605377
1,0.5766531713900136,0.29089496179251395,0.4025404506275518,0.4529794972223332,0.3532286212914485,0.18387444590870972,0.3066579206297147,0.5459136349582603,0.49285846781673165,0.340367364374199,0.40764475271411343,0.34320617678723514,0.3508461732760798,0.14916486539595203,0.47364784840110546,0.42040478738931597,0.6170434124657146,0.5389534316118324,0.14412690107196707,0.3378686590640975,0.6935396518375241,0.13929642759749117,0.43654001616814875,0.16378345984818218,0.5330315069758846,0.598929916575733,0.42615279904713294,0.5822955738934733,0.3242543983441528,0.3125684056913535
4,0.7398110661268558,0.027069032508742392,0.3304854075306215,0.6552895567723113,0.27808526551982043,0.25839223673175993,0.25573958674975406,0.2790889415644646,0.4106473752550547,0.2512601452370782,0.3162696019300362,0.19434223000658812,0.2913930285425612,0.1801336215366477,0.28178049743387296,0.5490415490902014,0.15435543365175447,0.5517426535194767,0.05450026506571564,0.17058592213920568,0.39489361702127657,0.0746659394600491,0.16936135812449474,0.3432281262485018,0.1984662293264344,0.455771058467387,0.1596903181895525,0.3178544636159039,0.2538338507855866,0.3287425513802749
3,0.7809716599190284,0.05368475586063981,0.12989566006351128,0.10299348547220334,0.2101221640488656,0.5097639870612196,0.14316169235815024,0.08770483355663199,0.07156371730662216,0.05296881674498077,0.3155156815440289,0.6431515433933764,0.16007830260166708,0.10876400078600904,0.1695617844453218,0.40970127469105766,0.11264541757306346,0.3218295421263302,0.04842785048916673,0.038537160833661044,0.4256866537717601,0.0878829197345696,0.201535974130962,0.2164602477027567,0.13295759031691765,0.28674011756837614,0.18589416368895698,0.19872468117029254,0.058754351303038854,0.1509181563906117
1,0.7577597840755738,0.07136381297759357,0.19045818841675488,0.117821030334519,0.118823236100723,0.3297232538636636,0.16562807477861596,0.1869524889209523,0.3656464477833426,0.13669372063220844,0.06513872135102532,0.2515064354924237,0.18843142207628188,0.1778345450972686,0.16857481247532574,0.11905225260289964,0.09240518301333585,0.6018744508444791,0.05799775554744676,0.4883208808493905,0.5823984526112186,0.04283246977547497,0.09688763136620857,0.2904714342788654,0.23394622563060147,0.2161638917244535,0.06967840735068914,0.37021755438859705,0.04379527707216107,0.30460294296485474
1,0.2932523616734144,0.21616370936407203,0.40911840314531983,0.17717117621198192,0.550486163051608,0.31216005750569065,0.32592653328960314,0.4018344841801505,0.24596549805230938,0.4626228107646305,0.8317249698431847,0.25075120916555527,0.29114043950492546,0.3888583218707015,0.4711804184761153,0.3776880412571762,0.36602667171096187,0.43571219369325387,0.09642884190379147,0.21659457333857646,0.7074661508704062,0.1175893100627216,0.4373080032336297,0.307590890930883,0.29326434445163074,0.2606568341018691,0.28637059724349156,0.43413353338334576,0.31512842224103865,0.14888118691475133
3,0.6965811965811967,0.14797306048439324,0.1325419628005444,0.05115702809639902,0.25130890052356014,0.19944890379777167,0.061495572318793074,0.055962073585489054,0.4449267297347431,0.0,0.0764475271411339,0.36642938633843786,0.15458449103308916,0.1833169581450187,0.0701737070667193,0.23061204631701857,0.11160503168447934,0.6607927365029777,0.03562207825290711,0.07809673613841919,0.45497098646034817,0.030869920916280335,0.20222312045270815,0.2342189372752697,0.0,0.38160442113414755,0.07903692360047643,0.17179294823705923,0.030529682942892086,0.2917426729903928
3,0.6842555105713001,0.1261494625048569,0.13027370331165883,0.16198393349586349,0.22837197706307652,0.29054750209656166,0.0729747458183011,0.19859837163763788,0.43568911148209977,0.09466040153780435,0.3759047044632087,0.5767639355325953,0.37484213185147763,0.06278247199842796,0.20588235294117652,0.25766274204534395,0.08985150855953844,0.6575710241140291,0.05027298326299338,0.10326386158081007,0.4565570599613153,0.06659394600490864,0.1990703314470493,0.07782660807031562,0.13545227755705438,0.4583758668027737,0.18512846690488344,0.30300075018754685,0.01923981559883337,0.314544570108233
1,0.35398110661268567,0.18482061909079137,0.3329804929683956,0.22816833859557972,0.40782847170281716,0.23426380735593627,0.23015742866513614,0.39760898691126456,0.45613058801706546,0.30072618539085866,0.7497738238841979,0.2511408738129288,0.47613033594342,0.3367262723521321,0.37830635609948676,0.34844799065875254,0.2805258677764116,0.6395099092062871,0.05810791272797373,0.3452615021627999,0.5306769825918762,0.0588128351968003,0.3767582861762328,0.6373351977626849,0.30185715605654617,0.45425745362385156,0.2154160285860133,0.4953488372093023,0.2776836955499106,0.08646479387085006
2,0.25416104363472797,0.41918145317964,0.3497656131861485,0.19423684105351502,0.20713039142358508,0.24418353899604647,0.2945227943588062,0.23054725342677523,0.5086625857911334,0.9730029901751388,0.24019903498190592,0.4119438240161973,0.20933316494064155,0.2020436235016703,0.22354915120410584,0.30208231974311567,0.10640310224155869,0.14922386019720787,0.03936742239082391,1.0,0.3938878143133462,0.08617398418325607,0.3754648342764753,0.16318417898521778,0.20631987434167973,0.8094265901650884,0.23030457716522038,0.26504126031507874,0.20039514535704206,0.15280311321901985
1,0.5933648223121908,0.1942429737080689,0.37195675185241195,0.250129890891651,0.4076290201944652,0.4152030669701689,0.3171941620203345,0.38426259919612493,0.42593210907067336,0.30239214011106363,0.3089188781664656,0.37535953593752514,0.3247821419550391,0.2611809785812537,0.43589617054875646,0.5463413447504135,0.4066017213657429,0.46539099873084055,0.15829586841724788,0.294494691309477,0.4066924564796905,0.11028088355604036,0.4110549717057397,0.29218937275269685,0.3758662108472697,0.487697560632194,0.38263569848562196,0.4917854463615903,0.30574372001128985,0.30686793141189345
1,0.25636527215474597,0.3404351767905712,0.4505519431422955,0.31173813996243155,0.5994016454749438,0.461363364082904,0.4067727123647097,0.4322374523343296,0.52409571508069,0.27859888936351984,0.5239746682750303,0.7291308469782913,0.53192093963122,0.3238553743368049,0.3760363205684959,0.4968375985209692,0.4241937009363473,0.26564483061603045,0.06971572562600259,0.3562721195438458,0.47949709864603485,0.08913735114989547,0.4870654810024252,0.28427886536156616,0.5361729649819829,0.22348551515364845,0.3344393397992173,0.4836459114778694,0.2948537021356666,1.0
1,0.5969410706252812,0.29390622976298414,0.408626946922728,0.34507014108149153,0.3771129394166043,0.356978555169522,0.49417841915382094,0.5283417499742348,0.5765906139862734,0.3598035027765912,0.49046290711700846,0.7069641508524416,0.4368211669613538,0.20203379838868143,0.48248124753257016,0.5231098569621485,0.4319493048330654,0.4637313287122913,0.09107933382445076,0.3481321274085725,0.5111411992263056,0.12161621670757204,0.2181285367825384,0.23963244107071516,0.470664325972466,0.3617691576613045,0.3880806533945891,0.5936234058514628,0.2604196067362875,0.3696491548096802
1,0.1070175438596492,0.09273410180028495,0.31090276727657645,0.24395507773470285,0.26571927200199447,0.38967293638432965,0.26885864217776323,0.2225085025249923,0.5439436097199035,0.23929944468175993,0.3737937273823884,0.3006162325454341,0.29603435210911844,0.17767734328944784,0.28957757599684175,0.3225162985306996,0.19190390617610895,0.17529044225324608,0.11012964123183265,0.10098309083759341,0.5886653771760155,0.10066357603854195,0.390501212611156,0.3080503395924891,0.27866580430564536,0.3143018057657784,0.3762974306619024,0.37936984246061506,0.334368237839872,0.45643317524018
1,0.6388214125056231,0.11080170962310582,0.1785876304249206,0.1845249990008393,0.21226626776364993,0.41055469030789504,0.1219662184322729,0.17958363392765128,0.3898534594694862,0.12225544639043143,0.19801718938480098,0.29066572397281193,0.31712553675170496,0.10642562389467479,0.20232925384919073,0.4182640848496643,0.1676439988650336,0.7312798984672458,0.06795321073757117,0.24030672434132913,0.5412572533849129,0.056758476502136175,0.3020412287793047,0.3935876947662805,0.1660814931165111,0.44915343729099927,0.1209375531733878,0.29711177794448607,0.2282199642487534,0.28345798370424424
3,0.09712100764732358,0.16345033026810002,0.08354755784061696,0.17277486910994763,0.431363749688357,0.48932550616988135,0.2194162020334536,0.31619086880346287,0.5077722129475051,0.16403246475865016,0.5544330518697226,0.42208715633184973,0.3454470825966153,0.052642955393987015,0.14962495065140155,0.6329668191106353,0.19568712758914217,0.0,0.06367085034458542,0.024459300039323627,0.5902127659574468,0.08231978911008091,0.1698059822150364,0.19376747902516983,0.2176845606578582,0.7153718891900452,0.4190913731495662,0.3947486871717929,0.22730266252704862,0.3396874619968382
4,0.7152496626180838,0.26641626732288565,0.48616361711779826,0.6399424483433915,0.5241087010720519,0.575320474421948,0.5517382748442112,0.7753272183860662,0.5867557039510295,0.5852199914566425,0.7573884197828711,0.3101810936319959,0.5674728466784542,0.5713303202986835,0.7143703118831425,0.4222535759462878,0.5165043034143573,0.5832763838719125,0.11701446501476793,0.5283523397561936,0.5796905222437138,0.09604581401690755,0.25828617623282135,0.258589692369157,0.6837290954448859,0.12274279277693687,0.6548409052237536,0.6526631657914478,0.4391287985699501,0.13097409704487414
1,0.45542060278902396,0.33195181971247256,0.521472856494783,0.39654690060349307,0.43854400398903015,0.2983586917455373,0.4505575598556904,0.7523446356796867,0.7679094787608978,0.6497223408799658,0.5025633293124246,0.5674039496730031,0.5710090932053549,0.39510709373157793,0.5619818397157521,0.4949401576335506,0.30142816608342005,0.34228253441374595,0.11570634849601025,0.6336610302791977,0.6128433268858802,0.15984001454413238,0.4169765561843169,0.34344786256492216,0.581539314422988,0.2891337252279207,0.5256933809766888,0.5995498874718678,0.27415561200489225,0.13310227410920591
1,0.5282950967161495,0.048390752493200365,0.31122410403750195,0.21379041605051755,0.39212166542009474,0.28913382053432374,0.20916693998032143,0.24126558796248587,0.39497310332034874,0.16014523707817171,0.4845634800965018,0.464102646505873,0.30245958575397824,0.17245431322460206,0.2229816423213581,0.5022501702831565,0.27338503735931147,0.319352240554525,0.07320977369584225,0.3146087298466378,0.47359767891682786,0.08722843377874741,0.32766774454324976,0.2203755493407911,0.20375589023376137,0.2933682987785561,0.1699208779989791,0.30808327081770437,0.18955216859535234,0.30878937127569017
3,0.5352226720647774,0.046431809351120325,0.22387721155300166,0.12173774029814956,0.3031662926950885,0.3492991493949922,0.17530337815677272,0.2723899824796455,0.06837321461695418,0.12456215292609994,0.21516887816646563,0.6143284109716709,0.3894607224046476,0.19950874435056,0.22581918673509677,0.43047581979176797,0.24269365364607962,0.05955286537147321,0.05505105096835046,0.10106173810460087,0.41059961315280463,0.1136987546586674,0.2209781729991916,0.28318018377946463,0.20216206227478514,0.28131930022176066,0.2840735068912711,0.2951987996999249,0.02079217235864145,0.4621488507843853
1,0.8297795771479983,0.36323015153477534,0.3433388779676395,0.2895168058830582,0.33273497880827724,0.2561399305139571,0.4120203345359134,0.501185200453468,0.3539974030792061,0.4013669372063221,0.7122285886610374,0.4586875130557744,0.3458575397827734,0.15847907250933385,0.47364784840110546,0.5300184878855697,0.3000094580535326,0.6234501610856193,0.1954876864926642,0.3863153755407,0.47551257253384915,0.11380783565130444,0.5435327405012126,0.4341590091889733,0.4385105793218146,0.5897426871765988,0.3085758039816233,0.4270817704426106,0.31959732806472857,0.40034050833029317
2,0.4922177237966712,0.179704701463541,0.17321941630122487,0.09152312057871387,0.03520319122413361,0.26296873128069964,0.11159396523450313,0.192517778006802,0.5195696531255797,0.48731311405382316,0.30051266586248493,0.4491507720984044,0.3901237686284415,0.14244448811161328,0.14676273193841297,0.2679770361000292,0.12408966234748889,0.3563409157473396,0.031711498344199875,0.5241840346047975,0.2491295938104449,0.026433960549040996,0.4516168148746968,0.16715940870954854,0.07456342973297604,0.6850997923193354,0.1202994725199932,0.2817704426106526,0.33968388371436636,0.10713851392435851
1,0.8084120557804769,0.08055951301644865,0.26636927264479054,0.2234123336397426,0.18214909000249313,0.5185336048879837,0.23597900951131517,0.23714315160259714,0.41354108699684655,0.335753951302862,0.5088962605548855,0.3396268860572365,0.22511997979287696,0.15368441737079977,0.3429727595736281,0.522769290649022,0.22443961032819446,0.5048813824074978,0.11519687153607303,0.23468344475029493,0.5280851063829787,0.09015544041450779,0.12085691188358932,0.2558729524570515,0.2575071606763374,0.30370657186102995,0.21056661562021442,0.38304576144036,0.34824536645027754,0.1620150796546273
1,0.17161493477282966,0.06935630099728016,0.27967639497958563,0.45617681147835815,0.2545499875342807,0.4940218042410447,0.26885864217776323,0.3339173451509843,0.7232053422370617,0.1897479709525844,0.20514173703256935,0.7982621760159401,0.43720005051780747,0.2061308705050108,0.2798065534938808,0.25941422594142255,0.2148869762602856,0.3255393927560285,0.06460718637906462,0.2347620920173024,0.5252611218568666,0.05908553767839288,0.16895715440582054,0.3171194566520176,0.3275431950475838,0.3032137702840649,0.08924621405478986,0.4202550637659414,0.29974597798475866,0.13450079046576674
1,0.3934772829509673,0.22115011008936666,0.3484046574928172,0.2145797530074737,0.15726751433557712,0.09831077033664791,0.29616267628730736,0.3250541069772236,0.2592839918382489,0.23759077317385732,0.2711097708082027,0.8132662735204796,0.22452008082849204,0.1718019257221458,0.34849980260560603,0.6546171061593851,0.5260569374822661,0.7842917114126721,0.12004378747925948,0.3005112072355486,0.4890522243713733,0.09826379420052722,0.1252223120452708,0.015840990811026755,0.24143028735101169,0.17578936252596006,0.28313765526629237,0.3669917479369842,0.40088437294195123,0.06624711175969844
1,0.6119883040935673,0.24472218624530503,0.40261605927718136,0.3117781063906318,0.43480428820742956,0.30884149994009824,0.44084125942932106,0.4723281459342471,0.4735299573363012,0.43126868859461776,0.440101025331725,0.48989282213616575,0.25244695630209646,0.17267636077814894,0.46644295302013433,0.42286173007687067,0.4676061666509032,0.4707117055550132,0.08669370107472099,0.3585922139205662,0.47330754352030946,0.12161621670757204,0.30608326596604685,0.09257890531362369,0.4070036034371246,0.5845154704495054,0.4561000510464523,0.5338709677419354,0.2169300969046947,0.4112246138878755
1,0.30085470085470095,0.5318611578811036,0.7868592166943899,0.715638863354782,0.6554475193218647,0.5253384449502815,0.7191702197441784,0.9687725445738431,0.44407345575959933,0.718752669799231,0.6482961399276237,0.5394485240949335,0.44569335690831013,0.3396541560227943,0.940485590209238,0.6296584606402647,0.8577508748699517,0.8167040905984574,0.12132436470288542,0.6334250884781752,0.5820502901353964,0.20661758021998003,0.3193613581244947,0.05207750699161009,0.8259262681326803,0.3206378260410433,1.0,0.8589647411852962,0.41810142064164074,0.18654992095342335
1,0.8205578047683312,0.27784613392047663,0.41059277181309545,0.25258782622597015,0.3402144103714784,0.3455612795016173,0.4044358806165956,0.4548077914047202,0.444629938786867,0.36723622383596755,0.6343863088057902,0.35027236353703023,0.36058663803990904,0.12526036549420316,0.49126529806553504,0.34363140994453634,0.5212333301806488,0.6691643073318364,0.11262883226503817,0.350137632717263,0.5703288201160542,0.15702208890100902,0.9306386418755053,0.37999400719137044,0.508546613693061,0.6477172726952726,0.4181980602348137,0.5359714928732182,0.2813293818797629,0.5750334427824395
1,0.34754835807467394,0.10827613003496957,0.21552245576893997,0.23092602214140123,0.4433807030665669,0.0,0.18723351918661857,0.3422137483252602,0.447968836950473,0.17390004271678766,0.2696773220747889,0.31337071971462094,0.3904710785551907,0.25451955197484766,0.2343564942755626,0.38980247153838665,0.18622907405655917,0.6015083471639168,0.0718844451176272,0.19071962249311836,0.6581818181818181,0.05814016907553859,0.46691592562651574,0.18204155013983223,0.24923773445440264,0.16498292794536942,0.283095116556066,0.29324831207801944,0.31251764041772506,0.19922777575094247
1,0.7336257309941522,0.2519427535293356,0.6746181763193709,0.3361776108069222,0.3693093991523311,0.37794417155864385,0.42050672351590684,0.5076265072657941,0.45366351326284543,0.4895771038017941,0.3719466224366707,0.5241953625889801,0.34456302096489005,0.30827274513656905,0.5253158310303988,0.47183030067140214,0.31466944102903627,0.6571805135214293,0.14871219371140196,0.3740070782540307,0.510560928433269,0.13949640941732572,0.25545675020210185,0.08486815821014783,0.4710339092673011,0.43942060614593964,0.5033605581078782,0.5807201800450111,0.20516981842130022,0.2654596862458957
2,0.5548807917228971,0.12770366532832536,0.10411311053984576,0.14252028296231165,0.20304163550236848,0.2569545944650773,0.16161036405378815,0.18921982891889105,0.3532183268410314,0.567876975651431,0.15266887816646563,0.4339337650442691,0.4129830765344784,0.1423855374336805,0.09415712593762338,0.2680256884304758,0.02771209685046817,0.2257639363467734,0.03957396710431196,0.4363350373574518,0.41752417794970986,0.056358512862467056,0.4903395311236863,0.18965241709948066,0.08260186639563889,0.6654933295786546,0.04083716181725371,0.29212303075768936,0.167184118919936,0.16654505654870488
1,0.4027890238416555,0.11811941458360319,0.23461363980039318,0.27560848886934974,0.36245325355272995,0.43486282496705403,0.1636602164644146,0.3002164279088942,0.45175292153589314,0.15155916275096112,0.3804282267792521,0.4007279096299391,0.1239896438494569,0.11503242287286303,0.2042045005921832,0.17724043981706722,0.28856521327910717,0.012886849555794203,0.05867246827817442,0.20739284309870232,0.44916827852998065,0.07532042541587129,0.22857720291026679,0.21791849780263683,0.1961563337337152,0.5409201309444189,0.21796835119959165,0.32078019504876215,0.17226455922476244,0.5340812355587986
1,0.668421052631579,0.15956482320942886,0.25627551791924996,0.2550257783461892,0.23298429319371725,0.3358092727926201,0.286528369957363,0.3235597237967639,0.39554813578185866,0.22656984194788551,0.3780910735826297,0.3391488438609741,0.197224677948977,0.1687266653566516,0.3040860639557837,0.33557944925561933,0.27962735269081623,0.4546275505223079,0.18467851315345585,0.15241840346047977,0.4532688588007737,0.10439050995364059,0.3901374292643492,0.4285757091490212,0.30800147833317926,0.646978070329825,0.2838608133401396,0.3653413353338334,0.21112051933389783,0.22915906603429412
4,0.01862348178137671,0.9696282864913871,0.924920610917889,0.9207865393069821,0.9761156818748441,0.2939978435366,0.7231879304690062,0.7388436566010512,0.9449452791689852,0.8662964545066212,0.8645205066344995,0.18431137820770335,0.7736486486486486,0.9572411082727451,0.71249506514015,0.36863870779410335,0.6848576562943346,0.5492531484916527,0.13539694451520512,0.8622886354699174,1.0,0.1579674575038633,0.23581244947453517,0.5323012385137835,0.7229049246974036,0.3733323946636629,0.7947932618683002,0.9945236309077268,0.8690845799228525,0.30980177550772225
1,0.2725596041385516,0.18482061909079137,0.4552396794193256,0.3569002038287838,0.38623784592370974,0.22235533724691509,0.34552312233519183,0.43295887869731015,0.431571137080319,0.24664673216574112,0.34160132689987943,0.6345909726350971,0.4454407678706743,0.19147180192572213,0.3949861823924201,0.6603580811520872,0.23569469403196822,0.3454066191545445,0.09754418335662698,0.32615021627998425,0.4788007736943907,0.10462685210435416,0.45016168148746966,0.2089292848581702,0.3152545504943176,0.5039600126720405,0.4961715160796325,0.42033008252063014,0.4602972998400602,0.424662531922656
1,0.6168915879442196,0.0895933169278591,0.25869499470739454,0.2598816993725271,0.30443779606083265,0.14021804241044686,0.33088717612331914,0.36540245284963413,0.47928028195140043,0.26198205894916704,0.5114595898673101,0.6033856635547058,0.27914246021722655,0.17715661230104143,0.41294907224634825,0.40824170477765886,0.3775654970207131,0.4767158059162354,0.09145111430872925,0.23035784506488396,0.5454932301740812,0.11275338605581312,0.09696847210994342,0.06411306432281265,0.37424928393236623,0.2546728149530078,0.32312404287901997,0.4573518379594898,0.10760654812305954,0.2741700109449106
4,0.13027440395861464,0.0558865431938868,0.5238923332829275,0.6900203828783822,0.4630266766392421,0.2828321552653648,0.32715644473597905,0.3515407605895084,0.2681506214060471,0.22503203759077317,0.2649276236429433,0.16894975334629542,0.26537635766607726,0.23511495382196895,0.27260165811290965,0.9569913398851805,0.22065638891516126,0.641950600410036,0.05949864713212665,0.23657097915847425,0.5333849129593811,0.07664757749295519,0.1858528698464026,0.3041350379544547,0.23200591333271733,0.27385687634200423,0.1496511825761443,0.40262565641410347,0.35468999905917775,0.23215371518910377
1,0.16225820962663076,0.053166688252817,0.23794042038409194,0.16630030774149712,0.1906257791074545,0.27854318916976156,0.1905542800918334,0.23157786251674742,0.8613615284733815,0.12943186672362236,0.20054282267792523,0.3225981392508797,0.198029805506441,0.18604833955590488,0.16679826292933284,0.24442930816386102,0.3729310507897475,0.3006443424777897,0.09885229987538467,0.1955957530475816,0.582321083172147,0.05203163348786474,0.49385610347615194,0.3582500998801439,0.1541162339462256,0.34443310218592693,0.2005274800068062,0.30052513128282066,0.22410386677956534,0.2191110300376992
4,0.5723796671165093,0.35532962051547734,0.8155148949039771,0.9267415371088286,0.7404637247569185,0.24411165688271233,0.8614299770416529,0.9222920746160982,0.7030977555184565,0.7138829560017087,0.7677171290711702,0.11090177237157138,0.6046034352109119,0.6477107486736098,0.9427556257402292,0.3095261263014498,0.5599167691289133,0.7535878160695109,0.16186220713680835,0.5458906802988596,0.7150870406189556,0.152022543405145,0.20590137429264352,0.31098681582101484,0.903815947519172,0.16276532084902667,0.6373149566105156,0.7639909977494374,0.5294006962084862,0.21482427337954524
2,0.44772829509671624,0.3006734878901697,0.0,0.07685544142919946,0.04667165295437546,0.2555888343117288,0.07773040341095444,0.00443161908688038,0.7598219254312744,0.45570269115762496,0.10064837153196622,0.3339265341539055,0.236454912856782,0.12000393004519551,0.025365179628898542,0.2058480101196847,0.010876761562470463,0.21492726740212828,0.045797847804085454,0.1128588281557216,0.21938104448742743,0.03808744659576403,0.6339935327405013,0.2762085497403117,0.07317749237734453,0.9810623393994861,0.11425897566785775,0.0,0.17405212155423838,0.14845555150188497
1,0.30854700854700867,0.2929024737728274,0.2858763042492061,0.16642020702609808,0.06910994764397906,0.19264406373547383,0.21818629058707775,0.3876120787385345,0.7696902244481544,0.2964545066211021,0.2657569360675513,0.3354530554528947,0.26474488507198785,0.134623698172529,0.24072246348203713,0.29643864941130676,0.37671427220278064,0.10465683881675289,0.09713109392965086,0.13621706645694062,0.7615087040618956,0.04610489955458595,0.39729183508488275,0.32992409109069126,0.19541716714404506,0.34890351649125273,0.22707163518802112,0.3735183795948987,0.28125882020886256,0.40794114070290655
1,0.7197480881691409,0.0,0.19144110086193863,0.3118580392470325,0.05041136873597606,0.21193243081346588,0.14931124959002953,0.16283623621560345,0.2552773140419217,0.07637761640324646,0.3690440289505429,0.5730078897048189,0.1761808537509472,0.0671251719394773,0.1490327674694039,0.34076092244818523,0.2890381159557363,0.7185394903836766,0.04567392097599262,0.0753440817931577,0.5709477756286268,0.07110262703390602,0.18104284559417946,0.09744306831801841,0.10108103113739257,0.49603998732795934,0.1562021439509954,0.18582145536384093,0.2715213096246119,0.17156147391462975
1,0.39912280701754393,0.20712990545266158,0.3769091184031453,0.30834099356540506,0.5052854649713288,0.30948843896010547,0.2872663168251886,0.3883850355560136,0.5728065294008533,0.22900469884664673,0.45412394451145965,0.325145019523404,0.21500063147259407,0.19910591471801928,0.34647651006711416,0.3069718789530018,0.339827863425707,0.2020160109342966,0.05971896149318058,0.4488399528116398,0.5667117988394584,0.13213344241432598,0.32089733225545675,0.49539552536955656,0.31400720687424927,0.37732760744834376,0.29402756508422667,0.4854463615903975,0.38030388559601086,0.41285114921561483
1,0.49856050382366174,0.14195052454345294,0.27151066081959774,0.20950401662603413,0.10471204188481675,0.6658440158140648,0.2368809445719908,0.19622797073070183,0.12190688184010387,0.1819735155916275,0.2207478890229192,0.8147606575289638,0.1931674665319525,0.2073098840636667,0.29737465455981055,0.3386202199085336,0.3060626123143857,0.6035341208630284,0.09395030534193476,0.1754620526936689,0.4399613152804642,0.09270066357603854,0.4323362974939369,0.18411905713144228,0.24475653700452737,0.4492942377415607,0.2571890420282457,0.3908477119279819,0.14295794524414338,0.4560379423568041
1,0.618421052631579,0.206935630099728,0.3387267503402389,0.294232844410695,0.4140613313388182,0.25411525098837906,0.313586421777632,0.4988147995465321,0.3984232980894083,0.2884664673216574,0.8172873944511461,0.4691441839538509,0.3498831775700934,0.21444291609353505,0.35422424003158315,0.6504086795757518,0.5054856710488981,0.6680171824660743,0.10298319414514584,0.36173810460086514,0.5729593810444875,0.09770020907190256,0.3320735650767987,0.2625848981222533,0.45625057747389813,0.325882642824457,0.4589926833418411,0.5004126031507876,0.13957098504092577,0.1691748753496291
2,0.3480431848852903,0.37695894314208006,0.26553757749886586,0.2799648295431837,0.256494639740713,0.3387085180304301,0.23491308625778948,0.3055755951767495,0.6155073270265257,0.5005553182400684,0.400934861278649,0.4314471421914418,0.3150732508209143,0.18980153271762623,0.2016383734701935,0.4169018195971587,0.29509127021658943,0.20579908230010735,0.052007958856293064,0.4338969720802202,0.4106769825918762,0.08535587673847833,0.9603071948261924,0.24093088294047144,0.22027164372170374,0.5602449927839769,0.2457035902671431,0.34523630907726927,0.21958791984194184,0.12285662167092302
1,0.8697705802968961,0.3420541380650175,0.40004536518977774,0.24271611846049315,0.35327848416853647,0.16700610997963336,0.4773696293866841,0.5324126558796248,0.4324244110554628,0.3644596326356258,0.6607358262967431,0.6225234200504556,0.4259282647133114,0.20355669090194536,0.5470785629688117,0.4643378417826214,0.5472429773952521,0.5959191643073318,0.1132002726390218,0.2691309476995674,0.554816247582205,0.15836742114353242,0.476394502829426,0.25511386336396324,0.5114108842280328,0.6562709000668802,0.45431342521694745,0.5620405101275319,0.22702041584344715,0.5204609023470753
1,0.44030589293747197,0.13171868928895222,0.41350370482383186,0.38759442068662325,0.3035651957117925,0.27089972445189886,0.3606920301738275,0.46820570957435853,0.6929326655537007,0.34002563007261855,0.6390983112183354,0.6881316986164897,0.4186663298812831,0.21654549027313816,0.5016778523489933,0.5174661866303395,0.43648917052870523,0.6811969149663185,0.10993686616591049,0.4105387337790012,0.48851063829787233,0.1186801199890919,0.15412287793047696,0.28611666000799046,0.40986787397209645,0.27111126755605613,0.423515399013102,0.515078769692423,0.31668077900084673,0.2649276419798128
1,0.6309941520467838,0.054138065017484784,0.3205050657795252,0.23356380640262178,0.4122164048865619,0.20170121001557445,0.260003279763857,0.3415438524167783,0.5235763309219068,0.21281503630926954,0.39015379975874553,0.48108318737647243,0.2891513008335438,0.24580467675378265,0.2843466245558627,0.3218351659044468,0.3507992055235033,0.35858635165478864,0.04758790198764863,0.16759732599292176,0.3900967117988395,0.07552040723570586,0.10262732417138237,0.13397922493008393,0.315901321260279,0.08352986729557532,0.3516249787306449,0.43263315828957233,0.3290525919653777,0.23227532530706554
1,0.4862348178137653,0.07518456158528689,0.18743384243157418,0.09460053555013788,0.22318623784592373,0.10760752366119564,0.1647261397179403,0.12686797897557459,0.536152847338156,0.36753524134985044,0.24185765983112184,0.6856812302154804,0.33313336701187163,0.1494006681076832,0.14814449269640745,0.11297071129707109,0.24742268041237112,0.17846334081811968,0.04901994533449915,0.09791584742430201,0.4227079303675048,0.025743114262339783,0.39595796281325785,0.3477227327207351,0.10422248914349069,0.5253264810447393,0.1489705632125234,0.3273068267066766,0.20232383102831872,0.3807916818679315
3,0.5376518218623483,0.17225747960108798,0.20142144261303496,0.10159466048519243,0.3363251059586138,0.3441236372349347,0.2065431288947196,0.2772338452025147,0.5031719532554256,0.19504485262708243,0.6009499396863691,0.5442530490254366,0.5188810305632735,0.17614462566319514,0.21979865771812085,0.2908922837403911,0.20230776506195025,0.19994142341111,0.054142254229003005,0.20408965788438854,0.46154738878143137,0.05181347150259068,0.3543654001616815,0.508130243707551,0.2288644553266192,0.5142736456756661,0.2814361068572401,0.3567891972993248,0.18228431649261453,0.41846041590660343
4,0.27957714799820077,0.055238958684108275,0.3534704370179949,0.8939290995563726,0.51239092495637,0.30077872289445307,0.39783535585437846,0.5028341749974236,0.5841216842886291,0.14036736437419906,0.5189987937273824,0.08705188565552037,0.6738759787825208,0.41933582236195727,0.2098302408211607,0.8533618760338619,0.24269365364607962,0.37176608415503265,0.0643868720180107,0.1878883208808494,0.449825918762089,0.11249886373966005,0.03318512530315279,0.7127646823811427,0.19135175090085924,0.14069485022352068,0.29462310702739497,0.33960990247561884,0.19141029259572864,0.33470144716040373
1,0.44453441295546564,0.12608470405387903,0.3493875699380009,0.36653211302505895,0.32764896534530036,0.1542590152150473,0.26238110856018365,0.37308049056992687,0.09037284362826935,0.30106791969243907,0.4897466827503016,0.1627874278919544,0.0,0.18541953232462174,0.20637583892617456,0.22263306412377148,0.2922538541568145,0.34511373621009467,0.2971489944714865,0.26598505701926856,0.5811605415860736,0.10720843559676393,0.18047696038803557,0.24113064322812625,0.31460777972835624,0.2845929106973142,0.31427599115194826,0.41320330082520623,0.20105372095211213,0.2881855770400098
1,0.4800269905533065,0.12977593575961663,0.3076515953425072,0.1719755405459414,0.6597357267514335,0.5514795734994609,0.3437192522138406,0.4303823559723797,0.2664811723242441,0.424263135412217,0.3482358262967431,0.5541031285652306,0.46605834806769386,0.438986048339556,0.3196802210817213,0.18453828938406147,0.3284781991866074,0.19842819486478572,0.07851453042059388,0.20983090837593393,0.4952417794970986,0.040887192073447876,0.3983831851253031,0.25611266480223727,0.3596045458745264,0.41648773276074474,0.37008677896886166,0.5785446361590397,0.22424499012136606,0.27152499087924115
1,1.0,0.2797565082243233,0.4217450476334493,0.45269973222493104,0.2732984293193717,0.3581166886306457,0.5045916693998033,0.621148098526229,0.4645520311630495,0.5724049551473729,0.556770205066345,0.5068412257162599,0.43252715332154584,0.08807231283159755,0.6421239636794316,0.39953293762771236,0.6348245531069706,0.5928438933906082,0.18520175976095893,0.36413684624459297,0.5501353965183752,0.16638487410235434,0.7430476960388036,0.3859168997203356,0.543287443407558,0.41793093737899956,0.49634167092053777,0.6213803450862715,0.3229372471540126,0.30983217803721275
2,0.4349977507872245,0.16066571687605236,0.1381370028731287,0.1069101954358339,0.20458738469209672,0.2718581526296873,0.14086585765824863,0.138926105328249,0.35663142274160636,0.3045706962836395,0.4028950542822678,0.4079186283804413,0.31699924223288706,0.04659068579288661,0.13412949072246352,0.27653984625863576,0.1730823796462688,0.27101435126427803,0.0337080972412511,0.34817145104207625,0.4562862669245648,0.055940369057358434,0.7716248989490704,0.10759089093088295,0.18516123071237178,0.29726495124784397,0.14692870512166073,0.2990997749437359,0.12588202088625458,0.22427946005107627
1,0.577237966711651,0.20237015930578942,0.15741720852865568,0.13136964949442467,0.08257292445774118,0.2779441715586438,0.08060019678583143,0.11408842625991962,0.49604897050639957,0.23314822725331055,0.06566646562123038,0.394653961724487,0.136871684768881,0.05380231872666535,0.0259573628108962,0.24126690668483017,0.0,0.2724299521624524,0.024399815486722615,0.16460872984663782,0.48065764023210833,0.03330606308517408,0.4595392077607114,0.2569117059528566,0.06689457636514828,0.6436340596289907,0.0794623107027395,0.19864966241560386,0.1612569385643052,0.21217925331387577
1,0.8073774179037337,0.2598756637741226,0.3333585362165432,0.30336517325446627,0.25956120668162547,0.37627890259973645,0.4061577566415218,0.60074203854478,0.3981079577072899,0.40952584365655703,0.5201296743063932,0.5545851879228063,1.0,0.268117508351346,0.556257402289775,0.4372141675586261,0.5838929348340112,0.8600263594650004,0.1342816030623696,0.41942587495084543,0.5347775628626693,0.12965184983183348,0.28294260307194824,0.19192968437874552,0.48729557424004427,0.21864549966559887,0.4002041858090863,0.49898724681170287,0.27890676451218366,0.12826827192022378
1,0.2340530814215026,0.15775158658204896,0.2309844246181763,0.13504656088885336,0.488007978060334,0.4694381214807715,0.15734667103968517,0.34515098423168095,0.9917269523279539,0.1975224263135412,0.12009951749095295,0.20037198913759577,0.6092763324071735,0.21697779524464533,0.25720489538097124,0.2792157244332003,0.12059018254043317,0.32573464805232843,0.06804959827053227,0.30538733779001176,0.5822823984526111,0.08615580401781657,0.5820129345189976,0.1754694366759888,0.20678185346022354,0.20581505860818752,0.27684192615279907,0.35933983495873967,0.11783799040361277,0.01866715310713852
1,0.30278902384165557,0.13754694987695898,0.34371692121578706,0.9150313736461372,0.4921715282971827,0.0787348748053193,0.3002623811085602,0.36839121921055346,0.8201075867186051,0.2487825715506194,0.43550211097708086,0.30884337891472374,0.5167813841879262,0.4488995873452545,0.29007106198183974,0.4292838376958256,0.34928591695829,0.206628917309382,0.07799816863687373,0.22477388910735352,0.5495744680851063,0.10337242068902827,0.44917138237671783,0.46042748701558134,0.3139148110505405,0.2830617057974585,0.30368385230559813,0.3837209302325581,0.17701571173205383,0.20246564514167587
2,0.7089068825910932,0.6690195570521954,0.15242703765310753,0.06222772870788537,0.22538020443779605,0.3064813705522942,0.05452607412266318,0.1494383180459652,0.39751437581153776,1.0,0.09152593486127865,0.3675019684090435,0.40231118969436724,0.02460208292395362,0.025759968416896956,0.24447796049430764,0.12938617232573535,0.17485111783657134,0.0,0.07770349980338183,0.412495164410058,0.03021543496045814,0.8255860953920776,0.48126248501797847,0.08869999076041761,0.7826041043331339,0.02679938744257273,0.2850712678169542,0.17071220246495436,0.23464672260732095
1,0.6193432298695458,0.08742390882010102,0.208150612430062,0.22229327365013388,0.17167788581401142,0.307080388163412,0.17923909478517547,0.256518602494074,0.15696531255796697,0.3586501495087569,0.6021562123039808,0.3526545401957161,0.2964132356655721,0.11294949891923756,0.3439597315436242,0.09521261068405173,0.2311548283363284,0.4279019818412574,0.10274911013652606,0.29138812426268185,0.4956673114119923,0.07082992455231343,0.2562651576394503,0.4877347183379945,0.18691675136283836,0.41680453377450805,0.2564233452441722,0.34591147786946735,0.21215542384043654,0.11200291864283111
1,0.48834907782276216,0.16811293873850539,0.2535158022077726,0.6488149954038608,0.09109947643979055,0.2853240685276147,0.2727123647097409,0.303926620632794,0.36104618809126315,0.2087996582656984,0.5175663449939687,0.4774838108399082,0.29969689315483705,0.03344468461387305,0.32718120805369133,0.42011287340663617,0.3335855480942022,0.6951576686517621,0.06386362541050761,0.21344868265827763,0.3902514506769826,0.0799745477683847,0.6613985448666128,0.16632041550139834,0.2987156980504481,0.3703755852018726,0.2656967840735069,0.35528882220555136,0.11901401825195222,0.17001094491061658
1,0.6930274403958615,0.5582826058800674,0.4792832300015122,0.3290835698013669,0.2301670406382448,0.43574937103150835,0.5064775336175795,0.7063794702669277,0.39072528287887215,0.7801794105083297,0.38932448733413755,0.1935789693570935,0.3041172013134629,0.05295735900962859,0.6378799842084485,0.5360513768609516,0.3800245909391847,0.8725959191643072,0.10737571171865855,0.5620133700353913,0.4751257253384913,0.1649304608671939,0.33678253839935324,0.027287255293647648,0.5245310911946779,0.427540568129818,0.5007656967840736,0.468867216804201,0.21916454981653966,0.16286635048036
2,0.5316239316239317,0.2423261235591245,0.18304854075306218,0.21949562367611206,0.12749937671403638,0.10420510363004672,0.23056739914726143,0.2797073070184479,0.29560378408458543,0.432123024348569,0.40070868516284686,0.3310060578792602,0.21596362717858045,0.11911966987620357,0.2664824318989341,0.3699036683857157,0.23834294902109143,0.45738553158254414,0.042300357322354334,0.10829728666928824,0.515899419729207,0.06853922370693574,0.6328617623282135,0.1702157411106672,0.20678185346022354,0.40240768770460056,0.10992002722477456,0.3519129782445611,0.12832815881080065,0.15347196886780984
1,0.5687809266756636,0.14823209428830464,0.20837743837895056,0.3289237040885656,0.22174021441037145,0.3694021804241045,0.21605444408002625,0.2665155106668041,0.43220181784455575,0.18299871849636906,0.39588359469240053,0.5365240306589751,0.2839100783026016,0.12106504224798585,0.26352151598894596,0.48370146930037944,0.18944481225763737,0.4292687689153568,0.07764704262394403,0.15359811246559182,0.3652998065764024,0.051340787201163536,0.27324171382376716,0.22666799840191773,0.19809664603159935,0.3219050300960963,0.14718393738301858,0.4269317329332332,0.2517170006585756,0.32059467347683335
1,0.8880341880341881,0.2998316280274576,0.5327385452895811,0.28368170736581266,0.3423086512091747,0.23023840900922488,0.5636274188258446,0.6629908275790992,0.18033759970320903,0.5524134985049124,0.6176115802171291,0.8624805167676314,0.3452892144480929,0.15500098251129885,0.6836754836162654,0.6485842171840032,0.5810082285065733,0.5957727228351068,0.12910421557760227,0.4564687377113645,0.43694390715667314,0.16298518316516683,0.17493936944219887,0.0028765481422293204,0.6152637900766885,0.28571931430180575,0.47728432873915266,0.5698424606151536,0.324677768369555,0.10418946856378451
3,0.7828609986504724,0.049734490350990805,0.13745652502646302,0.48531233763638537,0.4590376464722014,0.4166047681801845,0.10667431944899967,0.11718025352983615,0.4235206826191801,0.01520717642033317,0.3583383594692401,0.5877629232079443,0.196419550391513,0.06207506386323441,0.1186340307935255,0.21377833998248516,0.16816419180932565,0.3517036024602167,0.03737082349377267,0.02217852929610696,0.4205029013539652,0.054013271520770845,0.015157639450282942,0.32768677586895734,0.12436477871200219,0.13238762364039564,0.1545856729623958,0.2696174043510877,0.013830087496471914,0.36732336130366056
3,0.5159694107062529,0.3902344255925399,0.18592166943898383,0.10762959114343951,0.5228621291448516,0.3101713190367797,0.16890783863561823,0.2865093270122642,0.4575403450194769,0.10286202477573686,0.6153498190591075,0.43997557565921613,0.4115306895680727,0.31011986637846334,0.25641531780497434,0.23708280626642012,0.27532393833349095,0.5303621985746363,0.06806336791809814,0.25041289815178924,0.5376402321083172,0.06103081538041997,0.2974535165723524,0.2458449860167799,0.17536727339924232,0.5887218839100284,0.2814361068572401,0.341410352588147,0.08396838837143664,0.5163261583363736
3,0.24394961763382822,0.427081984198938,0.1570391652805081,0.09236241557092043,0.29813014210919964,0.44135617587157067,0.16726795670711708,0.18190250438008865,0.30261547022815805,0.08868005126014523,0.20762967430639326,0.6601320842639756,0.35381409446830003,0.10518765965808607,0.20302013422818793,0.1335019947455483,0.10659226331221033,0.435516938396954,0.06353315386892673,0.13189146677152971,0.4952417794970986,0.0505590400872648,0.24284559417946647,0.3262485017978426,0.15781206689457633,0.4294061740997571,0.08261017525948615,0.22565641410352585,0.07089095869790195,0.40824516599781097
1,0.43031938821412513,0.2762595518715193,0.2732496597610767,0.30506374645297946,0.30914983794564943,0.21847370312687192,0.2461462774680223,0.2542512624961352,0.3283249860879243,0.1906877402819308,0.27005428226779254,0.4491025661626469,0.25681990401616567,0.07610532521123992,0.3019147256217924,0.31015860659725597,0.4105741038494277,0.5881577662794103,0.059553725722390136,0.2508061344868266,0.41160541586073496,0.08615580401781657,0.5395715440582054,0.264522572912505,0.2989004896978656,0.2814249005596818,0.23234643525608303,0.44838709677419347,0.19616144510302005,0.4167274717256476
1,0.0004948268106163456,0.032249708586970606,0.1683048540753062,0.14120139083170136,0.20573423086512094,0.2617227746495747,0.11593965234503119,0.0,0.0439621591541458,0.01990602306706534,0.16541013268998794,0.3625247055420758,0.3365433190199545,0.11342110434269995,0.03622187129885513,0.3224189938698064,0.39222547999621676,0.500048813824075,0.0684489180499425,0.07565867086118758,0.3972147001934236,0.059412780656303975,0.5497574777687956,0.31132640831002806,0.06754134713110967,0.3793516139251645,0.14854517611026036,0.25423855963990993,0.14535704205475583,0.2762069804207711
4,0.7472334682860999,0.34024090143763763,0.5387116286103131,0.796411014747612,0.5310396409872848,0.18924164370432486,0.5496884224335848,0.6308358239719675,0.6660359859024301,0.3427595044852627,0.3162696019300362,0.18063969276750277,0.4666266734023743,0.49206130870505016,0.4504540071061982,0.42322662255522037,0.22037264730918377,0.3899248267109245,0.09291758177449447,0.2934329532048761,0.7102901353965184,0.08275611308062904,0.1736863379143088,0.2681382341190572,0.35221287997782497,0.2189799007356823,0.44657137995575974,0.6249812453113278,0.676545300592718,0.11574242977015692
1,0.560548807917229,0.3353840176142987,0.4430666868289732,0.41649014827544856,0.3770132136624283,0.32608122678806756,0.44489996720236147,0.5023188704524374,0.5200519384158783,0.5163605296881675,0.48831423401688784,0.4250478042196263,0.20990149027532204,0.25409707211632937,0.49832214765100674,0.35525931692128054,0.5189633973328289,0.26110514497705745,0.18354940205305448,0.40047188360204483,0.6485106382978723,0.14331424415962185,0.6875505254648343,0.5443068318018379,0.41467245680495235,0.46386708437466995,0.2729283648119789,0.5559639909977494,0.29762912785774764,0.41578499331144353
4,0.25933423301844366,0.2529465095194923,0.6314078330561017,0.6419407697534071,0.46616803789578654,0.1463280220438481,0.3602000655952772,0.46243429867051433,0.44685587089593765,0.2463049978641606,0.6084137515078408,0.0,0.257577671129073,0.20888190214187463,0.24674299249901308,0.7814537316337453,0.03868343894826445,0.7883920726349701,0.09137538124711697,0.27133307117577665,0.0567117988394584,0.10871738932824289,0.08831851253031528,0.3959848182181383,0.3078628845976162,0.0,0.297685894163689,0.3661665416354088,0.46133220434659894,0.2626474522680287
1,0.4818713450292399,0.22788498899106333,0.2563133222440647,0.40507973302425965,0.3228870605833956,0.38110698454534564,0.25561659560511646,0.31923116561888076,0.40434056761268783,0.2797095258436566,0.5219390832328107,0.42123551813346627,0.2833575397827734,0.10493220672037727,0.35965258586656146,0.29154909020142067,0.3761467889908257,0.3852631065117641,0.11234655448993783,0.2839166338969721,0.5525918762088975,0.07212071629851832,0.1644907033144705,0.4040651218537756,0.2530721611383165,0.9412686120595584,0.23192104815382,0.46399099774943725,0.32543042619249224,0.41429526936641126
4,0.28529014844804323,0.39625696153348017,0.8005443822773326,0.8849766196395028,0.6546497132884568,0.3206181861746735,0.6834207937028534,0.9850561681954034,0.4867371545167872,0.7594190516873132,0.8791465621230399,0.3998521684636769,0.6567314978529931,0.536726272352132,0.8943939992104225,0.49888099639972755,0.8493332072259528,0.4572390901103192,0.15300832375195358,0.7808887141171844,0.8498646034816247,0.2119261885283156,0.3601050929668552,0.3304234918098283,0.7574609627644829,0.24875919602942728,0.7119278543474563,1.0,0.27678991438517264,0.40198224492277773
1,0.6899235267656321,0.030857401890946767,0.21234689248450025,0.4140521961552296,0.21483420593368233,0.20475619983227508,0.17608232207281077,0.24492425023188705,0.43166388425153035,0.12994446817599317,0.2924457177322075,1.0,0.3389587016923465,0.11575948123403419,0.1961606790367154,0.7192030748272842,0.2216967748037454,0.6425119593868983,0.047856410115183094,0.2016515926071569,0.7356479690522244,0.08137442050722664,0.36756265157639445,0.4391230523371954,0.2013766977732606,0.17857017142454856,0.2111621575633827,0.3211552888222055,0.3455875435130304,0.182704000972881
4,0.8629329734592894,0.30825022665457846,0.6129593225464993,0.761800087926142,0.42368486661680377,0.3072720737989697,0.45014758937356514,0.6323817376069257,0.5013541086996846,0.4374199060230671,0.5619722557297949,0.0754463066218887,0.4540287951502905,0.36822558459422283,0.40140150019739446,0.22647659822905516,0.16097607112456258,0.619984379576296,0.0832788284783851,0.5074321667322061,0.4579497098646035,0.10204526861194438,0.0666127728375101,0.21624051138633643,0.4418368289753302,0.1207715864690767,0.2327718223583461,0.55536384096024,0.5834979772321008,0.18375288824030164
3,0.6745389113810168,0.1549669731900013,0.2565401481929533,0.2111026737540466,0.30142109199700823,0.3064813705522942,0.24007871433256806,0.3079459960836855,0.3200148395473938,0.2366510038445109,0.2140379975874548,0.7805826490768564,0.33979540287951504,0.20493220672037732,0.28770232925384925,0.3318088936460056,0.34701598411047,0.5499365420287025,0.06336791809813627,0.2953204876130554,0.5508704061895551,0.17423870557222074,0.14421988682295878,0.14732321214542554,0.24993070313221838,0.6020275264880847,0.09120299472519992,0.36579144786196544,0.25684448207733557,0.20923020795330177
3,0.7470085470085471,0.00822432327418728,0.12588840163314682,0.16630030774149712,0.19606083271004732,0.1340122199592668,0.08674975401771073,0.09667113263938991,0.2470042663698757,0.049295173002990175,0.14316948130277443,0.7037223016727461,0.108771154331902,0.11978777755944192,0.11073825503355704,0.37301741753429984,0.13960087014092498,0.34569950209899436,0.038610091774701025,0.0,0.19705996131528045,0.04712298881919826,0.0,0.07892528965241712,0.1041300933197819,0.3310218592699496,0.1116215756338268,0.2618904726181545,0.0,0.34145080870728445
1,0.7081421502474134,0.15282994430773217,0.4209133524875246,0.33875544542584224,0.38005484916479676,0.23251467593147243,0.3786487372909151,0.5304544986086777,0.11882767575588944,0.3060230670653567,0.41729493365500603,0.5804155351662301,0.23664435463500882,0.17256828453527218,0.4268653770232926,0.2632091077162596,0.2409912040102147,0.37166845650688274,0.05364654691663167,0.40448289421942585,0.5229013539651838,0.11904372329788203,0.5668148746968473,0.3083499800239713,0.4147648526286612,0.321975430321377,0.3314616300833759,0.48769692423105765,0.3363439646250823,0.3669585309497751
1,0.6400809716599191,0.2518456158528688,0.3179343716921216,0.2217737100835298,0.45240588381949637,0.2458128668982868,0.21252869793374876,0.25662166340307124,1.0,0.30175138829560016,0.40387515078407726,0.13016004370671505,0.4946324829502399,0.4091373550795835,0.24220292143703123,0.15729298433394956,0.15180175919795705,0.21497608122620326,0.05412848458143714,0.29272512780180887,0.5660348162475822,0.0429597309335515,0.4618835893290218,0.39714342788653617,0.284394345375589,0.602344327501848,0.23294197719925133,0.36714178544636156,0.2961708533258068,0.35878025051684304
1,0.6116284300494828,0.19673617407071625,0.46986995312263724,0.3419127932536669,0.5511842433308402,0.3264046962980712,0.384306329944244,0.5857466762856849,0.4624188462251901,0.4098675779581375,0.6819586851628469,0.4470497967316376,0.4644165193230613,0.3039398703085086,0.41798262929332813,0.36644935292400505,0.5007093540149437,0.5175973835790295,0.40000137696475657,0.521863940228077,0.7854932301740812,0.1184892282519771,0.4945028294260307,0.38350978825409515,0.44604083895407926,0.6629765215248689,0.417262208609835,0.4560015003750937,0.35047981936212247,0.2651100571567555
1,0.3567926225820964,0.1872166817769719,0.3618629971268713,0.2943727269093961,0.36078284717028175,0.24231460404935903,0.3606510331256149,0.3957538905493147,0.18916713040252273,0.32725331055104656,0.563329312424608,0.2219401282277891,0.21959459459459457,0.19285714285714287,0.4124555862613502,0.24805390678213488,0.3917998675872505,0.6229864297569071,0.09471452078184059,0.31749901690916243,0.67926499032882,0.09239160076356695,0.593229587712207,0.25762085497403114,0.39471495888385844,0.6297828153050089,0.4012676535647439,0.4843210802700675,0.2485417254680591,0.3721877660221331
2,0.6082771030139452,0.2542416785390494,0.268183880235899,0.19231845249990007,0.2527050610820244,0.41248352701569424,0.372909150541161,0.280222611563434,0.312483769245038,0.26638188808201624,0.5477231604342583,0.5577587453601788,0.3919234655215963,0.05987423855374337,0.332017370706672,0.34908047095455874,0.34380024590939184,0.3028897783852387,0.07432855756056923,0.4737711364530083,0.4362862669245648,0.08775565857649305,1.0,0.15621254494606474,0.27958976254273304,0.677848569115421,0.17440871192785437,0.4018754688672167,0.17489886160504278,0.26939681381490943
1,0.5717498875393613,0.15347752881751073,0.2361258127929835,0.31333679709044404,0.3514335577162802,0.12828561159698093,0.23163332240078716,0.36596928784911886,0.8343164533481728,0.335753951302862,0.4750452352231605,0.2983184162743239,0.4236549633745895,0.2512281391235999,0.279016975917884,0.36591417728909215,0.2862952804312872,0.43878746460997753,0.06449702919853766,0.24860401101061735,0.9451450676982591,0.0694300518134715,0.32829426030719483,0.2894526568118259,0.3273584034001663,0.2756168819740223,0.22188191254041179,0.4918979744936233,0.14451030200395143,0.49547002310592253
2,0.3100764732343681,0.28817510685144415,0.48487827007409645,0.29890891651013146,0.3304911493393169,0.23062178028034022,0.31264348966874383,0.3581366587653303,0.3215729920237433,0.5755659974369928,0.48808805790108567,0.43447206466022853,0.20870169234655211,0.1393594026331303,0.34405842874062376,0.3542376179819013,0.4665657807623191,0.524455725861564,0.08468333253010389,0.4998820290994888,0.42916827852998063,0.1103717843832379,0.9118835893290219,0.1138034358769477,0.33271736117527484,0.7038262522440071,0.4126254891951676,0.40232558139534874,0.4289208768463637,0.31372370181199083
1,0.645344129554656,0.3747571558088331,0.19529714199304402,0.22724911074697254,0.11119421590625778,0.4018449742422427,0.20072154804854053,0.24178089250747192,0.3411982934520497,0.6035027765912003,0.43357961399276246,0.5128147445888838,0.23001389239706993,0.044173707997641955,0.3222463482037111,0.32178651357400023,0.4582426936536461,0.3549253148491653,0.27182661259785057,0.16814785686197406,0.40112185686653773,0.08295609490046359,0.43641875505254646,0.6454454654414703,0.16908435738704608,0.693759020028864,0.2800748681299983,0.29272318079519877,0.2928309342365227,0.20242004134744013
4,0.3596491228070176,0.19116694728662095,0.4820807500378044,0.8245074137724312,0.5695836449763151,0.47181023122079785,0.29681862905870776,0.49149747500772956,0.20092747171211278,0.19598462195642885,0.488012665862485,0.14315556055468964,0.5639997474109623,0.481980742778542,0.18673509672325309,0.5435438357497324,0.05447838834767806,0.25729766669920917,0.08443547887391822,0.23098702320094378,0.595203094777563,0.10269975456776657,0.07732417138237672,0.781242508989213,0.2560288274969971,0.3011369636382836,0.2335375191424196,0.35873968492123026,0.47201053720952113,0.3440958287729539
