Type,202254_at,228244_at,238555_at,230964_at,201737_s_at,219466_s_at,232876_at,202288_at,216231_s_at,203482_at,235103_at,1554576_a_at,227803_at,231170_at,233764_s_at,224911_s_at,232077_s_at,210282_at,203433_at
1.0,0.8447496049909886,0.4206612377305226,0.73119968893195,0.3750017483651456,0.5699670993832655,0.215179428381643,0.346812721392899,0.9527229026186541,0.31426072439475283,0.628434536828107,0.6925453868812851,0.35240041200920985,0.7617818363680807,0.896952158952643,0.6234072035986715,0.20518306834538513,0.650285042077659,0.21695466114330458,0.33158027318438077
3.0,0.8562365070617285,0.26133342587889774,0.7641699492636715,1.0,0.5362240852062604,0.3195182775931071,0.28000034361701953,0.515402690111361,0.7409176542573043,0.5929063406879496,0.5742337452205778,0.8306840801237456,0.39546828547184926,0.5463459232516918,0.7827945797635658,0.3144466689617856,0.46080878637704253,0.5332622121116616,0.6516526212300435
4.0,0.46922611202653314,0.4925968185838237,0.9708478059617331,0.4913526679283951,0.8032996048552641,0.791250196323759,0.31165893474868556,0.7362926180070745,0.5287115118056894,0.4656602573411353,0.40534613972088096,0.6051997361738989,0.531894198211016,0.3142913228235178,0.6585853028362127,0.3103025647765662,1.0,0.6526752994544103,0.3291786355583971
3.0,0.6550683800167658,0.28332029050403784,0.9292572556438741,0.5865693340568807,0.7516762010799145,0.6434954170216954,0.5260377688867673,0.6139761134744692,0.5702936809570209,0.3544227109997603,0.4016646381693026,0.5857638967860374,0.5200315081551206,0.6335897369209574,0.8119775142466708,0.4560063242214598,0.855290417571635,0.6964885276027756,0.22940273908387682
3.0,0.552571075046937,0.3853822561067562,0.828847039305818,0.7090762105499201,0.32362030522803314,0.3378400556678405,0.18510830914331952,0.6502347046327287,0.9273068945088556,0.34221912156111306,0.3357536749604559,0.8497418564661442,0.3909074286066756,0.539945057024655,0.8250646183470061,0.39721894762377824,0.4351800671663917,0.6792984476807234,0.5373557990831346
1.0,0.8670198182750597,0.5276004481183132,0.7501629248430467,0.3434305427395659,0.5672991647086791,0.3565045829783046,0.2608071560569039,0.7324559754802813,0.30534547014225805,0.6769313418752455,0.7554907317758404,0.15492005373695716,0.7198000491403608,0.8505659622796397,0.6878382219044266,0.24780307660545686,0.7279183203815117,0.3799056129789413,0.3774775626083919
4.0,0.6039190183788402,0.5098869983223604,0.7569932510416326,0.5260232532667842,0.49165161271992863,0.6696588241521083,0.2792347788289151,0.6701757262239604,0.6438639882949792,0.8809410865011016,0.23987117389875354,0.1880562263826695,0.6445001760700266,0.5293399917336086,0.3158739882291363,0.3720628853165459,0.7268806617327839,0.5406159837714873,0.6243173698573435
2.0,0.5793531594296899,0.6012175422042981,0.9064827911272467,0.39076900069707166,0.5556247436603545,0.7433645726209424,0.4718243545363975,0.5593251281110665,0.8358763811655688,0.3265926197996745,0.5613650881308726,0.19315245980818263,0.5005267154315074,0.7659893916320196,0.6721296295858973,0.17873761254628553,0.6257578853853022,0.42313612345646895,0.7937601070440258
1.0,0.9420024652923504,0.3927118647648007,0.7006994863038816,0.4231509618882128,0.6059881093354399,0.7193606499001057,0.3480655936022468,0.6904849069182308,0.3048040860741531,0.4295274253585317,0.4410331585862438,0.20440281835938773,0.7419188681986564,0.9729974591912435,0.6360985188508517,0.1325321083166787,0.5421140013605746,0.23769288640618122,0.5358226226354593
2.0,0.7712709915363735,0.3496281340139451,0.7232168758799169,0.5683630070759991,0.3264916904016895,0.6986747075799769,0.39915385444699264,0.6919768378628937,0.5925407600805189,0.6312162709098916,0.5861546237407091,0.5461736984238053,0.6383677166569568,0.834255669733825,0.7722268171247891,0.1978612967035398,0.7011220362371067,0.5166063217964417,0.3118450426453148
1.0,0.9263631039950534,0.5190308778890821,0.39871217663134007,0.41275375353128413,0.6135607463060082,0.9430081942930686,0.31923336678221376,0.8582384518721962,0.27459319288911666,0.3808512589720892,0.44898278652916823,0.20781112093848497,0.7301651914736798,1.0,0.815354162430527,0.11462433060907894,0.7294018381377391,0.38979411730973706,0.5086059519270708
3.0,0.612776634996371,0.701963494998682,0.8946477955216564,0.6622765910461327,0.37310722515825784,0.35510926958623074,0.2567359556342243,0.6423434290739428,0.9975604013500197,0.45246420358084033,0.526090769724146,0.7597059816188939,0.7109170820908846,0.48815457356233743,0.8553355454318228,1.0,0.4753489937985373,0.5180278781092921,0.7277688306177245
3.0,0.29764799375181594,0.1911128261882318,0.7888762717755805,0.43365705987858777,0.0,0.6472241210907724,0.3886711348316833,0.9695974896944116,0.7229753034241009,0.2281616737675505,0.6547031773905377,0.5910081182152257,1.0,0.5443438672774901,0.8819718285163352,0.716216741404841,0.6202558820730412,0.0,1.0
3.0,0.5951420072496405,0.6390375276963665,0.8970946391180231,0.4827138652300324,0.5920640523650249,0.30992098962941755,0.3904409776548534,0.5806576204926353,0.79523087513508,0.6919977682193409,0.9522415759370106,0.3917714249899056,0.5771655017625613,0.6621417007868624,0.6397284652544215,0.2848017991854738,0.7308119980993983,0.6615864673766726,0.5468085897614041
4.0,0.3038165566120347,0.1615080566721193,0.9140932862736734,0.3850954408410933,0.5752238836478207,0.5334004951517898,0.25195112593299634,0.432053029171224,0.45949654928031153,0.6331017621354423,0.2882043618261301,0.6754734654881582,0.40463922630494453,0.5904297298810055,0.6245495209160964,0.17018165593084153,0.7110078884500239,0.6909981796529238,0.47934761252511615
3.0,0.5565900923705973,0.41271974771638564,0.7628071638418891,0.8489795285308579,0.5080598949795926,0.24484892029939354,0.22588023357762563,0.4900377410242294,0.8071056920122017,0.3010912589385133,0.3653208550310151,0.7595109964294966,0.09375315847198311,0.2769110952936542,0.8656530349010734,0.2748338860524852,0.22148911249520822,0.676716255960474,0.6892670915366915
4.0,0.5943514309965915,0.17006086400846535,0.8302769011718908,0.402944686728522,0.5904731664113806,0.3066525933581786,0.2499512197242213,0.19093356310514978,0.5814071461067117,0.6396188102252264,0.5097271175394412,0.5937842949333654,0.7856152360099096,0.6451680925599357,0.34305676907614757,0.10274867327773796,0.6638245844067198,0.6112629562281873,0.5922718527680871
3.0,0.593162739883335,0.45625768601036626,0.6911834657954822,0.663826969976433,0.2963226362462729,0.500773453247638,0.27877460662480175,0.7031833801603312,0.5707247293857385,0.6502796829495101,0.5926399972514133,0.2228836369513416,0.5121760924840659,0.6903158126952196,0.6305674054630697,0.49593257115490014,0.5138467494393582,0.6045132851091131,0.8461319747118574
3.0,0.5281049916139194,0.5912382245586627,0.783195202486578,0.6379857332748959,0.4664936420366291,0.6040322692921989,0.2929038100750366,0.42909949978640183,0.7646230663715137,0.6517897485644525,0.8644730835918691,0.18434733716696963,0.6199153784788933,0.531595185087155,0.3450464077168721,0.6174747334221111,0.41851463332035654,0.14927740630252392,0.7277688306177245
4.0,0.7388388034899716,0.538747325715111,0.8609176489413529,0.8837047836784666,0.519313146412511,0.6955354896934611,0.3088619806515028,0.6113894396400132,0.8633429845982934,0.45655952505690045,0.3246188625993628,0.9099951729271688,0.20088070135457123,0.5706954107865347,0.5625319038302851,0.313135600792981,0.8482486506281448,0.6833871344194116,0.6714351803498102
2.0,0.7508948824661184,0.6241773384662391,0.7530336836364947,0.20476005404308767,0.7078616373624598,0.6331351892635299,0.42888123846601484,0.6497858682227804,0.3293685723182398,0.439631626437698,0.39442538734867555,0.24984552878654406,0.582026619660287,0.8789811907745506,0.8057175515818745,0.18046390891491648,0.7411225043018875,0.6342701721931714,0.7059425616220755
2.0,0.20315907806740596,0.3161384946846908,0.8518330504162782,0.43409213195334473,0.6771032375466294,0.7680825860223748,0.4082763916083445,0.5525085036343682,0.5414849358940848,0.49611930537279453,0.14603528854509137,0.504390626998278,0.4908307981079847,0.6042529861717983,0.8909459417288005,0.3049792780133077,0.8694986581384795,0.6074234363815842,0.7471522961902428
1.0,0.9116470226219979,0.44887344346892516,0.8503454896450008,0.36099919369303163,0.883514983135805,0.8595905852779608,0.415011634480348,0.7232950149992293,0.14227268499485954,0.511826686452125,0.45530131745282204,0.2678237727321928,0.6769292193760515,0.9041161864703906,0.8368564661274223,0.261652259107091,0.7426453332088756,0.8409603779264422,0.5167604309397014
2.0,0.43570768553608313,0.6090816482259953,0.8105105713748016,0.31214775865647315,0.6027163356692384,0.486662265905215,0.40406394445232496,0.3802947840287353,1.0,0.3290871161760585,0.27103320376696227,0.31345679701122264,0.428300986906011,0.6041669819348976,0.8643205483332348,0.23712089084897242,0.6213873356767877,1.0,0.6442942336986424
2.0,0.5171462596530849,0.5066533321462307,0.8672424432639773,0.25445533803720244,0.3708582506248132,0.16169068804071357,0.29641860817214016,0.4425962307098476,0.6432869406632027,0.34575922675772935,0.37314847695912495,0.26251927827211435,0.5856456691770017,0.7594052847554356,0.5445964142792236,0.0,0.8006971293811515,0.38638915647962346,0.37503009037908547
3.0,0.530738048111904,0.3613089979509737,0.8245031126444534,0.4362512325039311,0.5603480395195672,0.24885817298212393,0.39220160550456123,0.5535220512345551,0.6036839107341097,0.39820471042235484,0.6938039338253849,0.49657864718482675,0.5191885399728917,0.7297052032363137,0.7466355984719181,0.6943146695638224,0.5716644382299072,0.7772131633655187,0.773324937685544
1.0,0.9549199408386388,0.18344768775786835,0.744903122398871,0.2469311929155325,0.6911565942290376,0.6571178282003485,0.05152540350507191,0.6872784994490381,0.2676717962825209,0.4780597091887099,0.5006463458258793,0.41449942879520457,0.7418472523423985,0.9312983459689131,0.6989407419998921,0.33939549492024973,0.7398969738660504,0.4227543878791161,0.4976187171821701
3.0,0.3261660448516271,0.36246924476633563,0.7958442164469391,0.5618421007388056,0.43137818616639056,0.816702300519697,0.32032110337746866,0.5335221475726326,0.7581650742045304,0.3621554683636365,0.37331500089028946,0.7728458859147787,0.3905830657364568,0.5363872473760466,0.743114647111027,0.661587777782557,0.3067275989613345,0.7356707394662303,0.695051672882981
4.0,0.0,0.24212197705332686,0.7541719893516063,0.5208377266466468,0.41597057973130913,0.40876371901904146,0.2437093146661863,0.6484378440750218,0.7618347727365088,0.3755510229215546,0.103072870215966,0.3870767260560001,0.4601216777054377,0.5373106990523954,0.8877285111575992,0.18001032277612422,0.7473925511504266,0.7293543108509192,0.6844924452537857
4.0,0.18943961946894422,0.2763649408539044,0.938582463894877,0.3215584257617473,0.5932046940080609,0.7035424878546143,0.3830799058869933,0.7563837570790629,0.48630474036639326,0.6210057772435394,0.07556382010257025,0.215140158123488,0.3621025405559589,0.4667660317396655,0.7614991081668714,0.14209851238463236,0.8279293761494939,0.6122156870591005,0.5774966545735212
4.0,0.3237218393021931,0.4055430619413146,0.7564317714619789,0.31870394351777687,0.7358657006533726,0.6716177203077522,0.29743691341890277,0.2919143368097078,0.7054142191800179,0.5972958303905443,0.3860774689639728,0.21644854814318337,0.5037063320843226,0.588871643923229,0.16219052161990116,0.18577876753766714,0.7550557245113902,0.5493519210279921,0.4094723431657235
2.0,0.4669165915340411,0.3676729376215576,0.7060148884257491,0.40603823885102297,0.5841808922887867,0.54103261798204,0.32369790218467853,0.5135413141584186,0.7405811002356435,0.502832905047783,0.8970412418348205,0.5262075709517016,0.8251279761900254,0.5762042350346138,0.7364607109720193,0.5305460818544173,0.7151478598397202,0.4677575116997907,0.5025067382578113
3.0,0.506154238664761,0.343142075098618,0.8168592080169285,0.5077191197368469,0.5293312517793719,0.7375408367426682,0.32032110337746866,0.32157155110257896,0.6776557209770429,0.4583574905580598,0.991817964963608,0.37838297183876185,0.6213034056177047,0.7052841862293198,0.684454236434311,0.47874243938087335,0.5033150076990538,0.7189966839091992,0.6904548438645929
3.0,0.7192282064711536,0.30234410614201634,0.6561190841246555,0.34977033202057917,0.6652159223372083,0.7271712058261429,0.3531543821400382,0.45815465769155345,0.547518720139452,0.39933801901031024,0.5866216670984916,0.39021690054842567,0.6746351673296229,0.8600976743256538,0.626443490731849,0.6926487744925041,0.43007070233757505,0.6126382149719438,0.46857003120603463
1.0,0.804119833159045,0.6066170607770062,0.5962334026253423,0.36775997843110964,0.6701087768994136,1.0,0.2917240449970584,0.9296542963456322,0.28466270204965977,0.4871199621239985,0.6883543503670178,0.5348037659982448,0.6739274797135072,0.949147369670113,0.6101380429285931,0.1612538659749658,0.8755889907771209,0.19941623521714696,0.5861857874972625
2.0,0.42091404701394436,0.35285467680450955,0.8190082252195258,0.3712938620566844,0.5361067088075666,0.6896171102084352,0.3486902932487334,0.7138206259878631,0.6417247940547653,0.5240049939194551,0.4374131206619755,0.4521261467276494,0.7851539549795382,0.4892940919023519,0.9046372003850686,0.3334394343039583,0.8736340739362454,0.4682549636944114,0.4248522899615459
3.0,0.5918175584223384,0.457307920425072,0.9014640073914827,0.9379519788538261,0.7145908156189417,0.6627004095823464,0.32248613564714124,0.7757903169914829,0.632061309489979,0.437006194758249,0.573654053312896,0.7078023207766099,0.05306364119270683,0.6101105722233658,0.8462424215341204,0.5808478410097294,0.5232926923226136,0.6924824691289521,0.4954334241202507
3.0,0.8913570116183143,0.4936077632450637,0.853862801183496,0.42708670794889486,0.6259948510625116,0.65762964023273,0.40385193828709154,0.636886865196975,0.468475629884246,0.44361837404802923,0.5068408966202906,0.2795889132433151,0.7115238035038557,0.9545153350935367,0.9027411456241253,0.19155564996382546,0.6377261515122266,0.5350156759352982,0.6110719780927244
2.0,0.45678591647592115,0.502908487127892,0.8133782893235769,0.5928272372547614,0.6391812233847767,0.6657023263265555,0.0985897937828234,0.44694849563351097,0.6018371509608371,0.4194168069070536,0.7605922853046436,0.5237433224828778,0.6652149544861294,0.6437976440980454,0.831674446459369,0.47526070095894707,0.5994457771626431,0.5812776111788264,0.9308153620644022
3.0,0.44830949054919206,0.5599506680914524,0.7778821486270031,0.7816867307940557,0.5286194029501186,0.7594600741677557,0.2951048364344283,0.4065929751749044,0.676215847270573,0.3493706827135963,0.579410360366637,0.698299679789257,0.5388190202220627,0.5532183561788039,0.49631211184474316,0.47733566628004687,0.6592538510307161,0.5754029763473602,0.28005651562027867
3.0,0.6010238773614397,0.2964592921610944,0.8202880249381209,0.869349642943988,0.4899471718421452,0.14528537454089344,0.2057276020541739,0.5968911521070825,0.7895563511684004,0.4247591878455906,0.17536779031377392,0.6461263726008426,0.06543439396581488,0.32326895480366086,0.8219923271463416,0.5566656139579524,0.6135606712049267,0.645991852254222,0.8313012311033908
3.0,0.6395279930948743,0.4033239286892235,0.7196143440378101,0.4280793097858302,0.3978760495254869,0.5543004833500387,0.15945631390673834,0.18893773696430177,0.712844069553582,0.21612193518361583,0.36087057657262617,0.41081286974894,0.8961217009023097,0.4677047901592918,0.9748378691271706,0.5916260330263136,0.30146189890931635,0.5205708866201394,0.7307350380798002
4.0,0.9147279769086658,0.16543762822798844,0.6992609663253759,0.39787699838888185,0.9053919672754756,0.9275744207126387,0.5042977999865444,0.7409124579423645,0.184774412545954,0.33440297462784624,0.3611287887769455,0.18879104631673732,0.7597143090059412,0.952195253603435,0.8044902616461751,0.33130913040841375,0.4866506702520481,0.7438333425579167,0.6719792751817426
4.0,0.2947168365200664,0.7084366565759302,0.7932260901921664,0.3357791602929007,0.5979314992469239,0.78090932768655,0.3469382177099715,0.6500103179471661,0.5800448760805602,0.6470242997809137,0.6461451795363607,0.19814074669735152,0.4862655808655641,0.5930634062038069,0.7261860310796356,0.20002832900632658,0.7988003551598761,0.6852438127291585,0.7970809595693644
1.0,0.9111786429559531,0.44382990713992937,0.7533187907720101,0.42259460104562385,0.8630254167277485,0.8362401423420025,0.37613098722075944,0.5867535510950602,0.16806555860582903,0.5396174770855292,0.60634160201257,0.5198180716554442,0.6861039214724061,0.9252652413520048,0.6160666729876312,0.26483984306366626,0.7884789589882193,0.708057860249255,0.20475077053104426
3.0,0.8916101495506437,0.007603643618355796,0.8427592482978233,0.764003427393161,0.5971664221375308,0.5016337957413818,0.32850200572229726,0.518848067570109,0.6718355873570749,0.5201538839889932,0.39300767323431535,0.7620332982581797,0.14431002495827003,0.4804585016728533,0.8034635577699184,0.49250913172786664,0.49424530949298795,0.7865476917100376,0.5144671089573655
3.0,0.817783239406427,0.3673845881361889,0.7687437012069318,0.4178873446625945,0.9002767479486273,0.8325471687104254,0.4159337221301093,0.5309214656254442,0.029994759430489654,0.5501477405407312,0.5983356548829348,0.2945699577243274,0.757436884000937,0.9376779801658224,0.7929925708967401,0.21779402891318256,0.7065086023402137,0.8694139985707139,0.46531784982739727
3.0,0.7488432108764282,0.3884901300468389,0.7958442164469391,0.6520553793898538,0.5151044581251152,0.6303484269955829,0.37219492978335456,0.5937670469822597,0.5681434464426374,0.44154864916416325,0.6527188041927096,0.5098965434918042,0.626685590185138,0.6794958053137578,0.6619472885405313,0.5642561994269598,0.6643363746979497,0.6941236518719988,0.6767191895490231
3.0,0.5271401131718071,0.3759973278024242,0.9376923240700972,0.3873872369016551,0.8124025100157934,0.1747095827595689,0.4340603429115153,0.99038476722886,0.278740556792968,0.5510744621954766,0.44550878708989045,0.38034284110600214,0.4595654861591611,0.5401727052520895,0.8101739138808983,0.4966054471326602,0.5620512372136641,0.6147425333927973,0.8290028135878963
3.0,0.5252395536092448,0.20352423978843906,0.7583909585734793,0.6747836089455181,0.2836397389890608,0.8440434587563943,0.2984521613431469,0.44463023854458605,0.7231336416978824,0.6697494685871526,0.5579503932692063,0.6282032679046723,0.3172065135217492,0.6299296945379019,0.914920788679967,0.6652842080027529,0.5930393765235495,0.9003525432635675,0.6981835657793858
3.0,0.44321821336588063,0.48625398973028167,0.8118385956958242,0.4561726514125108,0.47646509510537555,0.3179398514151376,0.2893520943861163,0.6701757262239604,0.9235112997146616,0.19644073430843206,0.5045155405841357,0.35603489151310724,0.7779544836996534,0.47568335538753526,0.6986461680191863,0.5597403109834092,0.5405178848465495,0.3453596462970255,0.6643167094814978
4.0,0.5144622749222321,0.6351264534707753,0.7917853083748952,0.34619672145654,0.5952959630734777,0.8884630227366523,0.4358978554059054,0.7356880558982443,0.6394789728816841,0.4789492092414114,0.3313959863735051,0.3112861862743289,0.5758116833695561,0.7187085458963597,0.8857188229638691,0.2260725646207352,0.7218871307957727,0.44984126093668425,0.7291301616482975
3.0,0.7237782515170764,0.4094141486178088,0.931885896692195,0.7144199181473635,0.3273392678700442,0.638087186761582,0.30219661842243395,0.0,0.619144132437573,0.5867232377319214,0.5127620419999784,0.7947723047785007,0.5777510133591097,0.23994286464003262,0.581637335514821,0.5597763473696583,0.6686414249982232,0.6520225309127098,0.7165131844881568
3.0,0.5704227638351598,0.5118715042852279,0.8185800315363216,0.5082294437694702,0.6478965225235879,0.6003427813296563,0.21493591836905984,0.5225419324865033,0.7058748602992794,0.3284378918904903,0.34647251547738483,0.7923527606909376,0.3864793346248107,0.6210750115462496,0.7904225534027789,0.3180955698012243,0.5932712613619044,0.6280935829724041,0.7556097341206318
2.0,0.3395267353419672,0.6066170607770062,0.826788772505226,0.22597369757595437,0.3055852732633923,0.7343881001646172,0.38476700312918,0.39556041152163635,0.8357754393924464,0.4976760179386729,0.6030975709165782,0.28058472697986453,0.40887460779562906,0.1622475578391585,0.5596973829926867,0.7594278850758973,0.7322771123410452,0.8206660553001973,0.4075746497672941
3.0,0.1450659024520273,0.19249988506840077,0.8810285916921646,0.5636188822352858,0.4875716824816449,0.754313673541567,1.0,0.7029733844202083,0.933298895105853,0.33450963350479357,0.19437847543127618,0.2543315615230566,0.3880495965439137,0.5688961853968426,0.8237244737834838,0.34130051923572036,0.734300201352881,0.9451336454954687,0.6329396691253147
1.0,0.908257127799965,0.43715272770588415,0.6327556751778884,0.4457689236088168,0.7073941620970648,0.6493342314796393,0.30858100861832816,0.6706132556920128,0.29224893220056447,0.3949225361392432,0.6141773890237516,0.14716949549774314,0.7837061101528746,0.942750770019744,0.8868026842412701,0.20951434255652754,0.6721275095525665,0.32164333922355387,0.04025693848385987
4.0,0.4257365956551697,0.5192767956696249,0.7395197102181458,0.42259460104562385,0.7264877986680385,0.7709026723107036,0.40332134062217495,0.569069806467709,0.4669400561154838,0.6362990691229287,0.11584316013164739,0.7004818940991102,0.5298937574623795,0.7072116629338927,0.44692087378937295,0.27281096771292135,0.8470538735717099,0.8160009488283942,0.5012432896504015
4.0,0.42188304360750695,0.464627317166053,0.8663743726768851,0.308415113103851,0.5360899390736155,0.6995656400730442,0.2542694981458237,0.6564920809789839,0.6379781424691027,0.6268834715054131,0.47451877603894194,0.7035528997702474,0.15837971311294818,0.7500483850176414,0.5038834707553913,0.12575244065884184,0.6089508460674556,0.6746354076349976,0.4069407500716532
2.0,0.5550875114101165,0.5011558417067837,0.775566854371605,0.6220258501380975,0.5198287896488344,0.726358531016787,0.30004141786697214,0.7839923558231318,0.6355617651137629,0.3886011213830559,0.5370372180317475,0.5453679857056636,0.3203290591264555,0.6303904131244724,0.671806658994294,0.25512636682019774,0.6114280005791587,0.6358449810770831,0.6234335493749591
1.0,1.0,0.2855227481734252,0.6769213479324453,0.37426650048983195,0.7268412156829094,0.540278064270077,0.4258147717895729,0.7140277902023513,0.1509533130300385,0.33568098839128974,0.3332566210433709,0.2209715052202781,0.7824190313047278,0.8638074656857498,0.4951296318088117,0.24741805730609237,0.6485582331688866,0.47367654053992325,0.485685421328037
4.0,0.31043762243879575,0.7604164203094287,0.8164269747682897,0.0,0.7135233076256277,0.8691044283679991,0.3234289957510479,0.6167884207094183,0.6269089759512635,0.2953052878447225,0.20491111513405053,0.16242364907093648,0.6880035578512932,0.48134285669620247,0.5297243286898733,0.14792960413664435,0.8051405323809696,0.8347950030140078,0.8643670432489128
4.0,0.49412827982817076,0.15215502629612718,0.8463940531720078,0.24330472331180183,0.7241987061800986,0.8127597695523066,0.4339633545780037,0.4955023915271788,0.48095061717344206,0.6511912053747392,0.5889016661473458,0.4615289763219262,0.59527116665121,0.7147101861764366,0.6152831216311073,0.20714203957458965,0.6920824311599053,0.5380946340528424,0.6488331344524174
3.0,0.33986373276826987,0.6097527032151034,0.8133782893235769,0.541316901112973,0.5928349686849009,0.4236015050538587,0.5297848231857569,0.43704910556204357,0.7993341464453445,0.5947343052933626,0.7838092645228616,0.4241471627030859,0.5675026912578017,0.6569415004218967,0.7232213358771026,0.5864242666719351,0.7549981791936903,0.4562695842057627,0.8632805093231348
3.0,0.6692614401912507,0.5846033201042324,0.7742703961642469,0.8382055849272134,0.6037783817381354,0.7750838219012983,0.35364677366857017,0.5935262244367453,0.6937484372327871,0.49650905779750876,0.4483721016014751,0.9393228503857014,0.6162565244296551,0.4143124506081323,0.7317635128825678,0.5428944251750856,0.6505565203411503,0.6432213630223595,0.059793487485118264
4.0,0.9031488324949466,0.4320465826437171,0.7917853083748952,0.3251839084988104,0.7969987464399535,0.6498594534409987,0.44867402903644044,0.5840770702377771,0.44456353521663,0.4233557888530502,0.6196802371098714,0.3710539346537588,0.6855366626437245,0.9150123247295308,0.7972262100166018,0.17008868180947276,0.757174889002383,0.6036459152858668,0.32288904389481443
3.0,0.6112013925603786,0.08785413879434133,0.8821679083401411,0.8666741166910134,0.47771031482806575,0.7109137602891882,0.39623828626306173,0.6146801189146748,0.6503598517901398,0.7049878530001783,0.28557352450812357,0.7287123956708373,0.7439010286846826,0.5170898631062126,0.0,0.4597921749030783,0.435409648131158,0.7464159469681042,0.5643038661074926
3.0,0.6187029519155738,0.5293051494868677,0.7636258075498341,0.4268150071765522,0.5156060561939364,0.32265048816997427,0.23717647637579278,0.5862675846635949,0.44586488818237185,0.6617122741358856,0.7435492352395922,0.6169226959802058,0.5795253567810333,0.7476251696350781,0.47992905909889905,0.22526030378369458,0.7463792012032859,0.5319068308612542,0.5704536576156047
1.0,0.46571552707871117,0.41683568030902546,0.8465837704116851,0.36139650287556224,0.5631081470977194,0.3480338961692878,0.2596721519909287,0.6806108628351818,0.4233186992915107,0.9649393457998938,1.0,0.11434175042728521,0.5719608728074858,0.6350224891535007,0.5495536924230411,0.15115535068577554,0.9262892501046086,0.44453269556833946,0.39325563099522637
3.0,0.3412089966901146,0.3904626015765164,0.87574689252136,0.6194252084530442,0.8058505775991933,0.5628312539830994,0.3656104414711839,0.685348459831489,0.8063000865358921,0.37158944697595137,0.4994658005413968,0.35495042483336536,0.46794912964511726,0.6249567842458459,0.8539549345423356,0.3816777047769036,0.6745857585030374,0.6454206105246353,0.6971414156267448
2.0,0.53229577787387,0.44622227972682865,0.795607437558865,0.8054792742029948,0.5744482824262636,0.03440199088164752,0.2534433315426532,0.6207556522900233,0.648659250314867,0.4571858310028651,0.46419045898886163,0.7340609536328598,0.46794912964511726,0.5660689735988774,0.0957526706541549,0.5308554882672781,0.6710540926190977,0.5066217537131028,0.5311994620887456
2.0,0.6716184453602362,0.36796119984728504,0.7463763336099436,0.47966891619993013,0.6841465514928403,0.6397198939210921,0.31068263019039216,0.5643372448551451,0.5700970734126245,0.41255920989044353,0.3735646458455425,0.5239201978932253,0.7095125284839844,0.6655220760954899,0.40407836838538896,0.3679462827011406,0.643485577971155,0.32164333922355387,0.6696634591964529
3.0,0.3206168284238767,0.36449628235251036,0.789850060930803,0.626684969283037,0.489497913921637,0.0,0.36322741665124497,0.6730153940810476,0.678475477030675,0.5258179404302364,0.6634840646793259,0.4841429715007798,0.3803178779195454,0.608681254574608,0.8474831449056318,0.38023022061981737,0.4566601431276777,0.7169453294856657,0.48121862870407145
3.0,0.34360842550106574,0.0071828075091719,0.8023765729988075,0.502765247992203,0.6166314634901225,0.8276484293705844,0.33558256314036544,0.7526426172828791,0.5513201177989219,0.4608842519486463,0.5688854729416082,0.19243114347767393,0.48207704145419955,0.6254276111663584,0.720773044897002,0.5154539969529435,0.6342585432993019,0.739387442143843,0.4770946695216085
3.0,0.23360939734448807,0.6104232857965782,0.7425260992165983,0.5151115186621726,0.37295752791184444,0.8889372964886485,0.2695949127017371,0.5527620111055401,0.9232182220822643,0.13904154926143353,0.47451877603894194,0.5269069318154704,0.9192424134322021,0.2651133010635122,0.5932894940868019,0.8949753222839508,0.405568101779357,0.7651816928555571,0.6166140202904309
4.0,0.4564891740537731,0.0,0.6422037586888096,0.8847874209632057,0.42750512044104594,0.6701497458879757,0.14767599636237774,0.4240533045194828,0.6691410922563803,0.5133568948491625,0.5401740679680818,0.9830076003882987,0.28177154026896295,0.2758305255112517,0.6642778166654124,0.4722845466139373,0.19578784661805312,0.4672592858619833,0.5039474314648432
4.0,0.4736035750592289,0.1886806024982104,0.8423732607527282,0.38463341633968934,0.4672373736768778,0.6166002268666111,0.341754290154861,0.14075273239180697,0.616596683410999,0.8241223131469312,0.40740094272535593,1.0,0.47006537687687466,0.6096071256703766,0.563938894152408,0.32752262765436,0.8338551865424263,0.5432487656458291,0.1254226621341258
3.0,0.2934632384159413,0.4333929609846751,0.6162605317636515,0.4949967991617981,0.3665966988174836,0.6550618236332166,0.12305109454294844,0.4700495988365445,0.6815213535392304,0.5122012839778941,0.6867570071876989,0.17752049401651157,0.4813860334624482,0.0,0.7871778342294746,0.5636498002289734,0.6533432764992863,0.20699708881278409,0.44403630545927397
2.0,0.8233112803033115,0.4716324387474648,0.8701695183472948,0.5829678628787474,0.5758089479563461,0.7795487394084059,0.41715927402119796,0.5330026880038143,0.534380620021155,0.36601517702907926,0.5760154122627557,0.9132332891812768,0.7082836125535357,0.8288402979640513,0.7865245334051464,0.3884571658377828,0.7358059784241072,0.5131686203326778,0.8276405105551822
4.0,0.3823614282578194,0.5069024657994478,0.9496083476559768,0.39054559450339293,0.5317999123632974,0.7441326177292699,0.32221626346803606,0.44694849563351097,0.2630156728711568,0.6905904220130933,0.7719461261469488,0.6838691173861856,0.4616700934548204,0.6268343089799245,0.5708737397905101,0.26075827163794885,0.8876974965963188,0.6735026110658782,0.03830692505832631
3.0,0.40734411996326747,0.05439983752612023,0.840238625153191,0.6819005769801799,0.609634849336906,0.28625905101871946,0.32570791299180607,0.2248858293633347,0.5566593629824119,0.5156917859997778,0.3119593562964619,0.48622714083541557,0.362292059677122,0.6618075885193702,0.6956839379604364,0.36087542188853844,0.772077322863463,0.7515195072069816,0.2805786100931327
3.0,0.45072444729502326,0.34815790294935745,0.9070660722923072,0.7790911142173705,0.535754456311294,0.5167133089436784,0.28137400761494447,0.3065356639014621,0.5791016806069472,0.4729059298025039,0.42322161691132854,0.6440122686575535,0.3265340872315772,0.6127770780827722,0.7354234111972086,0.4324793402499518,0.694786830037279,0.7728901966667063,0.32965973222352035
3.0,0.3884496972188369,0.7043960884066263,0.8433370129264426,0.7092180368471779,0.7077058484745047,0.7210219220619102,0.4553866728595239,0.6195908630638803,0.4418353807735065,0.402853231624962,0.4857947752971224,0.542934175573731,0.3315304678419003,0.5737613060432993,0.7629209691770823,0.4244949289039971,0.5078875108695817,0.5545825971651694,0.5220195180467249
3.0,0.4827802498600603,0.4266419581158991,0.7014153729921514,0.6185296160137849,0.33030877841461487,0.7694959352587127,0.32262099101182823,0.610210904555825,0.6583755618043254,0.25027290205862857,0.6355899129446853,0.8851893869894103,0.6983407301968978,0.46121185311984747,0.8515230175701494,0.8725639248560034,0.20405269427810402,0.5402191931634568,0.871723280895092
4.0,0.7774487643000603,0.6991175954752976,0.8345137058885517,0.4433969582594145,0.7144751438364197,0.7730005145160975,0.42141406129487374,0.6488874382279656,0.4370003396987998,0.16162484515811348,0.5003515637062895,0.386443635358072,0.6810340957406443,0.8970957451197052,0.8143650846945748,0.18109808987400675,0.817189840116028,0.609028833785476,0.7254101459936749
2.0,0.6049290556592312,0.6027955659052672,0.8314954335865076,0.6960022423533596,0.2626682760041403,0.28625905101871946,0.2756906835400212,0.7463018793279342,0.5854605005712308,0.7536930577856821,0.9152849943748539,0.5479366230054102,0.5501716269009089,0.6348720947500494,0.48793220614906263,0.1602074843305809,0.6975337569127505,0.18729940342669238,0.7863889266651453
4.0,0.6181859632196535,0.4055430619413146,0.0,0.8365835140659391,0.2435407330670712,0.7347840047595691,0.09172088933290681,0.26257285715012235,0.7658936539871465,0.8124982716275281,0.38138388698699954,0.7444762200340145,0.46073154506969166,0.4998456390100436,0.5375114595575202,0.3689793045159807,0.5130282107795734,0.2450945545257986,0.7904207847211406
2.0,0.7039173496825892,0.24638841406650366,0.8594881057450255,0.20832109423671097,0.6860802876591106,0.5921901162281552,0.3188245617888762,0.7900420111464037,0.558685246250286,0.4891816664420664,0.25244583834636897,0.1566083018109545,0.876848817201041,0.7564613304896927,0.33186415413175263,0.22346766037416588,0.7046554450380695,0.453852394532298,0.4213537551951866
4.0,0.6643269488472288,0.39439533356994555,0.7603335321479213,0.4808004752397095,0.599642111563525,0.6009608483436264,0.22534134928434227,0.47593130973558967,0.6081067880669656,0.4074477995347904,0.5376240821670408,0.7457894097484538,0.5942055147238198,0.5256120876988737,0.7171999194566223,0.5874698990184456,0.6907182691144143,0.6385824004037635,0.4336115869803064
3.0,0.08628527946213489,0.439027060741692,0.6591476171408291,0.7600331019255757,0.5080598949795926,0.6472241210907724,0.2562441012602764,0.5332624600069803,0.7142987655333355,0.2671894481563202,0.6346896852497754,0.500712227224746,0.22119228921757378,0.5216991672221578,0.7387812259806984,0.5334376652366155,0.40399616903683855,0.674722380103009,0.6232861193911737
4.0,0.5349376156785138,0.2683989927939603,0.3376691449343093,0.3706680817255147,0.6016373968081105,0.23873299088865316,0.16829592641959581,0.7435119031721408,0.6340284752897472,0.4643180177719567,0.36035360900393626,0.6764931898035339,0.9631296962471705,0.6720087746571691,0.6541559340505084,0.5401822257039619,0.6274632305574843,0.1924365764246838,0.8167362019537856
4.0,0.56627550012583,0.41984276780964497,0.9145166006296995,0.5296628911890604,0.41382081102742896,0.851649379992307,0.31165893474868556,0.5925622076818371,0.5400546297777683,0.2680733563180651,0.31974189281012333,0.22161060899866633,0.680667732199796,0.5172156670521211,0.5987378943840459,0.36017331227998034,0.9382596493125935,0.5732614490495603,0.13746468685149557
3.0,0.9469181198824711,0.46384578080252575,0.7487139411772157,0.4269961884213444,0.6018198746012231,0.46707556193783645,0.41098660814607735,0.5209609383253949,0.31692659219671576,0.5839501947197444,0.5644511607729179,0.551894860680409,0.7162379619905787,0.8643601649131559,0.8013992366125248,0.2182905085337731,0.7952013847542011,0.3919039807467197,0.5393939632104896
1.0,0.7877237040007936,0.4790995165873335,0.6449638348936894,0.45049654175771314,0.691954615769374,0.39068074621401855,0.2920193723716997,0.560832067486536,0.4847365392016108,0.6990241176985873,0.9322847717210003,0.41729648777504785,0.6423144117441477,0.8635306148128397,0.8262084298701172,0.22599141072137316,0.7924281808913864,0.5146054828210986,0.49433778767397196
1.0,0.9145308022274332,0.4085859533611939,0.7668714375727095,0.4028406096890131,0.6615679179817966,0.722674066308639,0.5078247161895708,0.850942247841208,0.13118872776006507,0.35770497832202225,0.5085753391040193,0.17442163880974113,0.7017004571680475,0.9794481656042987,0.7199523566145253,0.2711418054328719,0.7417328406895523,0.6833871344194116,0.8384533560392442
3.0,0.3023444294425561,0.8066193567518055,0.759225507962084,0.4246259037801821,0.4901986248937294,0.3333632062746011,0.2542694981458237,0.4658217068634741,0.7059308263487886,0.4366355929966861,0.33083595997114645,0.3130242723757704,0.6645790902463323,0.6131909279040912,0.8689578427421529,0.3585891674453038,0.7877309064669025,0.7308174294826256,0.6929546313067001
4.0,0.2812969638994833,0.732916263347148,0.7135942837944781,0.40356783772487315,0.6218166809042188,0.49817755658011903,0.3599834602729199,0.7579537478347442,0.4432048661191771,0.45502874010873595,0.41185160642279245,0.31688869158777894,0.36000479162456506,0.5802505573604728,0.8042852099816511,0.19855599070220747,0.7164435371959809,0.6981093615857437,0.5075341124172791
3.0,0.6382976296574973,0.3285351347202022,0.6018210833897938,0.4265428790895816,0.4837025434186892,0.1721505077690808,0.43454486774361933,0.5084670377039129,0.6529823795610504,0.4170864089585464,0.5859208800079511,0.5460127762461688,0.7261646531255567,0.7359808661840157,0.5033079899581897,0.4404079854050652,0.7375504057481002,0.4677575116997907,0.7020755971648143
3.0,0.4924982034343091,0.4721492930833381,0.6816448875220283,0.5264314588774462,0.6282057896302505,0.22178825477492284,0.2336867671537326,0.41506975272071134,0.9789935813168283,0.362453708774074,0.4922417395683185,0.6835102455486559,0.8307181909429089,0.5840388155048988,0.4945365880048442,0.8917258740462717,0.5663876831169546,0.3438971957583404,0.8753194257485591
2.0,0.36513050051643736,0.3478635842330833,0.8359087383655108,0.22422886188629038,0.5753504272909309,0.36743995159027343,0.4378213521877889,0.7401109241016742,0.6291578024428168,0.6566639628794173,0.6130060675245584,0.47927820872535043,0.7811132136335208,0.5619685455665467,0.802433224674819,0.39280731305490757,0.6925353680354641,0.40830045212740823,0.5481469210058689
2.0,0.29546718449519227,0.5457082519949191,0.838477188038973,0.2965159072378598,0.682004887753582,0.8860803676671904,0.3003295728247338,0.5324828904651824,0.7788484511013197,0.5303630821949796,0.1853423222300221,0.5032352219115716,0.5059688913632366,0.6630746289584816,0.6457974852306224,0.3054478273648823,0.4579125755814331,0.8897317849961309,0.6325042222748861
1.0,0.9433847189795336,0.599636899996522,0.5133097386922911,0.41383181354815907,0.736512791459479,0.8521853685414064,0.4449385608099161,0.6153835045407648,0.16758405011875574,0.355283781664865,0.5035228057458566,0.2619821979987379,0.7755169017343726,0.9969581932096793,0.8699420223910732,0.21696522807622998,0.6443233065818602,0.32991565990979305,0.38629429381332325
4.0,0.904059969439307,0.457045470356558,0.761436222863362,0.4006404047281397,0.723235206440488,0.8176048209464201,0.37393707594734577,1.0,0.29343799931278436,0.5763818414710022,0.6540040293099785,0.16405913896173424,0.7094840424384102,0.925286393712951,0.37065631733492055,0.33618001162681455,0.6976075468613351,0.2678779220163643,0.49433778767397196
3.0,0.526674741970148,0.21442246397868445,0.7967888922343559,0.40817127997186525,0.5466056737794723,0.7590953809800215,0.4203048764485092,0.2809481285735975,0.5896071960950872,0.46331797109705575,0.6522112707080712,0.20233390668390716,0.6421293682814647,0.5512757679384936,0.78761255605368,0.7655021687795005,0.7509339725295535,0.6007010775767296,0.49525095683243076
3.0,0.6859750694637011,0.24704309623498533,0.5660472282216605,0.3371542250633063,0.5873577124887427,0.6632028148728729,0.29113261533606655,0.6758450045183116,0.5125448568988868,0.4398768702778991,0.440617271370875,0.5506354480651983,0.9259782523318851,0.5500804635313432,0.6772490749784629,0.6024537806161157,0.8093181892729917,0.574690723767346,0.11382349878383208
3.0,0.23721857369097676,0.3808435339159296,0.6578545738932843,0.6018915577535165,0.256615766023869,0.7594600741677557,0.2565720836550198,0.5204332442581941,0.8222805819926999,0.4989451542201567,0.25336899119758544,0.7820047425051782,0.17198168985438828,0.3188241496339392,0.8242995760991525,0.3942651588132716,0.23824088173378327,0.581161168308435,0.7893035372719447
4.0,0.5820893368315362,0.40387919685862994,0.8628688176023934,0.2646994954051695,0.6169883042838996,0.6691670996002891,0.37865364934243023,0.3647317752583178,0.665112450443394,0.5094345426606454,0.2472095884302739,0.8456731509240312,0.5449331589307455,0.6680737991562693,0.7033239964658011,0.22183117303829253,0.6328958497509094,0.7498731924499268,0.8020280510504881
3.0,0.3710580579665391,0.24900444734174657,0.9418587421791504,0.5607170497022371,0.7941855922144189,0.9019220524112777,0.38644572487481177,0.3695282402675661,0.7547554286533563,0.5470429056488951,0.20174302709166475,0.5560963326237361,0.7137778069970244,0.5676887965377312,0.9378520155267842,0.43169276249094296,0.7210220608476591,0.6755908082692554,0.7766462336269284
2.0,0.7318361323511349,0.27445917992950886,0.7084538238228334,0.25198346638418834,0.6569343169542898,0.27185200822240263,0.4017245338340188,0.8386318534525935,0.49866232387551007,0.555767288714716,0.21335710863566731,0.24411508554639938,0.5766663418681122,0.5896978338975206,0.3975279594820994,0.2620985248385033,0.8251422749898357,0.4382260704734834,0.783460098389381
3.0,0.6637092175425288,0.39775337177491465,0.6313042433712304,0.5871444175043176,0.6496685481267707,0.1772470619231057,0.2790814576644335,0.5440973077340385,0.5988659242098175,0.8854346695993031,0.723271441254222,0.8684391925751531,0.3475046084682918,0.5658656873743095,0.49572147146209533,0.2876757964165331,0.4351800671663917,0.4985846637539715,0.597219878554683
3.0,0.6475850840523482,0.4793559609333818,0.6476910522676856,0.7376835893903084,0.6502911887630108,0.1871881159477675,0.3840931739673767,0.7318485020341877,0.5923633655816871,0.5170054406710541,0.44550878708989045,0.6737016565537217,0.0,0.5534331851704701,0.5592222713486186,0.8679073661225244,0.36075978910634027,0.5650394892043056,0.4163796823757543
3.0,0.14560381901072247,0.19974899157748652,0.6642480182578794,0.4445461052828724,0.3331971209807552,0.5838102310192327,0.33310812628454545,0.3376579090883239,0.7575946007298767,0.3412767114414928,0.6775722979219502,0.6192932202497826,0.7231356277841126,0.356278969542357,0.8624783760307436,0.977917136884224,0.46669502774501825,0.5271173103293465,0.6039575107634253
4.0,0.5993732988176821,0.6162153114665639,0.8540464353046056,0.49548506212556387,0.7621369210845743,0.9374138097332291,0.3916523933934606,0.6165544395132243,0.4754940630785717,0.452147416992446,0.43530835389519124,0.4660932586717205,0.7922082786661964,0.6565997051160142,0.6510495359555375,0.34835168557279417,0.7328478986881591,0.4092978871020027,0.45895405683402857
2.0,0.36232092445523245,0.42555734368884784,0.7771129809637815,0.2922289564176548,0.575903775176777,0.704856500855108,0.3333694476441275,0.8824244574231677,0.628128229872363,0.5611578146836183,0.8200034201768107,0.18583790921745427,0.41142759399016615,0.6183423213272544,0.5945558867918257,0.17982874809301255,0.7442185007863359,0.35114357073671343,0.7827821811860667
1.0,0.6198781422154149,0.7577401441666728,0.3834804704090801,0.42672434535998144,0.7646463025062742,0.41455753018476255,0.3003295728247338,0.7962331070632117,0.34268013454555146,1.0,0.8592296274163478,0.12611968446302194,0.5363077540000273,0.718238685436165,0.3370050445187921,0.23877642795917797,0.864034673143869,0.25908547659865033,0.4968911695548849
3.0,0.5725772090394123,0.5528560783127328,0.6435879535576636,0.451991903981213,0.43165258008437074,0.6706398674250602,0.26145402344205876,0.7029733844202083,0.6865794484237794,0.6930769478294018,0.7042298299108491,0.7236184780536149,0.38714213814594145,0.5900640744137615,0.2578689201551424,0.1759053672386853,0.6272632537193613,0.5412762109924747,0.4731315620240333
4.0,0.9376014161571204,0.3525618059282146,0.8044373085184919,0.48909083084513394,0.7387479125253366,0.1643399518430437,0.4042758177816064,0.8174407713842443,0.09942441629058911,0.25752827737015505,0.4132735092446802,0.25818794519596117,0.7520290010473366,0.9539001867909036,0.939791350219804,0.27842166476834995,0.6248499344252694,0.6094555841637147,0.5253266038140597
4.0,0.0703806022022552,0.37055164189056117,0.8166431933344281,0.3759772439607451,0.7712452055413668,0.9430081942930686,0.4162405267685492,0.22412130414834655,0.5846897497499595,0.6514546758799035,0.10703632576363996,0.848898133048731,0.381856492147755,0.4616932418857442,0.8149589339915324,0.21737983736592031,0.906457326601796,0.5264272085508563,0.6407241874689227
3.0,0.5277121633422308,0.34284620228442236,0.7856825619266616,0.5145665479031061,0.600023349778745,0.2508429293395834,0.20800599240847018,0.5057833644089168,0.7139146979312501,0.5938767669962931,0.6488360265629923,0.6505051632408237,0.5511542832704066,0.6812224319453993,0.7778956253012125,0.5250542198266254,0.6977550561047928,0.6850754678572227,0.6095653057689586
3.0,0.8584672591036395,0.3531474576636285,0.8958744841492489,0.4104776865805888,0.6315740457609158,0.45628293697745737,0.20932799842478023,0.781711872480169,0.2425589131347761,0.49912110178489927,0.6817788293785082,0.46923642674629207,0.703003680251535,0.896952158952643,0.7312368985946082,0.26601963960693287,0.7713277797807575,0.5378280704823293,0.6333748003964067
3.0,0.46976042030999365,0.5447511431300274,0.8032947447843315,0.5141293320723254,0.281142798128096,0.6524718894780204,0.2596721519909287,0.7979132944094898,0.7214492121861922,0.42636908389327555,0.48769190012335645,0.18879104631673732,0.46736285178226805,0.53382837620357,0.6109355288681977,0.6798538957660528,0.6822808952937104,0.42313612345646895,0.45837217152993215
4.0,0.3258177514209065,0.28991244496327845,0.8951085738610157,0.34269519070642707,0.7394046145165931,0.5959803701503585,0.21862352113508515,0.4437591549161921,0.5820016096397053,0.7131438924537576,0.33409085290049223,0.8931379342713655,0.4893216595845111,0.5597860519608302,0.6753398044242185,0.2723036788814826,0.7603457548410556,0.8809466724682538,0.49067115883780305
1.0,0.787436910878342,0.48140503409274926,0.7172919709597857,0.390321899484561,0.5075876161550611,0.7620006161065921,0.2875621484909007,0.5555452971115438,0.6337225027756167,0.6205918283978756,0.7480049596876007,0.10614928621871401,0.6595421458382477,0.8548929088563304,0.7354234111972086,0.3517128904934329,0.6377261515122266,0.5242088370050024,0.684625588309204
4.0,0.3712663416774069,0.24113469503268348,1.0,0.4881396020999376,0.8272757678219215,0.7754296407967213,0.3469382177099715,0.412354870327866,0.43816846013799077,0.5497454864355241,0.14864735515543606,0.49558367486500743,0.37919856757619685,0.6149209724003357,0.5291977144019137,0.3982878121778029,0.6753993974494217,0.8728988781590055,0.0
4.0,0.21696865852105107,0.39579595508040527,0.8429519984596511,0.19809148025105044,0.43768043827733955,0.5199640378629673,0.3676228916546718,0.6366586976133314,0.5155081166949464,0.671346618267086,0.6363656172969778,0.4678944880852835,0.32491533245875953,0.6742997056116241,0.711615822830107,0.23002960700392666,0.8245893153359224,0.6361393976243825,0.5310275483850802
3.0,0.4395682611873999,0.442764698734105,0.8951085738610157,0.8522588524418176,0.4386895308370967,0.2508429293395834,0.242173430924453,0.4683611259529938,0.8140765329802058,0.2566853915464855,0.4640603199203275,0.6250021172905784,0.36492495219992144,0.4304857926252209,0.8917067903182099,0.5045952051190974,0.0,0.681519629935902,0.5181673644621084
3.0,0.5696805957767912,0.618876721861808,0.7806805388848926,0.395286386208424,0.7307792882444218,0.0865029774965399,0.45828770789652346,0.7421132529410053,0.6990857257643238,0.4846097625685206,0.41706330031739336,0.8745020706698374,0.5271021869320323,0.831500282077024,0.8083590838313859,0.26975780192098403,0.8319242585252363,0.8145993005891766,0.6863537666034899
4.0,0.34632587819697885,0.1969939281453086,0.7760833902247596,0.4954241045512266,0.5573328639201643,0.5697598899446246,0.23298448274248645,0.60903062839391,0.5717535879662351,0.6367963238289303,0.3512757039852754,0.15994891949296045,0.6107007930392693,0.48686579789358403,0.45245987047318653,0.40893036289763035,0.8615076794326363,0.4480814976551608,0.3834430329746209
3.0,0.5985003472779646,0.7134633833736623,0.7446073398480092,0.9545755567360253,0.04608183948191117,0.23037996774634104,0.0,0.8421685072522868,0.9004685177568003,0.5512595464750407,0.2902955981608774,0.6517414369343194,0.037024404670665985,0.0726749980549996,0.410484800536381,0.41481712329024206,0.5670376785442279,0.42711711483649556,0.4107341480559463
4.0,0.8664508731727907,0.23981672523730954,0.5534461140494891,0.42888722443484534,0.6564439644470802,0.7460441912138855,0.40097676895584106,0.6629216799577421,0.37436866783573636,0.42001875139922384,0.5772622635305508,0.5820636407783446,0.6663359552561846,0.9477519233683838,0.7433675589959616,0.224364959239145,0.7525100748872311,0.4056924894244868,0.4880911301644558
4.0,0.583153771326807,0.43285463798778584,0.7541719893516063,0.2719478043238617,0.6503477638051745,0.6581405825755979,0.2824385683130781,0.7304292651374618,0.6132023377936624,0.5788056854185344,0.36155874098582397,0.328115458141525,0.6724341241176119,0.6026133542025225,0.7624477857467041,0.35599444597207863,0.8836434764370061,0.6795555255097635,0.33777994056174104
2.0,0.5321190568642186,0.17006086400846535,0.7734889847625337,0.8364051739911406,0.5283819520134307,0.644030928287774,0.35340066752781574,0.5843207575322374,0.755492855081019,0.384392742776256,0.16350174015808272,0.7181020609059365,0.2948167809443383,0.5895144936603913,0.6093383690961526,0.49187202087675685,0.5167697104072942,0.8035088536663315,0.5907171947116147
1.0,0.9795974556685713,0.26615653753822,0.5493183707744582,0.3227202493219274,0.7189205534880131,0.26248397651160393,0.3496874184016845,0.5857813224521777,0.3037541035700881,0.3808512589720892,0.4129746166646048,0.24295207282336415,0.75864994857461,0.9335127334976221,0.8231482345267475,0.11843756659119559,0.601244021428872,0.40969599294752235,0.5075341124172791
3.0,0.42851278318093355,0.406927399516226,0.8044373085184919,0.47153376568784694,0.6216690868002721,0.5287264710436081,0.32127001109869274,0.720834246764189,0.6022015273943188,0.37761269657373375,0.44938934857440704,0.5644298027928205,0.6064768294527562,0.5081071975297943,0.7285894605117351,0.3784416763398632,0.5178965064779474,0.49798122295090064,0.6404376646260003
4.0,0.45351003888002694,0.20009281490467834,0.709145919678003,0.12363237169839797,0.651266440008805,0.7781819666168402,0.3592583352863948,0.7524452290697197,0.6900060249364969,0.5605557851867068,0.5667735093931057,0.07854047458612083,0.7738602804748348,0.5844142157921044,0.7171999194566223,0.25978758623798287,0.8317591767378762,0.5338027626391046,0.3904373149782805
4.0,0.8898349378278763,0.505406685563841,0.7908197282148329,0.5244838474457189,0.7543460806121398,0.40876371901904146,0.4736407411194054,0.6506832890289587,0.374987230633377,0.4110239146335477,0.3874419262989792,0.17364051173276537,0.7265933129330299,0.8994993569186878,0.8324203993402028,0.21580209248572035,0.7644701813723209,0.4834628479981778,0.5204466231132547
3.0,0.5996137907302722,0.619540914231061,0.7098359309039459,0.7406200022311941,0.3996048634952786,0.6331351892635299,0.38115763119625695,0.736091148131163,0.7170605012927318,0.47433179370776507,0.5036981885973352,0.6873397542793142,0.40237013036939173,0.5701970429131618,0.8085612905194121,0.42778681922097417,0.6127099634901628,0.5841750084627987,0.5643038661074926
4.0,0.16477600793901395,1.0,0.7771129809637815,0.32436658022909287,0.35689708367260664,0.5477397249764324,0.29612709968644013,0.6352883219965637,0.6351167334350823,0.5618189913653131,0.21310009644169006,0.0,0.49012493650679123,0.44951307160548815,0.6510495359555375,0.22526030378369458,0.6636537354362533,0.5886432506176257,0.5910284485319333
3.0,0.6274509912657202,0.7744388788798295,0.9142344779908192,0.6119096650600412,0.3025277565608149,0.28625905101871946,0.2828937846561851,0.5448656316804434,0.988309171675092,0.0,0.10359226543311477,0.885341869738543,0.17621310377347305,0.4823703043441419,0.5842672564756779,0.36742879669911255,0.5961503569437958,0.8313474335408924,0.9965257690196809
3.0,0.6285456787340643,0.3845328913446017,0.7395197102181458,0.6786749269440826,0.41380068719573876,0.15359989957209405,0.15037940707697747,0.6021504270393646,0.8088945533832388,0.5175431173844723,0.45789138036402044,0.8304917488776068,0.02430059125621947,0.403410377153051,0.4951296318088117,0.7754306786172385,0.3416027572101265,0.560599703046936,0.9063827841995583
3.0,0.773492133155565,0.6186552214497769,0.7267636308805212,0.21181032118674487,0.7700512996845484,0.2809369740937335,0.38476700312918,0.7930497466091797,0.2916909214096361,0.6011209011280284,0.7800721064218473,0.6038184442505699,0.7395648195221204,0.864691145002854,0.8492464952871619,0.33711013890170244,0.79674380664827,0.4347497460740242,0.5875957496464715
4.0,0.4669579457091249,0.5683950106693612,0.9539217637585006,0.3425477445339199,0.9147062878960042,0.4345368736658275,0.4584681988655648,0.24002467718843978,0.40169000376562414,0.7341123643192335,0.0,0.5857638967860374,0.6326088880142927,0.6884186744689285,0.5200965603770292,0.35326415677155015,0.9002182734511671,0.47530148624518437,0.605326397348419
3.0,0.9068101606949022,0.2773163934227477,0.6785067075732699,0.38405414538362764,0.803288345597025,0.4052330777145667,0.4304531172870383,0.6917638753696442,0.22629084153854703,0.42784611291653424,0.5872279402988384,0.22224798313007332,0.7322653101104146,0.9183286639901015,1.0,0.25247150425653564,0.8073535410469687,0.5902321502480667,0.41658776021736216
1.0,0.9170027919418631,0.4416982978193198,0.5627977616281012,0.356431417191273,1.0,0.8415572659357456,0.42362157539419776,0.658715033967653,0.0,0.45198892858300355,0.41750660775837467,0.38034284110600214,0.7189362903924787,0.9328179191698364,0.7821313691723232,0.2088379375073654,0.7809900537491192,0.7513141800636204,0.5471434523500901
