Type,211147_s_at,65718_at,215236_s_at,216805_at,202460_s_at,215840_at,204980_at,219924_s_at,213233_s_at,218024_at,214078_at,202110_at,207445_s_at,207664_at,207243_s_at,214344_at,207987_s_at,202707_at,214803_at,207725_at,220109_at,206084_at,212600_s_at,203259_s_at,207383_s_at,213200_at,207118_s_at,207467_x_at,222135_at,213817_at,218874_s_at,91580_at,205902_at,221160_s_at,211157_at,200063_s_at,209725_at,216684_s_at,209691_s_at,34031_i_at,205587_at,206691_s_at,206147_x_at,221426_s_at,216761_at,207140_at,219512_at,215878_at,212132_at,205922_at,203651_at,207963_at,219791_s_at,206175_x_at,207613_s_at,220835_s_at,221178_at,213538_at,211128_at,218847_at,218445_at,216048_s_at,203955_at,220041_at,218967_s_at,221469_at,220441_at,207230_at,217870_s_at,213508_at,205635_at
3.0,0.40448625180897135,0.38112447725747384,0.37673764464950976,0.34547669814194354,0.4536862687289485,0.364915044446947,0.3582840705296879,0.6146088201945455,0.6944657716171069,0.7313191069793651,0.4765591539551273,0.8090190029210007,0.43456291056089064,0.3324928165132223,0.8294958024448902,0.5016247919473744,0.34336280568944594,0.3609633569739927,0.4467798437078968,0.4250200481154755,0.31156424286141515,0.11204550402786777,0.5630696186200129,0.9791690643342162,0.43219741480610735,0.2564874112932216,0.43287037037036735,0.4324372883698427,0.23975988700565026,0.36719732377992387,0.0806815597501883,0.35043503387164077,0.12017931712109957,0.4068667207353332,0.3580025862926486,0.5785513883471922,0.12080225760935219,0.1972097045837316,0.4831559646221327,0.4906729143806161,0.479966841668973,0.44252873563218004,0.4197836896699272,0.09965243836211495,0.5044661846022954,0.5148116637017549,0.4653170433301127,0.41504140149182184,0.5872246243710989,0.5399887196841513,0.5605212808201872,0.4732329257381451,0.44079056635110553,0.31580694102029305,0.33883628712470554,0.40663730410734417,0.5410641989589351,0.2651663273148961,0.3855528081949836,0.17379622975288858,0.3567694264851956,0.33909598415270936,0.4644599564662612,0.05531612387257298,0.1693963338503212,0.36251600512163934,0.4426705370101588,0.4258195740607803,0.7474871291983337,0.9084348239547679,0.4336861253514128
3.0,0.5443198263386388,0.5333780783726583,0.5645735152606777,0.6512336277794699,0.463624049819629,0.4811522448520325,0.09794143644715102,0.27178329816033453,0.5557988006059229,0.8002173191271029,0.6036635587915522,0.03266708238975252,0.5568468923698823,0.7704216266932489,0.7526960904642666,0.552112229531586,0.379601975337848,0.4809397163120532,0.57316087308003,0.5761828388131522,0.6621509878780416,0.14535706509906376,0.5957578572534444,0.526831207692067,0.5727379553466498,0.27237141677872895,0.5650077160493804,0.5009467210282644,0.43083509887005816,0.5508078483475289,0.0911778598044188,0.6420843098853818,0.30858511422255036,0.5162206001622072,0.4547896150402841,0.6404388359775045,0.12495464624067687,0.4154945605170928,0.01819677141008132,0.648395563332246,0.6355346780878742,0.584639498432601,0.5938943236982281,0.15515368741175167,0.6329221607826451,0.6117255781576286,0.3687433181067159,0.6062410182714023,0.5909894698413067,0.6289340101522835,0.7717565637135325,0.5263197136892337,0.5783092509549896,0.3886781718186994,0.560572954600631,0.6724026084878274,0.6671486408328481,0.26307627998543726,0.48904980572235845,0.020104299113641925,0.37786452433647566,0.4577705744642547,0.47974930571192675,0.05890019401371406,0.8738794395793819,0.540012804097312,0.5990566037735852,0.639387413256762,0.3114053008635017,0.5443914564276872,0.5826029436084021
1.0,0.23661360347322688,0.11306727244565863,0.4580226504478274,0.35893999390801007,0.50916317374846,0.27242038933273394,0.3955722234427931,0.33293006450492857,0.3642173849888995,0.5545460947954092,0.1574144236154592,0.44519566335182237,0.2524844197406073,0.13762974256728833,0.500973701867216,0.21090592058334168,0.2975722269864269,0.17996453900709078,0.25208838587981697,0.27987169206094614,0.21115783177043895,0.0564718049205314,0.679331165815142,0.25556869186746056,0.197414806110457,0.0,0.25038580246913617,0.4422914795107453,0.18935381355932365,0.1847730669766779,0.06437730699928262,0.19642341156451718,0.0,0.14382265477155934,0.18392519645876748,0.5690776644062249,0.1345293287643617,0.7519155780114406,0.31633799525418876,0.8275378866514421,0.3177673390439371,0.23132183908045847,0.37616750033199015,0.0743999131095907,0.29200340280731607,0.23482094516203816,0.6407642656635016,0.24964073085608773,0.5855475568434623,0.4662718556119579,0.7537066738178613,0.3991201908738458,0.2524497591762151,0.34074530627726163,0.44986647244476496,0.1367066134043493,0.39271255060728466,0.19190679737328226,0.19498410455669618,0.9818121510310135,0.05260268720701236,0.18647577885827335,0.4487127523830969,0.023800002962041485,0.31618920892214475,0.23255441741357447,0.2632438316400582,0.24563292653744845,0.28848301598975984,0.49969164426576,0.24235157929551973
2.0,0.5417872648335731,0.4077133563942388,0.38348836635495565,0.5058178495278705,0.12053279634641227,0.46719927984696746,0.36088473781288477,0.0,0.4735324023157854,0.2550280200818971,0.5307547853589434,0.17526010042994472,0.5691426646454444,0.48108837154752676,0.6287986646374368,0.567726083855118,0.3442203625395513,0.46217494089834327,0.5804365400161656,0.5507885592087681,0.4937982723130241,0.145411495754408,0.6764721061051766,0.6378388558156084,0.5558166862514665,0.27062723847311204,0.5505401234567915,0.32434524220855404,0.3645391949152548,0.4329165579254548,0.0908979584696398,0.5502937682601856,0.3146032915745508,0.5255474452554707,0.46274743857555073,0.9107985355358987,0.1729691594436605,0.4083708862488052,0.29628514417199986,0.981820338681455,0.6416137054434942,0.5634796238244512,0.5358180986528557,0.13587487781036175,0.6567418119948953,0.6013612808415184,0.47631679749361105,0.5525217272291802,0.5972299864237386,0.5589396503102078,0.7749642870035638,0.49627199522815596,0.5771466533798357,0.39963019154181734,0.5047341587763989,0.5013144866673498,0.6667148640832854,0.3544720270762262,0.5139526669021559,0.09417878268561015,0.382160221668438,0.4549792904736167,0.4278390752833445,0.05992209831015528,0.7023964332156787,0.5364916773367469,0.5979680696661841,0.5866235941612842,0.39336983465446457,0.46090472984742287,0.5956672730279465
3.0,0.7241316931982636,0.47792864887190856,0.6880159885514076,0.7446847395674682,0.8780208991007877,0.6274333295825392,0.49590484316801137,0.45580408730137195,0.3965885746301189,0.5349672512148749,0.7105063749876452,0.2875490936142751,0.7222502947616656,0.6573037002286982,0.38570049257859174,0.6308948244432119,0.4608037377650297,0.726211583924353,0.7766100781460546,0.8525795241913942,0.7839687538485896,0.2076257348138466,0.46674923878825514,0.42738467655028856,0.7572267920093971,0.29177040755189254,0.6917438271604954,0.9271093911961854,0.4654837570621482,0.5033808631284253,0.1213897101271806,0.7315311265932508,0.44663473348071675,0.6277372262773714,0.5933552173480551,0.20800674358038906,0.1776657931868569,0.45001289696086944,0.2261720716186094,0.26060974524748676,0.7590494611771248,0.824712643678161,0.4591799094034493,0.15835777126099732,0.7566992769034432,0.8162270863949246,0.5906422049819056,0.7698624512420442,0.4562194106305542,0.6384658770445563,0.5969975297436398,0.6078138980017903,0.7422355090516524,0.5097193248625066,0.6018451080359281,0.7359076786506877,0.796558704453438,0.8055446933024105,0.627693394560227,0.5654596716236387,0.09823466880434938,0.5966144426436155,0.48410267957667175,0.07150368033648741,0.5173349346996788,0.6634122919334176,0.7510885341073991,0.7055515673606123,0.1281223611451612,0.5092718567722923,0.7931205556474282
1.0,0.7829232995658464,0.5238783623315613,1.0,0.6876941821504715,0.10065167145523274,0.6233824687746159,0.6044328859231856,0.4489195831321509,0.7030462119482904,0.930176169347942,0.6506440878990544,0.025348168083407552,0.7896243894222688,0.6365448894622635,0.2209566825404603,0.6651343425536967,0.40189845344057706,0.6826241134751769,0.7689302074912421,0.7459235498529775,0.6400182972958705,0.203080775092532,0.31600350931516774,0.22500758534824705,0.7339600470035259,0.2851931244757479,0.825810185185183,0.3681984658973128,0.4751059322033914,0.5353389167002773,0.1177509927750467,0.6943525861238641,0.4027266028002957,0.6962692619626903,0.6119566298617307,0.305436382622699,0.19671437210239848,1.0,0.3797188466240024,1.0,0.9767891682785312,0.7605799373040728,0.45373526330544606,0.19658955142826096,0.914079115270097,0.7593781421610338,0.5745027527971052,0.700130021213989,0.9479538635300565,0.6361534122955431,0.20117375855435843,0.6359230539815086,0.8101644245142028,0.4439597951830081,0.9898033503277474,0.5705896411622103,0.8720358588779608,0.4145035800488134,0.7426704344754513,0.023564965817163323,0.8073819772406458,0.5758148748424265,0.48843353599039246,0.08212259889515856,0.2970376162682691,0.7552816901408486,0.8242017416545725,0.7348648001914339,0.6467679986924909,0.2705480258171428,0.7520257979163207
1.0,0.857272069464545,0.6526408178016424,0.3963334896000396,0.919463904964971,0.7427413590256354,0.6691797006863973,0.1458826174260036,0.030641197437163117,0.6825859600340313,0.5272906542714274,0.9015912759858984,0.2997801043683744,0.9184773454606711,0.8515803670908334,0.1015759241985346,0.9662360307521604,0.5859626814915576,0.7984633569739931,0.9463756399892229,0.923683507083666,1.0,0.26608425865447355,0.5355008515250038,0.4637211102857322,0.9339600470035259,0.5358754843090527,0.9384645061728388,0.5492502245871042,0.6687853107344635,0.7281074284087398,0.13704669104140835,0.9323530356053542,0.5480225988700574,0.8673965936739619,0.7024768725753496,0.6544921555552757,0.19167506551098556,0.6495137087107596,0.28782267922628896,0.6477727690619531,1.0,0.9541536050156753,0.1119767459017594,0.20055392636037725,0.9719268396427008,0.9680563075257177,0.42899612950438215,0.888318620406488,0.6847113048041702,0.9121263395375075,0.4600504365494801,0.8409633164330464,0.9109782428168072,0.5932106959984818,0.6974993930565655,1.0,0.9603817235396156,0.5717964968109929,0.8064288237371943,0.10466397626550211,0.4532788456511507,0.7558076715289064,0.4992043833971329,0.08327779505635254,0.3746333202286267,0.9137323943662008,0.9085631349782266,0.8554678152668145,0.3065702378033851,0.35181270802242737,0.9407970894658523
2.0,0.4900506512301024,0.3825184573287217,0.16462779737965413,0.4151690526957047,0.8082700806871056,0.4289411499943755,0.33624737506322805,0.24701752863118243,0.4327675292066993,0.5762578853641617,0.42196817448028223,0.4678963317907817,0.5320869125821129,0.3821614965108766,0.5032484003469301,0.495601173020529,0.33666499098086755,0.45360520094562745,0.5573969280517401,0.5229885057471257,0.3597002058445786,0.13142281733071998,0.6680084636424627,0.8270645225415619,0.5207990599294926,0.1903018360472396,0.5223765432098776,0.5184299633750254,0.31501588983051,0.41870507010842434,0.0818011650893066,0.4307959032972679,0.30275116678948716,0.48107596647742545,0.43638714811499124,0.6717662896468412,0.391110663172747,0.23975450255663325,0.45036222765513784,0.3622512530027586,0.5424150317767358,0.5047021943573642,0.2547917312203973,0.12322146193113856,0.5789025946405781,0.573748936499343,0.4940170256070162,0.5074933278587563,0.4739141843405251,0.39858996051889534,0.6191782658697211,0.4780047718461096,0.5608702873276852,0.3689076427081351,0.4282592862345219,0.48127283280412375,0.6205899363794101,0.2729871495799678,0.4037442599788071,0.005590874748926732,0.2622292316539744,0.4098685395281821,0.4662538467312166,0.059166777743220204,0.28810769476690173,0.4959987195902693,0.4762336719883904,0.513639626704955,0.5192040532810341,0.7382177509333058,0.512320158756408
2.0,0.4223950795947899,0.3418348908048943,0.3597572108860321,0.38918671946390476,0.28570633898597375,0.39552154832902003,0.243364210935065,0.4884959881080907,0.8872507314643813,0.35208716911653754,0.37478997133726477,0.24474055597492575,0.46353377126494905,0.40907758165718444,0.5278936946667299,0.4249821669176504,0.2679717301948721,0.3646572104018932,0.5080840743734863,0.4621758887997846,0.36295501328313257,0.11079359895493095,0.6635186045311464,0.31527846074974586,0.47638072855464086,0.2243732275287257,0.4498456790123468,0.2947964895307863,0.3302877824858773,0.3735794443521791,0.06105347864877693,0.40267120428933745,0.2740112994350287,0.4357934576912646,0.38804337013826484,0.7554571417787441,0.17879459786333365,0.4772861759752379,0.10443032285899168,0.8294804116373553,0.504835589941974,0.4648641588296735,0.37357059596004266,0.09004018681438049,0.5072309655465737,0.45657050042539915,0.6729574131139483,0.44761513720659707,0.860495362394898,0.5330513254371121,0.68803086015461,0.4492245750074579,0.49792393290151066,0.3675327138251478,0.4726875455207564,0.4747516132336363,0.5887796414112175,0.21878076077722833,0.41045566937478106,0.016721027512116068,0.47237857902166164,0.37142085359265165,0.4549350746828793,0.053079782586158204,0.7665216508474135,0.41805377720870845,0.49564586357039153,0.4711653505623352,0.6054316145024657,0.5780092930415172,0.46080701174135963
3.0,0.6931982633863949,0.5224843822603135,0.8564978163783954,0.6359731952482486,1.0,0.5400022504782264,0.3606343788799247,0.5762313714214413,0.292409371044387,0.8234181481593278,0.602213949197773,0.5461944927631355,0.7180394138453765,0.6227056822846413,0.24255813572912843,0.5769992866767053,0.4022828754768309,0.602541371158392,0.7351118296954996,0.7277465918203715,0.6144900508453699,0.19619529719137768,0.3693347783454611,0.25270195335795603,0.7179788484136314,0.27877561345813295,0.6300154320987651,0.8645152373712948,0.42456744350282666,0.5169280409974142,0.12091737662474022,0.6405432304876869,0.37404814541881454,0.6080021627466843,0.6541330945986277,0.0,0.17315057448095078,0.40184654133855324,0.4031467965772634,0.25028915448263567,0.8303398728930693,0.7374608150470188,0.4426689094477147,0.1461388074291298,0.7090599744789426,0.7313017248047012,0.4696220406716482,0.690481078491756,0.518122597058856,0.5831359278059783,0.44560536752154395,0.6724575007456014,0.7143331672479668,0.6276787407547879,0.684146637533379,0.5994400628222202,0.7654713707345272,0.286714041072801,0.776580713528788,0.2914478412294766,0.36375755885889527,0.5687016027372596,0.4842978308188848,1.0,0.0516397444150189,0.683578745198463,0.8719158200290265,0.757717157214646,0.7497752717169254,0.03460175033071746,0.730775591202248
2.0,0.464363241678724,0.3941349579224521,0.4870438451479184,0.48141943344501914,0.5966645991928506,0.4217396196691817,0.4249766246506472,0.44580012694830373,0.5054574505613089,0.5998108518708557,0.4960629921259841,0.5977660354239827,0.521812363146371,0.4735823608749182,0.6860425155874113,0.5281762701117537,0.3206523346245972,0.43099881796690026,0.5594179466451065,0.5421010425020046,0.49045549710586,0.1366753755715218,0.582143778706714,0.71300181002103,0.5502937720329005,0.2910647476267192,0.4888117283950612,0.28049201851979777,0.33796786723163935,0.42698521910365606,0.08879869845879386,0.5033871640928508,0.3220953082780635,0.5032441200324415,0.44991544812493883,0.6649598027251101,0.1562185043338031,0.39952508838211426,0.3547539009132092,0.866714611939855,0.530533296490747,0.5088819226750277,0.606864090419488,0.11507548604322809,0.5527435133985522,0.5724340629592377,0.6916524214895409,0.5233011701909266,0.5067596089124154,0.5547659334461358,0.7079682528222291,0.5016403220996131,0.5346287992027904,0.3739332448321645,0.4831269725661559,0.47939499470791,0.6275303643724701,0.056795350656004814,0.42652772871776873,0.02272099065730562,0.36260739243329904,0.4261660363767352,0.47640171132627795,0.04377897246782488,0.33872354397349097,0.4748719590268893,0.5330188679245311,0.5340990667623863,0.7586690637683536,0.6306604461978088,0.5394410451463549
3.0,0.6548480463096963,0.4631111570034582,0.36572330923536245,0.5282668291197068,0.2715520238528996,0.5367390570496263,0.2924294524292479,0.8350648575629183,0.4759187400136958,0.7641282585292731,0.5591210094554083,0.6243285525178586,0.6791308741788776,0.5405500498446022,0.8397237632349792,0.588174684948877,0.35133217021024943,0.5701832151300211,0.6676098086769067,0.6520983694199407,0.5361635496753987,0.173416067929458,0.603540279713062,0.6491488716140572,0.6444183313748518,0.277470808313473,0.6410108024691347,0.39693179462373096,0.3801641949152552,0.4593466037153909,0.10819935972569696,0.5659935146242017,0.3512650454433793,0.5379832387131653,0.5256142445041259,0.6443264597461095,0.13854061681112678,0.40937229732805375,0.29980854965125486,0.3889053649277858,0.721470019342363,0.6707157784743996,0.3703687309105398,0.1804605191701957,0.7518077413866429,0.6448294531672972,0.4565412519366772,0.6070622048860598,0.7665681722245683,0.5926677946982511,0.5519398474526447,0.5999850879809119,0.6834412888224565,0.3932770718755937,0.6061341749615602,0.5338522994981048,0.7731347599768627,0.27606154178071995,0.5619922288943817,0.025356109606206337,0.45872470940870996,0.5074734377813784,0.5946858815582076,0.11931102916129761,0.49776859968289455,0.6258002560819474,0.7093613933236551,0.6377123713807147,0.5279344065811334,0.6915124495685373,0.6489995038862238
3.0,0.7588639652677267,0.5454592389901387,0.5562930247477114,0.6855924459335964,0.4933734219287585,0.5672330370203701,0.4122951782913259,0.46047513386535877,0.6274511838310067,0.530721479379836,0.6549929166803946,0.6213200301946241,0.7596429172982984,0.6155515158623109,0.6405976402048851,0.6924784021558205,0.4065263033385575,0.6258865248226968,0.7131500943142004,0.7417802726543701,0.6300955329967095,0.19189527541911516,0.5352428136450437,0.62275185971814,0.7379553466509995,0.28306283036201707,0.775848765432099,0.42508465206274665,0.467381709039548,0.48596645234762365,0.08675191994821864,0.6867114007769605,0.4360722181282225,0.6238172479048366,0.5921615438177666,0.8520941584993007,0.2449103003426724,0.39974509536164643,0.30335891996836145,0.6979299504730273,0.8179054987565658,0.7702455590386595,0.4518908709958246,0.2226023677636583,0.8111441939600172,0.731069688297626,0.35415892472257654,0.68993362074865,0.6195680695469625,0.6257191201353645,0.8210637057971091,0.6590366835669569,0.7676465703371537,0.4252797269106771,0.6225621105446303,0.5619515859196288,0.8260555234239417,0.28893893016545164,0.598551748498762,0.029096872869331377,0.42608438039140495,0.5768053304520094,0.49996247091495916,0.07449534218983726,0.482198480142049,0.7439180537772089,0.7715892597968094,0.7067480258435055,0.45042357876386013,0.396771444846693,0.7206879444352561
1.0,0.2811143270622266,0.18008157364861302,0.789262009918823,0.12790130977764164,0.3157310652311167,0.29391245639698593,1.0,0.594307941864187,1.0,0.8930508184681021,0.2435014660824303,0.3014211165446848,0.2747178709786099,0.12314548759748975,0.5045248498535344,0.11896647380518488,0.24539432829641916,0.19503546099290675,0.23996227431958897,0.28187650360865896,0.14914055490068404,0.044143261484867434,0.8335242813645051,0.14021908578244313,0.20446533490011545,0.1004034244477881,0.30613425925925664,0.6664501416626365,0.24320268361582076,0.3073382523903296,0.031523887829540714,0.14152245802163954,0.1317243920412686,0.30129764801297476,0.20909181338903846,0.5289936212775055,0.24775246926022917,0.36971793587934565,0.24018030488243314,0.5404519706990123,0.3058856037579484,0.2213949843260163,0.3709884467265729,0.06983816661235939,0.3762228838791995,0.16327635547992667,0.4446953628375252,0.2539519605830441,0.4274240470947937,0.4398195149464188,0.856704502673962,0.21950492096629942,0.26955655206776286,0.3339180732031098,0.08804726066197122,0.09884256888251577,0.46963562753036453,0.4081660171788405,0.3219710349699741,0.2507269611366023,0.3706672707944859,0.15649198631370226,1.0,0.030360924749336864,0.43922080278568604,0.13268245838668563,0.38334542815674616,0.15613783201723175,0.5082536569420606,0.6237965887852667,0.22812965106664457
2.0,0.6530390738060786,0.5362176674066796,0.26908633324286285,0.7188242461163573,0.20939430434141695,0.5463035895127725,0.3631379682095249,0.2762047882296134,0.0,0.45599790729729467,0.6827990643428984,0.2148084938790252,0.7067542529897263,0.6638714595672297,0.871029505621286,0.6913687881429804,0.38708341958186704,0.5811170212765927,0.7138237671786559,0.7035551991446121,0.711043473671247,0.1872958850424551,0.8174846467461434,0.5115663482564169,0.6927144535840154,0.2822905987457892,0.6880787037037027,0.27141178909543184,0.4780632062146906,0.5795392536003222,0.10965134789986575,0.7190419623077668,0.3963399656104152,0.6832927818329246,0.5519745349646853,0.9268019576513216,0.1895383995162259,0.26180830564280005,0.3000961745883368,0.6308461105014971,0.8184581376070744,0.7151253918495312,0.43507001313207344,0.1719343977408493,0.7715865589110978,0.6679557583726499,1.0,0.7019092588790812,0.5148255051167674,0.6418499717992114,0.5300221240079007,0.6418133015210277,0.7035376183358253,0.4261805423857383,0.5842842113781632,0.6373382498548943,0.7888953152111026,0.2962743220830353,0.621511833274461,0.025168150072788317,0.6751389784430926,0.542409508373852,0.4772498686482023,0.06851201848313822,0.8707256695281004,0.6422855313700374,0.7227866473149462,0.6872457525723877,0.2219225845114552,0.5346558891237517,0.6976186538779544
2.0,0.8158465991316918,0.6373070370179162,0.46681141898393685,0.8912579957356068,0.32941811273943983,0.6627658377405193,0.19409970416770966,0.40887661601393166,0.86798364839908,0.44419627136719897,0.8388627153823339,0.6542606146137611,0.8598618831059476,0.8552747317187588,0.8570212905231807,0.8901482127288564,0.47702339060235993,0.806589834515365,0.8194556723255205,0.8053996257685121,0.808107109555059,0.37143479207489605,0.5793982556639325,0.7415959572709481,0.7803760282021118,0.7564008680948513,0.8447145061728413,0.4096054177320155,0.5753884180790959,0.5585423141711547,0.12252680929972196,0.8666645262786136,0.4280889216408752,0.8252230332522262,0.7558937630558042,0.8107645660078248,0.32983269502116513,0.37738024792510677,0.2391511469044367,0.7611064978202202,0.9936446532191227,0.8136102403343752,0.7138978649314619,0.19588356685130884,0.9281156954487418,0.7265063036584404,0.49926534905924663,0.8818175597071107,0.5902022748793538,0.7918217710095873,0.5381909884635417,0.7397852669251427,0.8377345955821316,0.9396927745116619,0.6491866957999495,0.692410119840213,0.9087622903412373,0.18121384555224423,0.7651006711409385,0.02420255403836598,0.454733980447171,0.6065189987394205,0.5045260076559334,0.08249285407502832,0.46105093986667756,0.7946542893725976,0.8744557329462984,0.747547260110078,0.7674130369643989,0.6993790515825002,0.9909872664130971
2.0,0.5159189580318357,0.41220506995714823,0.08296281674850108,0.4804751751446847,0.8309381231973341,0.4521210757285935,0.35857530439047797,0.4054859027706197,0.35463053267207667,0.8736128298773558,0.45896616479425395,0.8031660594921605,0.5507832238504294,0.4815574972145653,0.5654507666879413,0.5410953475469604,0.30681314131945475,0.4708924349881759,0.5738345459444915,0.5557337610264637,0.4361617903200261,0.1364576529501412,0.5039686225937968,0.8088596867512748,0.5585193889541713,0.2687099737707539,0.545331790123454,0.4409785087416214,0.3513418079096049,0.39946380697050926,0.09248989731119771,0.4953607088965225,0.3088921640874477,0.5179778318464456,0.42723565104943617,0.7298667639621053,0.24829671437210177,0.0,0.5667963974976632,0.14968563717785252,0.6239292622271367,0.5515935214211048,0.42834166998657214,0.13223634191376044,0.6152700978307074,0.600974553329724,0.3657761287039844,0.5519742694860742,0.5360341345989297,0.5556119571347996,0.7108820207625305,0.5348195645690422,0.5798040192659039,0.2380997534610273,0.5059480456421438,0.48892075523233924,0.6652689415847284,0.6104016936125459,0.4849876368774282,0.35461330090110016,0.12368645766167642,0.44156311903475487,0.4804398408766793,0.054190548125768144,0.14164315739904665,0.519206145966709,0.5667634252539895,0.5439100263220901,0.5494402222767026,0.8014047839862158,0.581776087316024
1.0,0.47467438494934955,0.39434147348856424,0.01594413876483541,0.4582089552238807,0.5793367581083451,0.4316417238663235,0.0,0.44976048001649227,0.49960573551078113,0.4517219522501596,0.43962705498632787,0.6347763300403687,0.5186120936499902,0.4233859145018452,0.5723730505506733,0.4936197194261697,0.2831711860898366,0.424202127659573,0.5359741309620042,0.5106923282544763,0.41679128767219675,0.13145003265839272,0.41716467977499166,0.809142175582502,0.5098707403055224,0.2651151024538328,0.49247685185184964,0.24717020247391244,0.3377471751412444,0.38309331182234463,0.0859996851109985,0.4629980415449321,0.2962417096536466,0.473776696404433,0.42166517457475083,0.7151592164362173,0.1573876234630114,0.16262309011182435,0.697360142374344,0.35557104303211895,0.5631389886709062,0.5237722048066882,0.39995278355687314,0.12685999782773988,0.5684814972352166,0.5668651867893882,0.48092480261615794,0.5318551974269506,0.8158306047710866,0.542019176536944,0.5788135549516003,0.5187145839546675,0.5284836405912643,0.24634932675896157,0.45520757465404166,0.48458465635562825,0.6194331983805657,0.1915157562600291,0.4196397032850575,0.021888071940590063,0.3607862955927714,0.40626688276607187,0.4752458155070178,0.05947779209431104,0.28827618385183296,0.4740717029449414,0.5312046444121905,0.5212969609954575,0.43270409414072086,0.6022493491575532,0.5478749793285942
2.0,1.0,0.8325158758841456,0.5447654765723307,1.0,0.8855945285186222,0.7043996849330506,0.04199387897955731,0.3080883429991263,0.5220476852524342,0.0,1.0,0.42758213265942485,1.0,1.0,0.5718821084327473,1.0,1.0,1.0,1.0,1.0,0.9904115132215553,0.25092532114086685,0.5715229395675289,0.5564611473231565,1.0,0.32068915014579213,1.0,0.4969110635063221,0.6456126412429392,0.7875868941137396,0.14381680457638735,1.0,0.605932203389829,1.0,1.0,0.6078909955587972,0.20294295504938462,0.7744625001896616,0.0,0.38089801002402257,0.9823155567836426,1.0,0.4824930281970699,0.31193657000108543,1.0,1.0,0.48449800758091166,0.9059741326216392,0.2882388509235274,1.0,0.39860861134461345,1.0,1.0,0.4748245780390673,1.0,0.6466932978251226,1.0,0.29675975243052327,0.872306605439773,0.038590672047469105,0.3680271160448215,1.0,0.499294453201231,0.09644406925252863,0.3989691924188552,1.0,1.0,1.0,0.0,0.3492799540526417,1.0
3.0,0.8321273516642556,0.664257318395375,0.11843371413062259,0.9126713371915931,0.48519345714071155,0.9260717902554296,0.16760253220177912,0.06261697960689397,0.34096615550621523,0.3547131085690147,0.9008005798438373,0.19750128545953904,0.8890011790466548,0.8245470005277652,0.0,0.8701751604977426,0.6119259544016324,0.8577127659574458,0.9031258420910802,0.8779738037957782,0.9254912999876848,0.23587524493794867,0.17108943592919504,0.5277728371294955,0.8578143360752033,0.5951509180236197,0.9135802469135793,0.3293207103862895,1.0,0.6287693658212529,0.12383884680650087,0.9127042732847465,0.5025178088921642,0.9341713976750424,0.7186909380284484,0.5598807292125352,0.16559161459383187,0.5881241749738273,0.4640154238872512,0.1655668910703167,0.9157225752970434,0.8942006269592447,0.3080430259837983,0.2741392418811775,0.9659719268396417,0.8409776471498174,0.6153802175938896,0.9130226510641224,0.6502572644404645,0.872758037225043,0.0,0.7919027736355515,0.886397608370703,0.4288829888109241,0.6482155863073551,0.6075318378913588,0.9340659340659324,0.298768894702067,0.7778170257859411,0.03524425525641746,0.592152728159908,0.678282009724476,0.509562410868423,0.08024170258141865,0.2220340520760878,0.898847631241996,0.8895137880986952,0.8540320650873415,0.45525864182397674,0.29249071402006416,0.9360840085993053
3.0,0.6537626628075265,0.5654912489028865,0.6441560364183673,0.6470910752360644,0.6019074531967502,0.541465061325531,0.2489589666818245,0.44225750975169137,0.4941171588055867,0.4547503345306016,0.6063651039435966,0.056757141137987854,0.6732356408960736,0.6474520612208995,0.38934982898849413,0.6851073947848141,0.4007008309430167,0.5709219858156052,0.6708434384262977,0.6335204490777891,0.621421911011805,0.18577182669279346,0.5387727718429073,0.2832839849757801,0.6706227967097513,0.2773243505931542,0.6747685185185203,0.6772856056941475,0.49443855932203473,0.5049941872879546,0.1053128772107832,0.6539313577551612,0.36109064112011885,0.6284130846174618,0.5245200437680289,0.5915730407760145,0.1772828058859097,0.5237152351040106,0.2991074638671172,0.6142456775111951,0.8024316109422492,0.6499477533960271,0.4343470113467015,0.17139133268165527,0.7388345384942566,0.6363214479078023,0.4693876384259606,0.721823034284542,0.9115147228275129,0.5965595036661027,0.41285771013939665,0.6213838353713096,0.6844378010297302,1.0,0.604434733349518,0.5958550991839935,0.7813765182186235,0.30207251790024464,0.6216884493111983,0.022533031123887434,0.5459020964397118,0.500000000000002,0.4774149966223824,0.0722590009034225,0.7597129637230037,0.615717029449423,0.715711175616835,0.6590093323761695,0.5616027893546894,0.45724212280561344,0.7313543906069115
1.0,0.5969609261939204,0.4152511745572818,0.37812924079054533,0.5434663417605848,0.17953367803591852,0.5378642961629353,0.5484495628937404,0.43150487991449976,0.6381274511838314,0.6087249605102975,0.5601752709781569,0.32904482151257536,0.6461175677951827,0.52671084266698,0.6303860441520597,0.5624157882222386,0.37463405979241193,0.5410756501182002,0.659795203449208,0.6156107992515348,0.5194496736395782,0.18266927933812233,0.6680084636424627,0.6887391581832837,0.6518213866039955,0.27121306935438777,0.6363811728395047,0.6896275309239167,0.3681585451977409,0.4472229471636336,0.10277627136434454,0.5993835682409214,0.3361581920903967,0.5540686672073503,0.5142743459663768,0.5773184202911319,0.1819189679500096,0.4792358930007439,0.4090880491838642,0.4145140721848217,0.6858248134843907,0.6798589341692756,0.4297581632803618,0.1407081568371883,0.7103360272224549,0.6972697037667249,0.45365410232515624,0.6448367891603375,0.7357534824820602,0.5796390298928364,0.5917682187852938,0.591186996719357,0.643746885899352,0.39389341930589883,0.6178684146637511,0.5328621666837372,0.7248409485251612,0.8500289909790868,0.5616389968209111,0.026517036136141734,0.40991234337695825,0.5161174140104444,0.7232305036403214,0.1407858295937556,0.44038294544841855,0.5809859154929569,0.6489477503628415,0.6111509930605438,0.42466835553376564,0.5350466299778264,0.6946419712254019
2.0,0.3576338639652689,0.37245082348081865,0.42230995089935625,0.6436795613767886,0.2856062102092413,0.37346686170811355,0.6559455137212024,0.6409750063745412,0.6795667240771098,1.0,0.5018284848285173,0.497937794698436,0.4054236146201797,0.42098164545827504,0.33785000081823446,0.4878338749306486,0.36055829908034437,0.3804669030732866,0.44017784963621664,0.4016305800588072,0.655060785728109,0.10869801872414453,0.7874903235795013,0.8430303727806326,0.4142185663924786,0.25656729732248645,0.4677854938271593,0.7139382212701266,0.5734021892655373,0.8770552089017528,1.0,0.5165505506148265,1.0,0.39078129224114233,0.3360190987764816,0.7725551375765886,0.17661761741584328,0.7133005598798313,0.29133709642626004,0.45805777158278765,0.4578612876485217,0.41849529780564376,0.8524633703687308,1.0,0.4438536792854087,0.5076185319823653,0.5441448034165557,0.45213166358721624,0.11278564338927193,0.507219402143261,0.5631565647449549,0.46294363256785204,0.42368377345955777,0.37886402427460575,0.4957513959698947,0.5079039912595167,0.6453152111046863,0.21292862825474346,0.338749558459907,0.01824313118469792,0.8313437777739054,0.39555195389879466,0.4595961870449598,0.05297611113579459,0.20831299223654118,0.35371318822023007,0.41364296081277446,0.5435510887772205,0.1903244259213879,0.2693710955337849,0.4364974367454926
2.0,0.6816208393632406,0.5443234033765287,0.042902612943818114,0.7346024977155037,0.4914542870413895,0.5763474738381936,0.329099372058921,0.3099817172741919,0.5780851196281473,0.9532361433903805,0.7180509340098173,0.3431137659041426,0.7283139632811184,0.5910396997595733,0.5306429705271065,0.6495204882301648,0.4952982227873552,0.600325059101653,0.6969819455672337,0.688184977278801,0.7440489804535617,1.0,0.4836868452288793,0.6552485378587357,0.6556991774383074,0.45323338703449734,0.7255015432098766,0.4016723101375169,0.4090748587570624,0.6880827540392412,0.17759739691758694,0.7361543647863356,0.336219602063374,0.6444985131116527,0.5483935143738199,0.7338047129574863,0.1731304172545859,0.4505970534237642,0.5447661249730351,0.25759957294107205,0.780326056921804,0.6909613375130613,0.44082451713809323,0.15504507439991336,0.775840068056142,0.7374893649934235,0.06371167380354806,0.6645452679121353,0.3521613635585768,0.6301748448956569,0.4818804891004451,0.5921562779600368,0.7452250456734771,0.4300682723307414,0.675568503682122,0.765406808016662,0.7958357432041626,0.2645460552042175,0.6381137407276567,0.02643964103414603,0.3886516912674485,0.522600396182246,0.4946258350221423,0.07089646184150064,0.8178935408197207,0.67205505761844,0.7231494920174159,0.6642737497008856,0.49457928141429197,0.42584162284562904,0.7068794443525718
1.0,0.6879522431259046,0.5074087459342252,0.33404722544350973,0.6910447761194026,0.6004778367734055,0.5379768200742672,0.027161389543171186,0.2320224383839588,0.5730323089373541,0.5275924863924029,0.6525219912364516,0.45079698491362813,0.7102913929594087,0.6343751832522139,0.5241461698332435,0.6744868035190623,0.3992074991867995,0.5781619385342762,0.7192131500943174,0.6744186046511602,0.6755748693678634,0.17904964075767427,0.5581462558703625,0.5840404272905138,0.6700352526439477,0.2860718707976624,0.7011959876543202,0.04285813005321018,0.4552877824858768,0.48084177560558955,0.10711474205342632,0.6868077182393171,0.3967084254482925,0.6643687483103531,0.5571471202626093,0.7903828491627138,0.2487603305785121,0.4548075318251476,0.30059502408858835,0.44127198315489774,0.7772865432439909,0.6960553814002072,0.0,0.1618876941457579,0.740110591237769,0.7192358264366913,0.47508189785779215,0.68083213576952,0.6861487912564311,0.6090806542583186,0.5287173748240136,0.5888010736653732,0.704534130543099,0.41295277830456983,0.6021688112001286,0.5880023216907367,0.7692307692307667,0.27255565593775766,0.7013422818791956,0.022658337479499503,0.6182754474321664,0.5945434900054043,0.47602642047586874,0.06470579523407502,0.49955717612293643,0.6685339308578749,0.6999274310595068,0.6627183536731283,0.35301408297240616,0.6933531685317089,0.7160575491979474
3.0,0.2841895803183772,0.3561877226495947,0.20653359322953954,0.24051172707889099,0.6258187613514046,0.3064026105547438,0.4807044793811537,0.3574734032453196,0.5658317943184417,0.45463966275290985,0.2521991236451094,0.4648112288993185,0.3441131884790294,0.3158388553333715,0.43571112965781256,0.28580486645002734,0.5831238726084512,0.2640366430260032,0.32794395041767777,0.31315156375300557,0.24842097855345802,0.07383518397561417,0.37436135624709743,0.38992875003923483,0.2958871915393672,0.21059288748052798,0.3219521604938254,0.7151268053348069,0.2009622175141255,0.34069610192412575,0.07156727253643126,0.2816643657495103,0.21309260623925283,0.34468775344687785,0.23982890679399038,0.3847489400249118,0.15069542430961494,0.0008041634424263273,0.43927967929819534,0.3785921883804379,0.307819839734738,0.3492685475444096,0.4146046360645086,0.06087759313565728,0.3621863037005499,0.4283393920643509,0.24276640386935228,0.3486621501402852,0.5192292334546446,0.47179921037788997,0.7392255050101338,0.34111243662392127,0.37385816309583253,0.2818130096719129,0.39815489196406834,0.17511693809962736,0.38085598611914706,0.41423389652243103,0.28470505121865247,0.4604050343671109,0.34799505079901694,0.26679272465334164,0.45279591683554765,0.03985426756120317,0.3155109323494719,0.3204225352112695,0.363933236574745,0.281048097631015,0.31550488954264383,0.43535121953515954,0.34670084339341645
1.0,0.32036903039073616,0.24477257473281946,0.6326630314096076,0.3013402375875715,0.45397831099441777,0.35366265331382996,0.4823701326902341,0.6915861485295155,0.5552489053972746,0.8280864849637307,0.3413171679899846,0.6631767807717126,0.38588512716860396,0.38509353192986545,0.7391788174840843,0.4263295553618148,0.30432918354673705,0.32254728132387855,0.38345459444893487,0.36313819834268857,0.2738084765741831,0.08251687350315616,0.7437477421685506,0.3705521087268121,0.3635722679200955,0.2658074480407952,0.3626543209876537,0.3257964204270616,0.22060381355932254,0.34835939168189056,0.06957297552612754,0.31877869457732755,0.22297961188896967,0.3776696404433633,0.3110514274345979,0.6075261376646568,0.26897802862326115,0.3227426525255284,0.34368932911483446,0.3170838399715291,0.5346780878695775,0.37395506792058447,0.6173549938766169,0.07412838057999308,0.42237345810293414,0.4599737025291985,0.454654599715287,0.38411003900636465,0.3699359976270057,0.5021996615905252,0.548953879952761,0.3653444676409207,0.3814980900182691,0.29883368101649843,0.26875455207574633,0.2147222506743143,0.5013013302487008,0.3519639702808759,0.3479335923701874,0.019039195090939258,0.3797291880870644,0.30424995497928914,0.5331682053591533,0.043156943765643205,0.27227404101629155,0.2922535211267628,0.4274310595065272,0.34266570949988306,0.8492822314837525,0.6226102430596422,0.3717545890524235
1.0,0.2941389290882768,0.27884764314110166,0.5467936539268179,0.387115443192202,0.6269396473798244,0.2961629346236089,0.9842069497596041,0.6279817932261689,0.606129775269242,0.5664382803617956,0.3277435508845918,0.6050630695679757,0.3412497894559537,0.21521139975370765,0.5904888147020801,0.4068320519933427,0.29420114143773857,0.27482269503545803,0.3548908649959586,0.3462977813418861,0.21956755044951534,0.0878238623993034,0.8776694018681941,0.8464411638539846,0.3447708578143344,0.24483736535875472,0.30825617283950457,0.465814387395481,0.2686705508474594,0.36636693634487183,0.06588177667372291,0.3327126207981514,0.23956030459346714,0.3375236550419046,0.2957326171292133,0.8409848646880459,0.6594638177786734,0.36025763575947944,0.41141151937873033,0.3518046205403478,0.3360044211108032,0.3594566353187014,0.394537647735824,0.06180080373628725,0.3521905572096956,0.4509242787531902,0.3538444826856779,0.34900431122972836,0.2692206769876672,0.4833615341229554,0.8378552605114825,0.31158663883089877,0.3622321873442938,0.2907737530817384,0.2753904669418109,0.26634572706476817,0.4862637362637362,0.25785790374994955,0.27463793712468954,1.0,0.24643187006604747,0.2803889789303062,0.4656158522855213,0.04080212082166992,0.2252007828262097,0.2661651728553156,0.35232220609578646,0.3296243120363746,0.4634578191822634,0.6864422339078322,0.4047461551182407
1.0,0.6680535455861054,0.5826320408900825,0.4166399368353526,0.790801096558026,0.7695508389957084,0.5441656351974815,0.36245842253434757,0.05566194860221228,0.46536697723641507,0.5846790015393444,0.7635159621783683,0.15679324340586706,0.6865420245915439,0.7278484724095474,0.1898309522640609,0.8007450265514788,0.44264718928349667,0.6247044917257688,0.7489894907033153,0.7101042502004808,0.7828779535178306,0.19717504898758967,0.3198121484233895,0.2941127235062094,0.7232667450058738,0.5094465229605767,0.7463348765432094,0.1387188169442332,0.5811264124293788,0.5243540772023055,0.11278274408271083,0.7898031913185851,0.42943994104642463,0.6200324412003212,0.6065850989754283,0.3633732999509317,0.1493045756903848,0.41527455353756065,0.3992773423455815,0.3815504611643282,0.8065764023210857,0.7502612330198533,0.45338113998199897,0.21353318127511664,0.774989366227137,0.8102714827132774,0.5339168615254444,0.7512488879764614,0.8281062827284862,0.7226170332769308,0.4390300504881205,0.6228750372800479,0.7272878259425359,0.41646121752323073,0.6003884437970364,0.6482979958346141,0.7952573742047436,0.2871050821860554,0.5824796891557743,0.06743693220557619,0.3357004687799524,0.576445164775796,0.0,0.06968202485152775,0.296722239263141,0.6541293213828445,0.7949927431059453,0.7592725532424035,0.5958976873416697,0.4480997283644904,0.740945923598478
3.0,0.3800651230101298,0.3370850327843447,0.5072713365738113,0.3720986902223577,0.6148463162344902,0.35096207944188196,0.2391847495644263,0.7848171998676267,0.42499636861654694,0.4017787972996096,0.36780548874905233,0.35813449735797076,0.43557352198079885,0.29502140385855674,0.24548742369941257,0.4366331140524709,0.25648342549605224,0.33126477541371113,0.4474535165723522,0.41539695268644805,0.3296856031949889,0.1109841062486388,0.409196470041802,0.5133345190889219,0.42972972972973134,0.25654066864606523,0.3875385802469133,0.13956188238546047,0.30901306497175285,0.3392963059621815,0.07859979357276618,0.3862330240472603,0.265352493244904,0.3841578805082462,0.34606585098975523,0.6044185549111134,0.1075992743398504,0.49703369900010663,0.460208887610556,0.2184673329576797,0.5277701022381914,0.43142633228840005,0.3674619686305758,0.12066905615292649,0.471288813270947,0.5099388970531344,0.4624699136141969,0.3871894888113317,0.5486406626128035,0.5098702763677391,0.47779605687262433,0.40523411869967374,0.4225211758844039,0.3812820026550354,0.36351865339483586,0.4230939943323435,0.53846153846154,0.22104610239883465,0.36859766866831334,0.034451876831223395,0.35910461286443746,0.3342337475238602,0.5270584703144937,0.033367396809880955,0.05457750281895172,0.36363636363636426,0.4414005805515228,0.4301268245991883,0.6092179455748957,0.7144249283249459,0.4877625268728301
3.0,0.3019175108538327,0.32025401414631693,0.6240716523970486,0.4340542187024065,0.3602104929395305,0.32631934286035935,0.2831661719097275,0.37449207115615196,0.6037226868087401,0.7573470968780496,0.42292359898527393,0.2754821840778065,0.3700522149233632,0.3792294610918904,0.6589916048897834,0.4562098755647143,0.2928113079220513,0.3123522458628844,0.37819994610617164,0.35912857524725994,0.4818874364432869,0.08390485521445659,0.671094596686794,0.9052720785946696,0.3568742655699171,0.24731383226596737,0.3273533950617278,0.7230460921843678,0.29947916666666835,0.36714987306934915,0.08220352325805165,0.4424182104215501,0.34125521984770246,0.3359015950256794,0.30936038993335224,0.7185813318571249,0.16083450917153813,0.4032803799292944,0.31879179549866965,0.5085708354340275,0.33241226858248146,0.37774294670846487,0.3972083278001562,0.0645161290322574,0.3545299872394713,0.48588444581947415,0.23032021633612143,0.4164100458495853,1.0,0.4933446136491824,0.5810826839670563,0.44221592603638765,0.3853180534794874,0.3474303053290344,0.4179007849801726,0.44077981494759066,0.4949392712550597,0.36190180822804474,0.22977746379371142,0.004135109735198271,0.3573880766080549,0.31100306140824674,0.46386699692261496,0.04505265028657736,0.9495915219748646,0.3345070422535229,0.24492017416545817,0.3327351040918894,0.20974639753752497,0.6328966137361887,0.392591367620309
1.0,0.0,0.0,0.6749537368304178,0.0,0.2891524377185103,0.0,0.26457318911296274,0.4685802948021722,0.40840613392542163,0.623484551225942,0.036339076862255154,0.5012088789698819,0.0,0.05418401454289393,0.38943165267481467,0.0,0.0,0.0,0.0,0.0,0.041327257692781,0.0,0.5458120452082367,0.40107136504880814,0.0,0.030609663546673504,0.013695987654320793,0.3860134061225892,0.03667902542372995,0.15803459156800836,0.0,0.0,0.022169000245640575,0.08083265747499438,0.0,0.41512021438546576,0.14150372908687733,0.8524360083147471,0.172476091177105,0.5018980396808923,0.051948051948054894,0.0,0.37730364599471744,0.038937764744215765,0.0,0.0,0.45873091193907833,0.0,0.7130959579250005,0.34703891708967977,0.73194366371508,0.033477482851178776,0.0,0.3113502749857758,0.0,0.19345146642084043,0.0,0.23733498739229494,0.0,0.005675640813017148,0.2662722409075855,0.0,0.43300307738497346,0.0,0.3760589971011234,0.0,0.0,0.06843742522134685,0.9907112309661963,0.7496292669607423,0.0
2.0,0.24077424023154728,0.30337136661675884,0.4813886352981814,0.3914407554066399,0.38609378172482944,0.29143693034769924,0.6765158211517532,0.4547895858989728,0.23563528459671043,0.4177457164991504,0.47870062267321206,0.6396774864069481,0.30436247262927496,0.3375359174338806,0.5934508321468884,0.4826028374415475,0.25924830706449453,0.25620567375886494,0.364861223389922,0.28842555466452774,0.4317458083358259,0.0657794469845412,0.7753831862517415,0.25017001642620246,0.27403055229142137,0.22515877348316388,0.26176697530863985,0.6818464515237369,0.5304555084745778,0.3616930413532943,0.0906005633014362,0.3862972356888313,0.22420781134856177,0.3110300081102961,0.2522630060678409,0.3450674987104151,0.14271316266881634,0.26950854992641143,0.2726055223987921,0.07718941842877923,0.2594639403150048,0.29101358411703354,1.0,0.24356467904855006,0.30072309655465806,0.4428030010054896,0.6228582209441268,0.4183261479504548,0.21684369046124932,0.45837563451776564,0.22344732268561726,0.4182821354011345,0.32469689420362063,0.6069125734875784,0.3779234442016669,0.4091979924203628,0.4557547715442444,0.18713339895632441,0.23525256093253216,0.02539296441668055,0.3480560444731016,0.2545470916621654,0.7111686557081739,0.4928985056500939,0.0,0.2842509603072979,0.3129535558780796,0.3847810480976333,0.5300182506605656,0.6323411026424439,0.33760542417727907
3.0,0.7954052098408116,0.5756621405338433,0.549320239828271,0.7583612549497407,0.4638326514378213,0.6335096207944214,0.28632376008461113,0.36346275911830594,0.41037745637152245,0.47148189510327704,0.7597272098309892,0.7844585206822234,0.7884453427657079,0.76051134697707,0.7783396337571791,0.6615677260838557,0.6131383623621257,0.7386229314420796,0.8609539207760696,0.8032611601176144,0.7852882703777333,0.21481058131939848,0.6970428858956503,0.5882672972096381,0.7911868390129256,1.0,0.8562885802469141,0.35108838366388,0.5821415960451988,0.5206291964222167,0.12383884680650087,0.7615500690275141,0.47752394988946206,0.8072452014057836,0.8038396498557648,0.7293509303876295,0.19473896391856418,0.70822522645546,0.17421082907888127,0.7502520833951186,0.9439071566731146,0.8214472309299914,0.10570581204904539,0.18773759096339715,0.9202467035304097,0.7909351071235184,0.4797070543641697,0.9304728666256077,0.4744732068497367,0.7245910885504789,0.7043582748430949,0.8259021771547855,0.8608204617173252,0.45927365825905514,0.7450028324026836,0.7755129912253746,0.9793233082706762,0.2730680546378828,0.677499116919814,0.09028322921849387,0.8528484045797539,0.7924545290833777,0.7809052015311866,0.0807748700404316,0.5999161874808286,0.7677656850192062,0.85050798258345,0.7614261785116048,0.8051673885211534,0.5997966264470357,0.8440549032578131
1.0,0.3742764109985506,0.22892250503381523,0.6744355893310958,0.32942430703624653,0.6043105438383253,0.33959716439743554,0.5977089602951171,0.7712217960472423,0.7345251187981161,0.6203958025213039,0.3307086614173237,0.32278709508024506,0.3838639043287838,0.33642174397466573,0.6205344723190462,0.47840215582151174,0.3014608037377648,0.19813829787234002,0.3850714093236334,0.3839882384389196,0.31807385773852465,0.08970172000870803,0.8914383031429024,0.02305945866769949,0.3558166862514665,0.24568948300424742,0.3672839506172837,0.4616819846589728,0.24382062146892822,0.28441955918289824,0.057274810629253145,0.3488297428323763,0.2684844018668629,0.37915652879156325,0.30538147816572114,0.6550960582766119,0.10663172747429903,0.5621861107317888,0.15293557201409366,0.4957516533705031,0.48825642442664,0.3789184952978027,0.4100157879981702,0.09052894536765475,0.4634198213526148,0.3847165287338529,0.38687233081589156,0.3624854581537003,0.3220083739290153,0.504060913705584,0.8566632457827721,0.32008648971070724,0.38398937053645704,0.29878626967570754,0.4163631949502307,0.34740004779951533,0.507518796992479,0.3417429646310061,0.354998233839632,0.279149390974257,0.49350853040098946,0.2916441563119035,0.4688358477820309,0.04299403148650001,0.5395884546094722,0.35755441741357225,0.4054789550072541,0.382627422828432,0.8171528969518678,0.8575208198967127,0.4021829006118718
1.0,0.1485166425470342,0.01419794517011623,0.670334821979323,0.07081937252512943,0.6637953812820375,0.19635422527287258,0.4634603692027855,0.47429296847450464,0.8853209105434636,0.5408026722203771,0.03238559615194543,0.4940212456376426,0.19235304025602157,0.1281299478097679,0.7796488127383104,0.04224459063168958,0.3251471153561818,0.10239361702127195,0.1526542710859616,0.14902432504677907,0.13012192332729294,0.024956455475723067,0.692026629509212,0.883761077224076,0.14112808460634607,0.0814970641884245,0.12519290123456595,0.3353050929445087,0.04581567796610192,0.20128591425656556,0.02601333030106914,0.09837223488618475,0.09635224760501225,0.0,0.16711429424052446,0.524866952681705,1.0,0.5381825906201168,0.20898198748831504,0.743164091461787,0.1580547112461994,0.2001044932079387,0.3605860741003051,0.05903117193439733,0.1790727350063773,0.2886534148039273,0.4160125319444523,0.10449599671525443,0.5769910898657201,0.0,1.0,0.09506412168207587,0.16591928251121016,0.32495732979328645,0.09670632030427845,0.0,0.31781376518218735,0.20524264775286236,0.14270575768279883,0.325918145465937,0.1659550738023455,0.11075094543489813,0.4572994070404563,0.038180714148190485,0.5645205189463813,0.04145326504481576,0.1777939042089949,0.0879396984924646,0.7083571681512368,0.7378646718482984,0.12311890193484241
2.0,0.507416787264832,0.42485414838143476,0.6019196131165341,0.5128845568077977,0.5068435237541616,0.4422189715314517,0.3302898543319756,1.0,0.7160465647112544,0.7403539484671956,0.5216288340526477,0.6339667640333886,0.5304025602155981,0.484430891925174,1.0,0.5455338035983206,0.36199248898482983,0.4800531914893589,0.5510644031258446,0.5502539427960437,0.5140308590932283,0.14410516002612694,0.7702327501677251,0.6345536153339125,0.555229142185663,0.2764988616240833,0.5225694444444424,0.33824891161633663,0.3531956214689273,0.4393698545635721,0.08914857512726818,0.5222011750730408,0.3084008843036103,0.5436604487699386,0.4325077091415472,0.7393027439829883,0.17109453739165423,0.6082965390626188,0.17148288631624364,0.8482828672261918,0.5940867642995332,0.5603448275862035,0.43269443583728,0.133431085043988,0.5952786048489987,0.6349292288653409,0.6778284061219008,0.5989187709573676,0.4300023958107529,0.5454032712915967,0.9321736708834647,0.5489859827020576,0.5452582627470517,0.38422150578418424,0.5252083839119508,0.4901157431117481,0.6869577790630402,0.0,0.5171317555634036,0.023524425525641834,0.5283794852133905,0.4327390599675861,0.4261277490054793,0.05870766132018173,0.6050659051536055,0.4932778489116521,0.5475326560232232,0.5634122995932078,0.6001062351883645,0.8573042647245747,0.6096411443691072
1.0,0.14887843704775616,0.16526408178016264,0.4647240247723848,0.20654888821200165,0.6157335684505347,0.2180713401597859,0.6123166376284366,0.35151659821946885,0.5548131393828734,0.6664151398991881,0.17191051955325762,0.030413425667619457,0.16843523665150786,0.20670849703864444,0.3891370874040596,0.162875485456131,0.13312830824733138,0.10328014184396624,0.16545405551064507,0.20515904838278531,0.19511251077605166,0.03200522534291252,0.35677349434897104,0.0,0.14441833137485438,0.2394716870597949,0.12866512345678952,1.0,0.1530720338983062,0.1931718427483453,0.029214701817609556,0.20920152823706947,0.10292311471383013,0.2506082725060792,0.15348652143638547,0.46199816312922204,0.26641806087482356,0.07830731181816829,0.45615517365355573,0.363496841543343,0.08013263332412625,0.15543364681295463,0.3811842474141616,0.04279352666449375,0.22160782645682392,0.3019568412096831,0.0,0.23841784712242534,0.7284177381264763,0.11415679639030023,0.48716652828417756,0.19430360870862023,0.2122571001494775,0.2299450028446812,0.10212834830460173,0.42824951346921974,0.3477443609022537,1.0,0.056340515718827616,0.013278788213831693,0.33179687363853416,0.15568161354223006,0.4732267507318171,0.24820426237763024,0.5078563436140476,0.10259282970550604,0.20555152394775128,0.3296243120363746,0.11718558470213356,0.4267313821398477,0.17653381842235796
3.0,0.21544862518089483,0.3624348185244459,0.46469441634385233,0.3089552238805974,0.6456081015305798,0.2676943850568268,0.5570435164700411,0.8922024445686201,0.11474134174430928,0.8581389031420722,0.3900438177445396,1.0,0.2895401718039424,0.24611505306983908,0.7430899896902148,0.37520805262740836,0.28420616849513525,0.22813238770685518,0.34680679062247527,0.2987169206094614,0.36207533559703725,0.07789026779882338,0.6127470712700624,0.8135364462905036,0.3129259694477071,0.24752686167734067,0.25057870370370106,0.5433211250086379,0.17646539548022747,0.19642221642269025,0.06357259066179176,0.31996660994638315,0.2092237779415365,0.28751013787509944,0.28091117079478584,0.6026068467471027,0.13912517637573005,0.036991518351617125,0.21061336017832738,0.24642634716332018,0.196186791931476,0.31334900731452126,0.33706638336800815,0.05267731074182704,0.25754997873245533,0.4493000232036501,0.29657601207457446,0.3216998562923442,0.0,0.46497461928933986,0.1884253791766158,0.40366835669549805,0.30526490616176516,0.2542196093305516,0.378328073156914,0.3579500836491511,0.4268363215731661,0.22986475371151951,0.1418226774991163,0.5597582324432897,0.34486694665667517,0.26436160633891703,0.45297605644374384,0.05008812073280901,0.21982641304019093,0.2586427656850216,0.28374455732946047,0.36073223259153325,0.5790907357467798,0.8783807322389449,0.3220605258806003
2.0,0.6148697539797389,1.0,0.5780897628858344,0.5290283277490102,0.4506545918778874,0.524248902891866,0.21768453752573846,0.6539031178286414,0.8080139445124619,0.34501423641503914,0.5515105590880639,0.026814138960912323,0.6499915782381667,0.5262417169999414,0.7324529104685203,0.5781089006895453,0.35990773871129894,0.54713356973995,0.6469954190245244,0.6267040898155566,0.5368848853779973,0.16802743305029377,0.635186045311453,0.39918810617395134,0.647238542890713,0.27562011530216884,0.6375385802469111,0.7283808997304964,0.3763241525423742,0.45986856153170835,0.1028462466980391,0.5661540437281278,0.3538442643085235,0.5793457691267915,0.5138764547896154,0.5736195161229443,0.17829066720419262,0.4355834736826135,0.2988602861868125,0.7027047065452711,0.7640232108317213,0.6431556948798325,0.43180912752866096,0.15830346475507753,0.7264993619736266,0.6486193827828909,0.5802999205319218,0.6026825429412179,0.8597195760555837,0.5851099830795263,0.606888869406468,0.5718759320011936,0.6668327520345456,0.41432770718755924,0.5314396698227718,0.5132643654614357,0.7510121457489881,0.2729736654036492,0.5736488873189686,0.020325427976486725,0.36590105083387053,0.4889249054565114,0.5232229978233132,0.06408376653189335,0.6618337660766666,0.5968309859154928,0.6487663280116066,0.6088777219430526,0.3758410285745437,0.6731664603115569,0.6380023151976194
2.0,0.8086107091172208,0.5973979038670048,0.34813590268696465,0.8013706975327445,0.3143737640354123,0.6392483402723081,0.24177008874968697,0.2046743016487001,0.33486543130460145,0.7547513406376704,0.7702039337133071,0.9143501044777743,0.7805288866430875,0.7870169471647221,0.7125370252180591,0.8244432115399868,0.44418487742851204,0.7538416075650124,0.7790353004580978,0.85458433573911,0.8132092401344145,0.2304049640757675,0.5960675027093985,0.7244792266083561,0.8477085781433601,0.30002529724260074,0.8651620370370358,0.2244627185405288,0.5639124293785323,0.5341526489359172,0.12968178717002293,0.803287636048416,0.4533898305084747,0.7185725871857257,0.708047349050035,0.7692336726092354,0.19171537996371715,0.6644210781859288,0.29674804055511633,0.5308653874670061,0.9394860458690268,0.879440961337512,0.44719873696014606,0.1968067774519388,0.9036580178647354,0.8859927295227769,0.47891237358000854,0.8171491138027807,0.4097178647621862,0.7737732656514368,0.6418437704672858,0.8759320011929602,0.8530144494270048,0.4564289778114924,0.6724123978311881,0.6799822458943634,0.9071717755928302,0.2960181227329727,1.0,0.058492269703503096,0.4091804192879422,0.6606338915901305,0.5053741649778577,0.08578072007227346,0.5510759540154404,0.8596350832266301,0.8768142235123355,0.881550610193826,0.233894473046226,0.24854884496061996,0.8414916487514478
3.0,0.37753256150506415,0.2738396406629141,0.5135581928989114,0.40462991166615847,0.7745878727363249,0.36367728142230366,0.8079082766619485,0.45775171298833045,0.8046108194476156,0.474258750616241,0.33103811814318196,0.13170763727066895,0.39986525181067717,0.35852929103383585,0.48740733467524033,0.36839185226282206,0.3340331785788211,0.22709810874704406,0.3895176502290489,0.3985565356856456,0.320924013441475,0.09797517962116278,0.995912679981422,0.08655667039830896,0.37685076380728527,0.1586536541201219,0.4056712962962949,0.5945822679842432,0.23384533898305185,0.3797954874374239,0.0709025068663295,0.3565030340000639,0.23544583640383074,0.39064612057312903,0.31881030538147725,0.6080545525458264,0.9230800241886716,0.4638581637762305,0.25817034586898696,0.7415774489160407,0.4056369162752155,0.40229885057471204,0.41112242338394334,0.08813945910720077,0.4578902594640583,0.41109134503828587,0.8990812575394624,0.39341682063915756,0.582524271844659,0.2739424703891718,0.8186759632194813,0.34961228750372975,0.4000996512207274,0.30457045325241905,0.313992069272475,0.24070470142374284,0.5387507229612463,0.8749072962878065,0.3239138113740725,0.6608362356496581,0.38439956084554655,0.3101026472177212,0.4520978758537865,0.05208749870410677,0.35563725596084106,0.3349871959026902,0.40457184325108786,0.36982531706149796,0.3604777859497159,0.667474825461239,0.392591367620309
2.0,0.20604196816208414,0.28731478135164473,0.22397789237336216,0.2957051477307342,0.35398860200758203,0.2085068076966373,0.3273213126983072,0.481980393539742,0.6322342346081223,0.6390289054561188,0.3038579382598101,0.38319822333081693,0.27657065858177365,0.2652319240016402,0.5184348765280556,0.4562098755647143,0.20164414347813217,0.24881796690307045,0.3154136351387759,0.293638064688584,0.2851563187248193,0.05720661876769011,0.5461732982401828,0.9996756609715516,0.22984723854288788,0.24861863741062792,0.2615740740740707,0.06487457673968537,0.167946680790961,0.36323518944696154,0.04000839704004366,0.38077503451375777,0.1868091378039786,0.30535279805352883,0.2535561523923208,1.0,0.15164281394880053,0.518313684434127,0.14714262601567538,0.6673685459236628,0.2608455374412857,0.29349529780564265,0.37812993374942816,0.05913978494623686,0.35197788175244665,0.36545749864645344,0.5682825175944615,0.28508861972216415,0.8006229107959804,0.4719120135363791,0.47525875806443313,0.2283030122278576,0.3227038697890695,0.02678740754788616,0.36602735291737215,0.3257195534159574,0.4498264893001724,0.25413627108588044,0.24196397032850614,0.010654725708073125,0.6179181987696702,0.21835044120295286,0.4477369961720333,0.0336784111609718,0.5547913543498262,0.2700064020486578,0.3102322206095809,0.286432160804021,0.21108114734003433,1.0,0.2750124028443843
3.0,0.2671852387843696,0.26031287108265777,0.3513040045399589,0.41248857752056,0.2175492369352808,0.30550241926409366,0.3543140931641793,0.11299484069072865,0.8712103919819062,0.7757186119746876,0.42747010180212797,0.19966742153226832,0.3609567121441783,0.3400574678942111,0.8342252115142288,0.4386938257906014,0.30286542271638506,0.26507092198581433,0.3585286984640264,0.334536220261961,0.4941501433874624,0.08327890267798758,0.8689270784951239,0.6575293736071733,0.34218566392479144,0.24983024218781213,0.32754629629629695,0.5086448759588135,0.22117761299435063,0.364302830434886,0.0679460490177212,0.4078081356149877,0.23084008843036238,0.27047850770478565,0.3344275340694318,0.6889020293647699,0.0,0.2928217033092085,0.2207970806068886,0.6124588510928557,0.33324122685824753,0.36807732497387813,0.4052203679931528,0.06299554686651485,0.32326669502339134,0.4769123675458254,0.36075649036949825,0.4630808184493272,0.5992379040078496,0.4939086294416233,0.6650971857643098,0.42730390694900156,0.3486131871782077,0.3419305897970789,0.43950797119041557,0.3918877394243563,0.4728166570271851,0.46160380793139333,0.24973507594489602,0.0,0.7589181464893786,0.3114532685035135,0.458072506192299,0.04314213355844831,0.7654199914459384,0.3084186939820757,0.36338896952104044,0.3208901651112741,0.42306120781237216,0.7430055033260048,0.35339837936166496
1.0,0.49620115774240353,0.378078372657338,0.712324508376718,0.4970149253731344,0.37499339428209066,0.43197929560031667,0.3598322084212569,0.4344832824274252,0.5253989334108042,0.6032617991206637,0.4828847230916217,0.30829148752283775,0.5430352029644616,0.46150237494868973,0.26731798320977873,0.5268288816675929,0.3261377413726823,0.4221335697399508,0.5398814335758566,0.502673082063619,0.5166171114903498,0.11825059873720883,0.4298911080146577,0.7316460728821191,0.504817861339598,0.2647556153221407,0.5314429012345684,0.36163361205168865,0.33253884180791027,0.41101805499537325,0.08517747494008379,0.4939480527819696,0.30434782608695665,0.4740470397404715,0.42076991942703673,0.4815243511191072,0.12187059060673248,0.9441789187794924,0.31094952182354196,0.46600581274652264,0.6534954407294828,0.505224660397075,0.2729553066855534,0.12897795155859626,0.5967673330497647,0.5713512259262109,0.4582392389359285,0.4939437487168957,0.714830068565822,0.43147208121827485,0.34097273435203485,0.481136295854461,0.5485799701046331,0.3898160439977237,0.436837420085779,0.48912561029738055,0.6233371891266616,0.27255565593775766,0.37901801483574693,0.009103138187111934,0.6023909520241189,0.4350801368629573,0.8808151317270884,0.2675463929740377,0.6548565898673254,0.4724711907810491,0.5544267053700995,0.48983010289542933,0.5056794966086462,0.5401027224751312,0.5037208533156924
2.0,0.8133140376266261,0.5820124941917506,0.3861777986133384,0.7982028632348458,0.48872855923034353,1.0,0.4461907121945235,0.10648467126356954,0.4494200161855957,0.4122020665439211,0.7673706058709181,0.0,0.8051204311942042,0.7292558494106604,0.2442927978791288,0.802567963858285,0.5520891859124111,0.7067080378250591,0.819186203179736,0.8516439454691271,0.8730625098963737,0.32209340300457223,0.41996181039376695,0.5965954864562306,0.7888366627497062,0.8053710040342448,0.7177854938271614,0.5868979337986319,0.7704802259887005,0.6405608673989893,0.1113657435753897,0.8004302179985234,0.3530459346597888,0.8031900513652295,0.6296627872276923,0.663072606720933,0.1844386212457165,0.41183789278832317,0.14839649097576746,0.8595821347015028,0.6717325227963551,0.8224921630094015,0.5072373954229553,0.1487998262191802,0.7584006805614627,0.7649470183308832,0.6251908091451183,1.0,0.3055115055959295,0.7143260011280315,0.6255937124497827,0.6591858037578284,0.8325859491778793,0.4702256779821731,0.6478109573521079,0.8457099935129234,0.864227877385769,0.24506142042313417,0.6344048039561971,0.8339248530414434,0.5180018472369868,0.6146227264541704,0.48932672821436624,0.07599117311651186,0.5450405885885364,0.8021766965428916,0.9468432510885324,0.8094041636755205,0.26840728936830915,0.4006741456663071,0.7705473788655519
2.0,0.41751085383502157,0.36790748102638116,0.48326383577191623,0.45254340542186977,0.4809602349688627,0.4389557781028492,0.24522912951731785,0.40312596635327413,0.5477371293395031,0.47169317758796,0.4412743386156222,0.4491997330620196,0.5260232440626564,0.4580425731542822,0.3706776637701072,0.50194182452247,0.2940089304196117,0.38504728132387483,0.5603610886553465,0.5141673349371834,0.4510107496613239,0.12238732854343501,0.6989626877225573,0.6035530817438989,0.5150411280846031,0.26703236715619094,0.5364583333333324,0.09785087416211768,0.3483403954802263,0.4184915419108403,0.08306072109581401,0.46007641185346987,0.31288381233112134,0.44255204109218604,0.39331542823038024,0.7298667639621053,0.12416851441241666,0.66700805680732,0.29562899978428114,0.6880171416708681,0.5968499585520889,0.5372257053291554,0.6820120106827199,0.13191050287824427,0.5991067630795405,0.5624564931549216,0.36336921783972587,0.5126941764182589,0.4531390825185662,0.556514382402708,0.6189565100795741,0.526543393975546,0.5660189337319376,0.3566281054428229,0.41514930808448586,0.3487316057222846,0.5912377096587627,0.22022356764337017,0.40657011656658415,0.018154679639560065,0.3942979628112854,0.4031154330992245,0.4743676349170608,0.053479658180417756,0.5826222949941459,0.5134443021766976,0.5107039187227883,0.5000000000000027,0.6676200593827465,0.6983009834429448,0.5075243922606266
2.0,0.6470694645441364,0.499974185554236,0.0,0.6029241547365214,0.0,0.5315629571283892,0.2493166223003384,0.03982596147064727,0.2518727563237954,0.29499059289889723,0.5616578262445221,0.057096283654424144,0.6641401381168924,0.5467659649328556,0.05318539610846364,0.6456368391852282,0.37773900700830926,0.5263002364066179,0.6875505254648335,0.6630580058807807,0.617850419606256,0.17322556063575012,0.0,0.7878404251980031,0.6475910693301984,0.41797701945224824,0.6338734567901227,0.0,0.42606814971751394,0.4929179814467721,0.10651995171701989,0.6027867852441651,0.36962662736428353,0.6353068396864024,0.5217348055306862,0.1825799227507771,0.17647651683128368,0.5036490812811992,1.0,0.2739627509712622,0.7292069632495213,0.6647074190177655,0.5622445516651167,0.15868361029651348,0.710123351765206,0.6616907726815681,0.33703040940353224,0.6017244918907831,0.39261633942934054,0.5853919909757468,0.3265276653240987,0.613704145541306,0.6724796545424347,0.39635880902711945,0.5303876345391273,0.5287650653829079,0.7346732215153291,0.2737152951011986,0.559342988343342,0.02207603147400825,0.6371921997804226,0.5025211597334759,0.47071230203407655,0.06747530397950276,0.410893035352466,0.5993918053777197,0.6523947750362796,0.6548217276860514,0.21237503745471567,0.0,0.6302298660492819
3.0,0.24764833574529632,0.30259693324384285,0.4728071257617997,0.3787694182150464,0.5768975098529499,0.2778215370766299,0.36436932541040945,0.4444818176393043,0.5865929322902631,0.38036883885183065,0.25546074523111345,0.22997144638813205,0.30099376789624144,0.22400750601067157,0.5968383327605657,0.2548149322342878,0.19697193719135359,0.19518321513002357,0.29749393694422144,0.2976476877840126,0.2796319428561373,0.06387437404746264,0.3605408473963988,0.2086023080383762,0.2562867215041109,0.22301516503122212,0.26176697530863985,0.6580056665054236,0.16044314971751453,0.2814064390614247,0.04397949722722727,0.2629787780524611,0.16427167772046067,0.1822114084887795,0.23405948473092658,0.19630612835448993,0.15230800241886694,0.41419727798261236,0.5816180700366724,0.5405631839615643,0.3503730312240963,0.2650208986415874,0.39968719106428846,0.060443141088302774,0.30263717566992654,0.270399876247195,0.34547460737623836,0.295695613494835,0.6787445951650258,0.46412859560067604,0.6464542280577802,0.2775872353116614,0.30127885733267035,0.0,0.3630330986485386,0.40260848782819436,0.31752458068247463,0.3803886139615161,0.22518544683857317,0.35385040632428555,0.0,0.330361966504594,0.5276289124071155,0.045911642303875386,0.28407259719444067,0.17189500640205152,0.300253991291728,0.3937544867193135,0.9890632235569724,0.5074264300879874,0.2731106333719208
1.0,0.7959479015918965,0.6129382002168409,0.5373831083915217,0.8706975327444407,0.5178270942907125,0.5890626758186127,0.47814468702578683,0.3574896786688874,0.5747338714697773,0.5702614872274703,0.8539847790992643,0.20632993096808872,0.8118578406602676,0.7677241541077806,0.46811330944081625,0.6317666640247276,0.5857408995475648,0.738031914893619,0.7441390460792229,0.8051323175621483,0.9376308520558068,0.20939473111256274,0.6979924652939049,0.8558574582282722,0.8258519388954143,0.3067490380390641,0.7989969135802489,0.3686960127150846,0.6602665960451989,1.0,0.12992670083795504,0.8682698173178794,0.6282240235814296,0.6797783184644477,0.6221028548691914,0.6448171307071948,0.17837129610965485,0.45954906155643604,0.30478805637448764,0.5971559061656632,0.7852998065764066,0.8616771159874594,0.44286072624791595,0.15841207776691588,0.8285835814546966,0.844767576765411,0.382115680366811,0.7503592691439153,0.6809920938245128,0.7631133671742797,0.7419948738312698,0.717193558007753,0.7925593755190181,0.5237530817371524,0.6332443149631767,0.6693980675338856,0.8519375361480623,0.2913660819028869,0.6810314376545403,0.025724657710947833,0.6877646689786173,0.6240770754547086,0.4885761465135478,0.077649916322329,0.7432442357291902,0.7770486555697791,0.6375181422351258,0.7342665709499899,0.5561548309770921,0.8494612013162788,0.787663304117745
1.0,0.5399782923299554,0.39759409365480997,0.4618174640380962,0.45619859884252123,0.401558115020151,0.4670867559356381,0.2960622116401574,0.602190672012239,0.5329107094685739,0.7473363315324015,0.43705729252462644,0.2307153719080604,0.5711638874852607,0.483492640591097,0.5302174873582404,0.5255607513672033,0.2935210101428279,0.4960106382978692,0.5978172999191569,0.549051055867416,0.39177325427963194,0.13517853254953166,0.7953966042215009,0.821550759057952,0.5344300822561677,0.268257286271586,0.5763888888888884,0.3298044364591237,0.33558439265536827,0.2798405656124701,0.08981334079736916,0.4683918194368636,0.31761238025055244,0.5286563936198958,0.4422560429722465,0.8791565491991978,0.16668010481757703,0.5520126845403376,0.23013140864312923,0.642175034846822,0.6772589113014664,0.5491118077324958,0.03958803653372211,0.1374497664820241,0.6407911527009773,0.5869750174027358,0.9352077890151107,0.5382878259084394,0.6333725029377195,0.5654258319232929,0.7223101796221901,0.5480167014613778,0.5930908486962295,0.40176370187748883,0.5205956138221253,0.496227252552153,0.6638230190861776,0.25938161567400647,0.5130695867184734,0.01176037002229728,0.4960005576564485,0.42535566360525906,0.5349620956241087,0.06189185586706326,0.5610297707252374,0.5518565941101155,0.605406386066765,0.5385259631490787,0.6868241126637806,0.6047444413582717,0.5472961799239306
3.0,0.7011577424023139,0.4785481955702404,0.5561252436526932,0.6559244593359728,0.24185549748704574,0.5460785416901087,0.1970018240436542,0.14335935592723786,0.7543317216907727,0.6153753282424318,0.6093631601489146,0.36897611780279405,0.7023749368367846,0.7545299947223347,0.7242050828873933,0.641911706427834,0.4140521039713753,0.6103723404255303,0.7379412557262196,0.7067628976209586,0.6587554320097114,0.17643696930110975,1.0,0.5809539752456083,0.6980023501762632,0.28627158587082424,0.6755401234567883,0.07587588971045538,0.433748234463278,0.468765569764407,0.1107884470724071,0.6542845217837991,0.3981822647998047,0.6746417950797515,0.571570675420271,0.8184769070115622,0.17941947188066848,0.9022865552976163,0.2674058028331058,0.8880082446098629,0.7609836971539145,0.7046760710553781,0.4502530506248795,0.20326925165634863,0.7467035304125889,0.7978188568334732,0.3324681413045345,0.6325874221583517,0.4276294023022598,0.6065989847715743,0.6224736600535308,0.5976737250223687,0.7149975087194839,0.4101555091978001,0.577000890183701,0.5240533988869532,0.777617119722384,0.24574911341540687,0.6492405510420355,0.02799122855510722,0.36109997734520655,0.5372771474878468,0.48456804023117905,0.06674960382695747,0.7104579878947068,0.6853393085787455,0.7209724238026137,0.6488394352715962,0.39354689330173703,0.5697048729621449,0.6718207375558111
2.0,0.5139290882778591,0.4757086065362167,0.6659873177231113,0.6014925373134329,0.5100087056408656,0.500056261955666,0.25334280269161374,0.5006266038073642,0.3894295615363878,0.5899912468684914,0.5967779132210981,0.6692266456617104,0.5334343944753227,0.5417228640121972,0.8764625983929824,0.5424427359911248,0.3763491734926219,0.48064420803782615,0.6001077876583139,0.5785886126704076,0.5947676771231022,0.15499129109514503,0.4756360633741034,0.6765084380460152,0.5807285546415971,0.32224692771645813,0.5314429012345684,0.6231221062815296,0.38832980225988856,0.48803055825760944,0.09119535363784263,0.6076989758243166,0.30551461557356874,0.5783995674506626,0.48622301800457607,0.4739504044890109,0.16097560975609682,0.4345820626033656,0.29748957359603084,0.5450117144636554,0.634705719812102,0.6016196447230931,0.42446106856712795,0.1541218637992834,0.5954912803062524,0.6446747621625781,0.4669692933058148,0.6919181550674051,0.6961883791769824,0.5492949802594482,0.686138200271264,0.5360870861914716,0.5871117754525838,0.38654466148302785,0.5215667233147198,0.5417733620130425,0.700115673799885,0.22683081403972424,0.48534086895089884,0.02499861794460732,0.6879127964728227,0.4597514856834165,0.5338887637919387,0.062410213118881314,0.4934915690654037,0.5430537772087063,0.6244557329462964,0.5659248624072787,0.7387295361063451,0.4730836044196084,0.6074913180089292
1.0,0.03310419681620837,0.09768186277040443,0.4987391744183173,0.048370392933293066,0.7218200073984038,0.12242601552829976,0.6976634869379058,0.412701340552388,0.514069017036377,0.7362993369754421,0.0,0.27726541730939563,0.0476671719723748,0.0,0.5935490205704724,0.27502575889672604,0.016929355058106808,0.0438829787234032,0.04392347076259826,0.09596364608393444,0.0,0.0018506422817331112,0.7170356608350118,1.0,0.013278495887189788,0.190994181634202,0.0,0.2836293276207574,0.0,0.17231725545089982,0.04459178139705754,0.23886730664269482,0.08843036109064224,0.16234117329007908,0.06525415298915646,0.6975202244505114,0.13634347913727063,0.27682947183152057,0.38683306967714126,0.0,0.0,0.01489028213166039,0.3815088604606546,0.013033561420657952,0.028285835814548098,0.20218114316652336,0.457330215592895,0.06672141244097676,0.580253955939899,0.3955442752397076,0.41142919028193925,0.0,0.09367214748380467,0.18931348378532134,0.008011653313909725,0.012359588924168583,0.24421631000578434,0.23537978182602792,0.02296008477569898,0.1011295999410323,1.0,0.18710606879164282,0.6382721609247165,0.034122717376816034,0.3837878938432359,0.06786171574903994,0.05878084179970802,0.0,0.4441311868377331,0.5789884990372709,0.15288572846039267
2.0,0.3406295224312573,0.2983117352470433,0.6926250339263242,0.3374352726165096,0.5528582593724708,0.3481489816586046,0.5160510732223236,0.41550613854725565,0.6924944491710079,0.41340939502781915,0.34912529239284423,0.4017416609231234,0.38756947953511883,0.341171641353426,0.6582388269756322,0.38353015772370525,0.304417896324334,0.3297872340425496,0.4039342495284278,0.3914728682170524,0.2840479248403383,0.09549858480296067,0.5701501780461382,0.6523190240534014,0.3808460634547589,0.16412584712476896,0.36246141975308455,0.32977679496924844,0.23587570621468984,0.3315618401385557,0.07118240820110927,0.36202523517513746,0.2455170719724876,0.3161665314949983,0.31711926788023603,0.4893121799630111,0.1757911711348515,0.7160544403477629,0.3430646437046091,0.45786500192769647,0.4951644100580261,0.3955067920585175,0.36222389447124886,0.08509829477571444,0.4168438962143776,0.42764328254311845,0.5261758702898016,0.4033394922329451,0.5260515897915652,0.5008460236886626,0.8817886925175472,0.3880107366537445,0.3986048829098168,0.34714583728427834,0.33406166545277977,0.25033288948069193,0.5253036437246952,0.2397621391297314,0.30466266336983316,0.01762397036873245,0.21604830698987532,0.3158652980370959,0.4645800495383922,0.16371203033130416,0.2698460701000996,0.35547375160051264,0.4018505079825811,0.3984206748025857,1.0,0.6060202337854312,0.3996196461055066
1.0,0.11866859623733537,0.09349992255666092,0.4607564953490092,0.17812975936643272,0.3745010944631567,0.17902554292787318,0.33778018485686084,0.5976281282720384,0.6150318524205777,0.7436640407272155,0.3306427700721514,0.2572560088395864,0.14754926730671872,0.10983404679528358,0.4723845058667558,0.2093207577078564,0.11958482420084579,0.0756501182033069,0.1265157639450285,0.21103982892274786,0.1364556026671821,0.02623557587633261,0.6441038344428972,0.6587744169744395,0.11222091656874181,0.19718534890223272,0.09413580246913592,0.42273512542326136,0.20603813559322148,0.0,0.04326225005685557,0.19138279770122354,0.1971874232375328,0.012300621789669402,0.16273749129612758,0.6549199199828887,0.1449103003426725,0.16320724657471916,0.26017922628891915,0.346562768765385,0.13622547665101156,0.17332810867293494,0.35862364068286706,0.0,0.1331348362398963,0.1229793487508685,0.17280019209549888,0.18757270923150743,0.7820382645203255,0.42233502538071166,0.3972419768239412,0.35095436922159323,0.18252781929911735,0.3219230039825537,0.09541150764748701,0.19812899040595464,0.2952573742047437,0.7603187659281837,0.18632991875662377,0.0049422300845819245,0.42572713172890947,0.12254637133081159,0.6174210012759889,0.0369218465366329,0.6548695505661662,0.1509282970550582,0.1487663280116106,0.060540799234270005,0.49344883005093965,0.7269286356553384,0.20340664792459026
2.0,0.48064399421128773,0.39026279105787454,0.4680993856251077,0.46475784343588156,0.17249128740574676,0.4263531000337594,0.5051885611514466,0.5144932646872133,0.8036666597497474,0.8461561679393934,0.49715019932131876,0.4695373439670921,0.5258548088260075,0.4563419926112712,0.4803050387026036,0.4718237298882462,0.3417659756926988,0.44119385342789436,0.5419024521692289,0.49879711307136937,0.4771723640458137,0.11626387981711211,0.8094029003457716,0.73619728182969,0.5011750881316097,0.26693916678871515,0.49980709876543084,0.5546955980927362,0.3412782485875717,0.4119433438515736,0.08613963577838837,0.4812662535717725,0.2882584131662993,0.4783725331170581,0.41301104148015294,0.677792735553515,0.47786736545051356,0.4202816089338013,0.23048644567484,0.7368620065838252,0.5791655153357315,0.5203761755485908,0.41501777994186395,0.12409036602584997,0.5867715865589104,0.5312089102018718,0.06469501980984842,0.6845959077533702,0.4814096494130269,0.5461364918217714,0.8476383008349363,0.6348046525499541,0.5427669822288674,0.6635217143940835,0.4941328801489028,0.4811704052716039,0.6337478311162484,0.3390461293671873,0.44895796538325583,0.038141043359684636,0.36039419340222734,0.40518638573743965,0.47259626210313005,0.058737281734571524,0.2811175578587195,0.4801536491677334,0.5404571843251039,0.5013161043311803,0.45006946146931515,0.8333984568090121,0.4947908053580277
3.0,0.8310419681620816,0.5099901905106087,0.6606972784919438,0.7137069753274438,0.29959920675758,0.5775852368628345,0.19414057909553967,0.046791842757707626,0.30401942271378496,0.47033493304357515,0.6674134352452805,0.10756287811655672,0.6986693616304533,0.6328505248343407,0.6383720359369616,0.6587936910517557,0.427654729869592,0.5972222222222198,0.734842360549715,0.6946003742314879,0.7315575573110014,0.1817711735249285,0.6178355782628888,0.6130321514140146,0.6875440658049347,0.39787236875391135,0.6089891975308631,0.624255407366457,0.45021186440678085,0.6877268737099341,0.10917901439742538,0.7090570520435346,0.3650822893637925,0.6761286834279514,0.6701482144633435,0.46516865241624006,0.18459987905664188,0.4549516743289787,0.2607050406270223,0.6471203179216461,0.6231003039513707,0.705721003134794,0.3348973780118924,0.135820571304442,0.6712037430880474,0.7057777090262198,0.5220309525306871,0.6626291658112659,0.9201168242958032,0.6204737732656502,0.7268793803214941,0.6846853563972572,0.7050323866467358,0.38910487388583453,0.5867929109007031,0.7350541158796821,0.7715442452284555,0.2838958482221114,0.5028258565877771,0.022437208616654703,0.4326804105745605,0.5356564019448944,0.4776026420475868,0.07791650005183581,1.0,0.6774967989756708,0.7166182873730013,0.7036372337879907,0.1744844869385214,0.5609579270962306,0.7042335042169684
2.0,0.33538350217076707,0.2503484950178108,0.5294973969256582,0.30865062442887575,0.2838483939066077,0.33442106447620334,0.49437203337437857,0.8330033039109845,0.6035670560893115,0.47773988107814525,0.30474747141962955,0.47614515299703564,0.3444500589523309,0.26276901424968985,0.5816518565794402,0.2940477134025529,0.29819321642960644,0.35224586288416004,0.4133656696308281,0.35271317829457305,0.2683544749203893,0.0763117787938163,0.7660318934819631,0.36613691292020173,0.3032902467685057,0.2527993396088248,0.32021604938271575,0.2808513578881908,0.18882415254237297,0.09378632945028369,0.06516452950335043,0.3206729380036603,0.19030950626381757,0.3526628818599607,0.2647965781358785,0.4312368682611373,0.10378955855674227,0.421806484895383,0.2841509671388511,0.4627361428274859,0.3998342083448468,0.3268025078369884,0.40696147433343677,0.07526881720430091,0.41110165886856276,0.4166602212081353,0.3979063877470513,0.3337439266406641,0.5322008373929005,0.492103778905809,0.7704002434156578,0.37541008052490493,0.37917289486796135,0.29499336241228846,0.23136683661082708,0.3654272935231657,0.4716599190283407,0.25830288156847947,0.28894383610032,0.10688632133709258,0.2253977658888521,0.2508553934810019,0.45600090069804106,0.047229750744212554,0.45235431094444606,0.34298975672215154,0.40257619738752054,0.34840871021775854,0.8856064939663861,0.6135478798777875,0.3158591036877772
1.0,0.6588277858176538,0.534359027311684,0.6110735522712132,0.7565031982942427,0.28750865696715505,0.5485540677393954,0.24536708239874502,0.4588692920733262,0.9570251706750237,0.5167567132494241,0.6833920864494442,0.24812104105812535,0.6865420245915439,0.6785902773705489,0.7601093164449247,0.7269556946976297,0.41147943342106064,0.588652482269504,0.6697655618431713,0.6748195669607057,0.6894034025932896,0.19937949052906578,0.9290292614955883,0.8192699233095144,0.677203290246768,0.28046653441090746,0.6948302469135806,0.34941607352636306,0.4497263418079096,0.577237894137465,0.10492801287546198,0.7162166500786596,0.3765659543109788,0.6162476344958057,0.5416293643688461,0.8923543399217432,0.1768393469058651,0.5223951932268202,0.06555601495649652,0.7185118182626999,0.7598784194528909,0.7019331243469136,0.167308515190415,0.15949820788530392,0.7439387494683106,0.8030783509938879,0.5239976445432873,0.7253130773968408,0.7513604782494601,0.6587140439932306,0.7800595130655419,0.5786609006859549,0.707689752532804,0.8588564384600794,0.5235898680909588,0.7243675099866844,0.7705320994794675,0.4686425479699575,0.6160367361356403,0.027088285698490838,0.7201523099175711,0.5302539168017292,0.4960069053516474,0.0631211030642317,0.5746817068376326,0.6632522407170308,0.7119013062409271,0.6476429767887083,0.7896270872490532,0.594001421731782,0.7385480403505855
