Type,202469_s_at,210371_s_at,214676_x_at,36830_at,201075_s_at,213086_s_at,208938_at,211745_x_at,212263_at,218716_x_at,212642_s_at,200922_at,216142_at,221613_s_at,202272_s_at,210649_s_at,208899_x_at,209642_at,214283_at,215725_at,209071_s_at,219747_at,204924_at,222277_at,214372_x_at,214367_at,205808_at,212131_at,209861_s_at,221805_at,206922_at,203586_s_at,219998_at,205174_s_at,218940_at,203203_s_at,222026_at,201504_s_at,216623_x_at,205215_at,205973_at,204506_at,205799_s_at,219594_at,214246_x_at,215106_at,219908_at,221211_s_at,220969_s_at,202062_s_at,206057_x_at,205345_at,213266_at,202029_x_at
3.0,0.5545492290015159,0.5461032930923637,0.4137466569099163,0.5692384925539588,0.598077947168316,0.3878155129964098,0.38639916508505495,0.9310188098734354,0.7803892838049223,0.3315063381185062,0.6353455062599995,0.636777970252673,0.28907749760809864,0.48670848941643735,0.6557641409831797,0.5289470905058614,0.19930232945368606,0.3596090804786101,0.055413170055157515,0.3636177404486327,0.41190803470897663,0.03865087681145072,0.3517753255730643,0.31510712519547185,0.2578975320842496,0.07584590420097363,0.056251074537753326,0.5812780309803661,0.4971059299379345,0.0726017292066695,0.14659182770770088,0.7042935255862111,0.5408516149231852,0.19852484721960373,0.7751254054166796,0.8580676085012175,0.9902775178787906,0.633100525151281,0.01713840066955796,0.7220780993992355,0.08310884964581411,0.13284883720930246,0.03424264656839869,0.30022822117892545,0.5033519148628105,0.5569194166960622,0.02949009066168004,0.5760101897399857,0.16500042857254169,0.3755094943874746,0.4140007997600725,0.5539247167681958,0.12873735869579275,0.5836535936791355
3.0,0.46915523284443855,0.008943495963997645,0.4212779184447909,0.6219565279556192,0.6231934313349103,0.20702163249196526,0.20565064798383015,0.5425099491370321,0.14739223412470576,0.28720947860666385,0.7661663746180088,0.4352547637536587,0.41298725347983073,0.4162717576085809,0.6692072950262496,0.11274685816876126,0.7569975190235948,0.26319455826913624,0.0981586465636803,0.33856851832883816,0.5607886595558017,0.04377137660386307,0.35688156254888015,0.4137050749141264,0.29362214199759357,0.08786585732315631,0.07214641846798263,0.587885528199984,0.7858969292638153,0.07524869550124214,0.17139240120189722,1.0,0.6054663317512613,0.5632251033480635,0.608463953112453,0.27573120654639194,0.4174402616527404,0.8688188094793805,0.03067327770591865,0.7683506280720919,0.22416442182979082,0.03823582848837206,0.06927899686520383,0.33080333854981736,0.1391804821544918,0.4438123400454814,0.05070709431820081,0.10029866479269127,0.14079776830589155,0.8311673082521915,0.4275092472258319,0.5820826656524153,0.08107268183407337,0.7045210417014778
1.0,0.7578668881014229,0.44337452675191075,0.3597715366234303,0.583545948762594,0.6306570729149897,0.6268536094874745,0.4808070844470671,0.9096065036497905,0.5052620636397838,0.43670044664202207,0.6458507927639655,0.4272205961412101,0.25823894324249264,0.5147733598110453,0.6061206485110568,0.5844183274746166,0.391894367018,0.6763194558269137,0.08389311074325241,0.21458568063095332,0.3358729279216883,0.025233453931977057,0.5257557180267322,0.24556596586428556,0.4947461831676177,0.007539181708302464,0.5362060611744109,0.42778637939682057,0.5018131523280427,0.7487605905772339,0.18322834525570839,0.4378564536247457,0.48539844733977083,0.32110323770284516,0.6364077214279016,0.8762965049340067,0.27605340449593596,0.821708474395543,0.00926771327364798,0.7107659748771166,0.05174099570986688,0.02670784883720959,0.017308077102647843,0.26896844027125716,0.38727285890103497,0.49485518721714794,0.027515736396573974,1.0,0.4128945789469583,0.416180086047941,0.40580325902229336,0.8991152318541477,0.053167933494762044,0.5163631155562978
2.0,0.44176233742408366,0.458675619687121,0.4972834357576265,0.6087198274081675,0.7312882625154289,0.7683669441990719,0.3106359180761728,0.4865226816002528,0.5392649941587628,1.0,0.4601671026233586,0.3002568544292456,0.30160797506249803,0.41988235471107765,0.6640657767236022,0.24846189822428094,0.5594601794961452,0.7253810850680219,0.10153968081502729,0.36181956821104566,0.0,0.04883256558786872,0.3566545065568726,0.3132894050976357,0.4628266408513673,0.08720475990143638,0.07002078742126559,0.4320459980664531,0.9106441339873088,0.47837000032544663,0.16680139712947872,0.45171843007429163,0.8091337977556873,0.4255595050329012,0.9837781184494572,0.9233338768894749,0.0,1.0,0.02712893217344261,0.7291643910431462,0.18499451262097147,0.043968023255813955,0.058367238044420705,0.30430359937402196,0.17627235213204928,0.05741851231978148,0.04929207085969981,0.08807097680955729,0.232473331099561,0.6107462879694625,0.42461011696491,0.563932136599722,0.07933753738977295,0.6059126823096934
3.0,0.17623374240829637,0.34360311450817993,0.2645914144913645,0.5122469664570696,0.4748246580884327,0.6932734414644693,0.6478737411323314,0.5403620300191839,0.8527760727085524,0.24663269233011856,1.0,0.3859954602472971,0.31910743495571126,1.0,0.80197561575286,0.21987236546324104,0.7643488685748542,0.2182142271758728,0.1035529620800072,0.3735304494292509,0.43239172980134327,0.0649453352049188,0.36160432718263885,0.304949277589917,0.3083113163785976,0.09370889009088411,0.07805442240665245,0.0,0.1474580999093428,0.1663764767142904,0.20366670225584543,0.013359901467784902,0.20779105263532416,0.18014521609976603,0.8566258903523875,0.8754268151069075,0.9251490916191393,0.5029989603604085,0.03325597910167645,0.7399440196613877,0.24653297415943295,0.05410610465116304,0.0675982124991663,0.3206768388106415,0.27519003836965156,0.44634159155215003,0.06237373315746422,0.1010101897399857,0.1861874965909002,0.48109209717594525,0.43290762771168595,0.46413852014889545,0.09473370712315658,0.0
1.0,0.8617030521305057,1.0,0.4207857637787116,0.5884453708087222,1.0,0.35983987069370604,0.9307628286706974,0.3482076352216173,0.7064085301863255,0.4233886485288801,0.6122524993439485,0.6809867988770084,0.3169778710533626,0.0,0.4925444368916596,0.22111551981654443,0.34536357127395695,0.30122930667103764,0.1071193460351143,0.8679595297438176,0.25834247942573213,0.05338631765550968,0.364379455973843,0.31049599700610825,0.2718337602269595,0.09229988447489515,0.0986855472718466,0.7547157467780269,0.664845765824404,0.05663178963126891,0.7537788081692421,0.36661672066587714,0.7258686571837218,0.18602191576730476,0.0,0.5716777601533811,0.31399956065771156,0.7903859995201666,0.032740284223963766,0.7376024030584379,0.28181183278459493,0.034511264534883894,0.0658574001200562,0.3125717266562338,0.0,0.5226694485931507,0.0628120147596547,0.11527582572030919,0.1818783944893361,0.5391016724355449,1.0,0.09772354580654845,0.09971901019073645,0.47591483063996387
1.0,0.6327498141299834,0.4285020358597038,0.4275723175951769,0.5648156679831347,0.7154115116763885,0.632548348901461,0.6363584321565552,0.4574657290612089,0.6325564817931608,0.2607782999615164,0.30667648627371324,0.5010453377934412,0.48625042436961835,0.36748356426110645,0.6567331472455641,0.4370441893094761,0.3594335381387685,0.29758236354695955,0.10984846063875355,0.39255920880421563,0.15222294443793283,0.06686305134338975,0.3662160866647491,0.31759312474104145,0.29470450221514083,0.09951185634820464,0.11517481752395244,0.565111833162512,0.49393291336386297,0.654847528232499,0.2545795646935011,0.6008739242651271,0.715237702176713,0.32548547149248863,0.5065179530498809,0.4852375093269288,0.5603404089137671,0.5250779729693706,0.045142323332234294,0.7540073730202079,0.2801955502344603,0.17898800872093046,0.08106449676515705,0.3114632237871675,0.24765076377325712,0.4734691273707043,0.07507555139999672,0.1332835558678845,0.21907069888493197,0.38971063953676455,0.41683744876537004,0.5347329172408204,0.06461470729149141,0.6004225049530945
2.0,0.7958809273224102,0.5013715265376093,0.41758675844919435,0.6837871070850982,0.478230357371378,0.5513654218429915,0.6948333032423409,0.6493343426881064,0.6260964695166625,0.5538244451959743,0.5037035155886258,0.47189534675347944,0.29697231566926946,0.5479833310767102,0.6178138061698225,0.39794517447912753,0.29645170421433037,0.2826749713161778,0.06744811806136985,0.5243151581367289,0.5500122539878735,0.046196529658699,0.34760758669754604,0.28161295927505015,0.0,0.08641010744502553,0.03888654444288149,0.9125324377957558,0.38078523443129764,0.19269290851693954,0.03198450345469267,0.45096531760165004,0.5695779638946011,0.18339625417875646,0.6496574163876988,1.0,0.9989911399305195,0.5858102524458186,0.02099554473441718,0.7274440196613873,0.13568791778908434,0.09136082848837233,0.04358700727005937,1.0,0.37503076811699143,0.4434858639607928,0.32594794049388087,0.07522839072382267,0.16928615399001035,0.09916944327629151,0.4212486254123765,0.5080090534414925,0.07809444883266199,0.5826987802258141
2.0,0.6602971989147121,0.6625401814415317,0.41726297248466854,0.6298172089816384,0.5530938197910346,0.7059879339184693,0.3323366609567176,0.5904907835572459,0.5232807952002853,0.6200277547783701,0.41371020307963186,0.37341855325249385,0.29020709237369224,0.6546539092235708,0.60356073644476,0.07682512861518051,0.4830244600962427,0.7431322733978037,0.1954480669304172,0.12126281766761118,0.4362952465182689,0.0740396591605542,0.34357608141723306,0.27674788489554775,0.22808892832893024,0.08323149761938158,0.06328441255997894,0.5794099047037523,0.5919244984774179,0.06676945357503171,0.15182343699952747,0.22460795004353942,0.5988557847622978,0.2250251760020969,0.6473578825517009,0.7163427566202667,0.23519457168194902,0.9467651214245733,0.7223680539704278,0.7243241398143091,0.12898333832185935,0.021557049418604677,1.0,0.3031559728742828,0.030080359082024152,0.44206362906312635,0.03858965154525568,0.06618938861560068,0.166356276250068,0.5278442726361076,0.4192617214835549,0.5114259170350605,0.0575446411229231,0.3554412431671167
3.0,0.6365637703129371,0.26116151153653866,0.5849646749512698,0.4211088199128779,0.5651231624704323,0.21441727592234144,0.4805472744166386,0.6536636234012216,0.591623269904758,0.0,0.4670746882698021,0.7113075682456247,0.31247800993796476,0.8471513893276763,0.6777186410771878,0.5481827919677748,0.4969528947499875,0.2551630880183577,0.1024983861793034,0.6262646955057078,0.25884684646285977,0.057643515681118564,0.35843563467195444,0.18900279340809165,0.26825726559506263,0.07920481332345033,0.07388130851346514,0.12030151703483996,0.0,0.994085006671657,0.249439470433019,0.6929105443591087,0.5099193783666469,0.12319457026058893,0.6785919135667285,0.517149196278123,0.6986030542425006,0.16754858315783858,0.030089950713096135,0.0,0.22005387608500437,0.03037790697674431,0.0635363169479091,0.3055425143453313,0.7179070440889016,1.0,0.05681381797538943,0.10787069571328163,0.17756929238777236,0.40698088182965086,0.5504348695391379,0.3870034480393563,0.17790410089735448,0.3197312200128897
2.0,0.3737097724178559,0.27305521822987405,0.5589063805262167,0.6175464126508032,0.5276026766732304,0.7060255229575056,0.15906098490019357,0.6468884814987095,0.43685523632259476,0.716364823733834,0.6036603431783363,0.39679827967266,0.2997746983117805,0.5181432504400422,0.756584180611198,0.20854819486142753,0.5578533726293355,0.28346992296344864,0.5831101680290934,0.41041574197366515,0.6380491651304783,0.0416691379503502,0.3556504145033277,0.36648444913725137,0.3268727856993998,0.08626319690686544,0.03713602475735018,0.4609765139455262,0.8178130593458717,0.17381564530651653,0.16767078992724535,0.4897976794721932,0.8771569666910974,0.49693059700463066,0.7208595355045947,0.7557703425886115,0.5495683868815652,0.40756537733585685,0.025277503022310174,0.7268910431458224,0.16504040706375261,0.022165697674418585,0.0477422797305409,0.23410276473656758,0.043115181350901005,0.22394383110303875,0.045197268462090795,0.0738843991567111,0.16828095657391315,0.4747921586387603,0.42061131660501844,0.6452073499978177,0.07804265347611594,0.6121547752607842
3.0,0.47270848822501443,0.43942424458889895,0.4199115416744911,0.5049709116674238,0.39889201249994827,0.5271768752231851,0.045457948205329536,0.4545577536383895,0.35274142130170477,0.22536763419668596,0.46691384987852463,0.4510513111522608,0.305663405450449,0.5726331783785404,0.5332426999117768,0.21830635306187124,0.3640957756797707,0.29359940993279804,0.10097724033465198,0.3700479133235461,0.7128446656082063,0.18562965013213115,0.3596011887642605,0.30318501984789936,0.3164861612515041,0.09215965168846965,0.06053359591128638,0.6225512644379988,0.3560868453474042,0.6417984725702693,0.4770221008800694,0.3942622243490677,0.5127194324464717,0.21797589541497872,0.46102785512415406,0.8042604918688944,0.5551496611369204,0.7364846853090928,0.60288112810368,0.7356089568541783,0.1803651601316966,0.03981649709302349,0.05629960648302546,0.3095983307250913,0.11624556577137467,0.44864193453966883,0.09473143773061961,0.12261068165846807,0.1789017633812036,0.3309974767897002,0.4319954013795857,0.5262344043247018,0.08989084128607877,0.8383739526889934
3.0,0.5725762067067697,0.42168726337595536,0.005329516976097949,0.5208320756455512,0.4712868589545121,0.6098257748040667,0.0,0.6400950982448779,0.43952834485080094,0.44051964408578353,0.4679042757616545,0.38364494355175927,0.31494706953489077,0.5749499781859757,0.6682093632037953,0.22051506419443917,0.45867259436868296,0.3014137026716932,0.3328305456311797,0.38347730092071003,0.5911430306775919,0.06245428125185349,0.35874342168334256,0.3087852016199096,0.3062339914890183,0.09278068259978235,0.08913583720166943,0.5129860217633077,0.6732490294985943,0.052070112062138595,0.18426551561093923,0.4634701226161243,0.5177502792938312,0.22252367004032758,0.5698620279698405,0.9729506698094091,0.37207410239929734,0.7471209980540083,0.034357114475808845,0.7393432550518844,0.23707472812531152,0.05592296511627912,0.06875208430600964,0.30799426186750123,0.18960037645696076,0.4498990550956539,0.058308149533334394,0.09599437807449056,0.17939267374720427,0.5327855594733606,0.4395181445566331,0.7278542969553751,0.05226151475520244,0.6346525672546719
1.0,0.5488910560313611,0.8764197442674477,0.4085725571967904,0.6104832380667936,0.9773572599188411,0.7507752739301222,0.6722034092360264,0.8987088163491151,0.5619666158446034,0.6106809250037903,0.4660504016727196,0.6100292694582164,0.26353507607789883,0.45053481969580716,1.0,0.7924294313775782,0.2898246665667617,0.2824086215374529,0.036418021104300626,0.30184255750167843,0.6927800924199317,0.0,0.42377730348303894,0.28173324957564244,0.22964860267968223,0.0764201908501445,0.12338037854988232,0.6357735278510732,0.5994211859875869,0.0,0.08896786297149341,0.3486361603815764,0.527787067806138,0.0,0.6051006893387151,0.7702981158367552,0.5446786699319018,0.6523072001706074,0.006944972820343716,0.7029560349535773,0.03765339718647056,0.07004905523255835,0.013232841992930233,0.2960485133020346,0.27701440671830896,0.17949805240128794,0.014417377656821431,0.03519852424455381,0.4809518985763597,0.5488184582538089,0.40344146755973165,0.7512236486865654,0.05807554352752256,0.47165397560451655
2.0,0.8873965645427604,0.3193942424458888,0.4432888883132691,1.0,0.7775727478007439,0.4954517262766188,0.6158378433125339,0.5589606078018259,0.12901213789279858,0.9155869902391812,0.24929104130160562,0.46006212293172444,0.4582142526465234,0.39324667900287363,0.4886539490620892,0.3874477618695594,0.9808098972642659,0.5932470086871006,0.113357322272004,0.37076490605119045,0.34566191069861935,0.06313306050361446,0.0,0.3835523062323739,0.26796146528716186,0.09192593037776049,0.09795095418952533,0.6980904405725041,0.9003347358144086,0.37182147080200906,0.18328935527660403,0.4828627687866261,0.7971650786647976,0.2986448643254901,0.6186893178571058,0.33682691690014815,0.4614883940412169,0.9186148801748728,0.03574991334635254,0.7381144183506281,0.2934650304300106,0.0517805232558139,0.07327419462415811,0.31617110067814286,0.23139795844494315,0.0,0.06244886714641111,0.10542867182009821,0.21353821698238168,0.7771528159673922,0.43361991402579253,0.5067620229328912,0.09184611599570122,0.5236674384742068
2.0,0.25947454304942674,0.7142581612972356,0.8157463590268288,0.5618385224207338,0.4171878418599657,0.7092769748341389,0.37260721567315036,0.6449366569075436,0.2979377462724986,0.6470711711816775,0.47192523554359117,0.4359476733767398,0.47139903089410806,0.6778143852206219,0.6679924215032621,0.12997299458383013,0.4671228999117514,0.6873381412883134,0.13498571529007217,0.4592964366599517,0.43980450449490494,0.06323191185095839,0.36141763670032134,0.3825766182386826,0.29315155059865966,0.7164626613511763,0.06681671121114123,0.4474489536312153,0.2595945977358843,0.0528538961391176,0.5070847886765405,0.27803971099308794,0.3757836237751988,0.41370034349723417,0.30289188540917134,0.831700194197785,0.49565132494243824,0.42242022765441306,0.04018827090043708,0.7449822501365375,0.2959992018357771,0.056913154069767526,0.07614219969319017,0.32140714658320296,0.1148881488452905,0.40692054247566445,0.07191574975372741,0.15397926914968374,0.21133301644939337,0.4679261152266035,0.44370438868339523,0.746459992143708,0.10228288033977771,0.6268230969374347
2.0,0.8532447594310932,0.43525251803700293,0.41542386820616084,0.6891726585560367,0.3830482866236515,0.5481421617456361,0.5206328796198848,0.26575824737096515,0.48911450804902695,0.6031299926531473,0.47789318637783484,0.599892479541246,0.2819727786179438,0.6545786884506023,0.4629825144989369,0.40361480319237225,0.5087916479344622,0.35572037370922804,0.17032998638638394,0.3606701036794241,0.6124933846224879,0.04599223687418847,0.3567655117085206,0.2952324944198665,0.25364204129103407,0.0873316371843927,0.03558869039246018,0.6943323810977604,0.3286571050001157,0.9435444939846606,0.17165169379070527,0.5796926359721027,0.7960407875730254,0.2138833580878194,1.0,0.706899704008973,0.9218133446152095,0.4120038386692614,0.024336993921563625,0.7296217913708357,0.17294223286441146,1.0,0.04878276529046886,0.3046361502347417,0.34935929921088815,0.44442026103076376,0.04707979229626165,0.07784609978917754,0.1681406964693412,0.1446317083427683,0.4188993302009401,0.28566974891040725,0.07925984435495358,0.5919843410593645
1.0,0.9733602402309616,0.6359239945710411,0.3639159969693634,0.7985994388859058,0.5051663426092196,0.6248425958990361,0.708581217055868,0.5092590059071576,0.5598875314337763,0.38860771302958586,0.6262454393850897,0.5912072158174543,0.15353229838585233,0.8037414812474608,0.6351836049925523,0.569714708145377,0.25901227167524155,1.0,0.0709889365400964,0.3119828832212321,0.40419690204979003,0.04076629564460952,0.3560591152889412,0.8144722597201246,0.2347175443196258,0.08538841142963982,0.036151357434238425,0.8002267919837747,0.4100281271066288,0.15870813942135578,0.06316062413251369,0.43561280605000313,0.0,0.2085630595625124,0.463124028824996,0.7856263990393879,0.9619480762502953,0.32571375256577717,0.022447521705681924,0.7270617149098854,0.1476005188067438,0.028124999999999886,0.04625491896218236,0.38249869587897767,0.40910736262940706,0.4618623396702215,0.041899721169418765,0.21294799718903695,0.14935363468476526,0.030177433442241115,0.35526841947415755,0.5004208727966534,0.06281481865150769,0.6851502637672164
2.0,0.3942472022941674,0.09282091577969942,0.8112392584006266,0.4462668119759413,0.0,0.5205706016125697,0.46404273214466574,0.49638061187572785,0.141115379284399,0.28413662814427837,0.5157071386850193,0.0,1.0,0.750214379202961,0.5947673661831285,0.0,0.854421632782191,0.11260858875594165,0.11162526124721188,0.5192165431845853,0.5058517231948456,0.06198638487442573,0.3672302700957166,0.3261871984388989,0.3463956060208811,0.1110042670833583,0.08255575874087631,0.03718807016013506,0.4725702596527115,0.03314809993382585,0.2738282262861678,0.007044739587827981,0.07842286153430164,0.18071541231163976,0.008009260707693408,0.4959752138399271,0.12352840673332699,0.3754898301922003,0.04994209000143717,0.7400327689787003,0.47065748777810995,0.06636991279069758,0.08563996531714803,0.1233372456964007,0.17242814739737924,0.3944656674747262,0.0803307565157865,0.12233836964160208,0.18953815464455728,0.47326367547633674,0.46358592422273326,0.6238394822329332,0.11558133813303627,0.7974363258778315
3.0,0.5100369808915975,0.3410815058218442,1.0,0.3900283098900332,0.35435372211970734,0.5929952825756017,0.5084878615873072,0.6057116711205967,0.18468209809318248,0.25648097398281067,0.46967349806570674,0.46664775103040435,0.5854572389741055,0.31209850912428017,0.5290051053613521,0.46018737836247603,0.44754150223953887,0.11937387313555166,0.10955445766037532,0.3837049176596445,0.1132588148795381,0.057834628285983444,0.35952045774487995,0.3200523931087022,0.3199819830721552,0.10341166336117956,0.08449383410700083,0.9191253970676949,0.08528789604593352,0.6895984530434689,0.24611442429419061,0.5796534113641528,0.621597774188269,0.3085221341892408,0.572886358184985,0.30973311393430863,0.3483577547981872,0.32121531202516446,0.04088361358391038,0.7460062807209177,1.0,0.06305414244186044,0.07743613686387,0.3092005738132499,0.6376312169695216,0.5389482216434881,0.07295092915699669,0.11596099789177772,0.18540048155969235,0.4708658169702066,0.4284589623113069,0.2121448301232693,0.10527406218032576,0.7690186904733496
3.0,0.3665742949008854,0.4485748982070145,0.5088684975683674,0.5602848146512419,0.624493789242944,0.7144172759223406,0.24598725609782973,0.6403732788524973,0.43956299625764805,0.6179344847290412,0.4675572034436343,0.4547279135057643,0.314990278077837,0.9080125167366223,0.7685087427505318,0.12325935760300533,0.5843948249163304,0.2174233732175054,0.10820587878129388,0.6217351224009013,0.42699642325629283,0.06240815062309301,0.35838517778484175,0.30249000922225633,0.26703372795783514,0.0913048994664475,0.0797111642518875,0.6709335543101381,0.37376508054580665,0.02532110738655469,0.18325885026615654,0.16206823512799,0.5257021482498772,0.22877743494475086,0.8139984774061677,0.6534483695786448,0.6026799879587671,0.7222162983499056,0.0321168006627947,0.7353495357728022,0.23178689015264856,0.049600290697674604,0.06262922697258726,0.3081377151799687,0.11375515818431876,0.44692324434671027,0.05658424189805149,0.10440091356289502,0.1786757887682824,0.46154126095817277,0.4332200339898029,0.6816518166116937,0.1538581066207414,0.41455613109588646
1.0,0.7139532862784488,0.4984856061147221,0.15693905700575664,0.7525442361889993,0.7816513306995926,0.566664160730732,0.5622156951679739,0.20886347260605062,0.7273379799219848,0.32484169280824754,0.46027714994370666,0.645785795352727,0.2007283725810932,0.47320636066856175,0.6318933225344582,0.524982272981006,0.5808898213363977,0.28798557613506,0.09581301410575173,0.37626185029647036,0.06646989248457605,0.04680940801223117,0.359147076780245,0.3004317085232362,0.25275464036733053,0.0770345440097229,0.20812428689767293,0.3325846290279205,0.6078012041191109,0.3292571137219167,0.17802724097432995,0.5742639502318174,0.5127550112784898,0.0858513167393974,0.52840263221016,0.8928403773267907,0.8462301990871449,0.7610961533335109,0.028887367166298944,0.709776078645549,0.1772124114536567,0.04926417151162791,0.06116187554191948,0.5159754825247783,0.22151958300152005,0.5036099999249479,1.0,0.09262122276879811,0.1647744539596205,0.43326027884708684,0.429421173647905,0.12177876431746908,0.08169422611262886,0.2617501730599388
2.0,0.2988113974528577,0.19429244946067611,0.8372327956327746,0.47105941264127144,0.6672363472739959,0.4699475632905446,0.33219134348207113,0.6253697673923685,0.30813516028750754,0.35410665764830757,0.15330438242290326,0.44143719013201116,0.29494768679979005,0.2566156669825943,0.0,0.12599007286936328,0.40992723579266316,0.14146451401409602,0.09207406318507493,0.351394721567824,0.28657992974380286,0.04100353887823488,0.3525422702571786,0.6743340595303334,1.0,0.08110129481606138,0.0534377393288635,0.16169105407389614,0.4562983797856767,0.02506753018517916,0.8974421548739381,0.3179468271214634,0.4120953797328742,0.20283810566103683,0.5277404081802922,0.5057394587169112,0.549942641423469,0.6440500626449497,0.02350216000067636,0.7208765701802295,0.17036815324753027,0.021411700581395632,0.04007870339491775,0.30301251956181535,0.15261709983349042,0.27133164716566227,0.042767936152805934,0.06988756148981014,0.19510180545923483,0.45285155112735725,0.5852994101769463,0.39770296980315656,0.837077705983659,0.8297448261046
2.0,0.5825311151235438,0.23612400885777585,0.4139279770500509,0.5862847955873429,0.5294066652631056,0.47546375476910924,0.3743113933303685,0.36639122226174514,0.29610122170960135,0.23954239600704375,0.46438276151052676,0.46881608028194266,0.5196074195240886,0.3934046426261072,0.2571626918126204,0.22064179352171767,0.5117721497910314,0.2687960990001639,0.10342513469810373,0.34000250378412783,0.27239727073499065,0.0483119484918578,0.3568109229069222,0.30647295473075015,0.27075140000941217,0.09277400484804776,0.0861036870320881,0.8006265855449181,0.47076873009600406,0.08401948340764367,0.3848969693272118,0.17220387382228078,0.4402702568080094,0.22017850820116885,0.388814149693917,0.4609553740407467,0.3170342768344574,0.6108815610588331,1.0,0.7352607864554889,0.2889554025740789,0.05360646802325602,0.05948109117588224,0.30777908189880016,0.2046839933396075,0.41306729910462997,0.07978394804067249,0.09758432888264224,0.16260821456679092,0.45990360042700484,0.4236728981305603,0.7040422493936314,0.04315848084219233,0.6054710810875319
1.0,0.709617928490736,0.6239302807343382,0.41568937269707246,0.6929504878769489,0.5547368116875344,0.7019001259232818,0.43519060808757787,0.5074987155048445,0.527156802566184,0.3772200907278048,0.4618939990349694,0.4532136670449794,0.42551773093423045,0.5321944908305882,0.8629145394327699,0.20897967804716144,0.3912616347802928,0.5868095394197672,0.10242168975016137,0.38971399956752795,0.09076475539974632,0.0488786962166292,0.07377806033634562,0.3051497614242373,0.25980678861706663,0.09249353927519677,0.1415263906472232,0.517892579104608,0.5986424603082365,0.05162262288324058,0.19134267803486701,0.5516078166798716,0.6914105583741895,0.31402636697644276,0.2309545411882494,0.6812290298511146,0.8158342215098732,0.7443952763042145,0.03163914884983138,0.7367149098853087,0.2796168811733007,0.05222565406976748,0.06636430334155934,0.5551708398539383,0.1015709838557879,0.235940889065678,0.05625031305828728,0.11184996486296533,0.1443432320603429,0.47851631999482425,0.4329826052184344,0.5795511937199546,0.09099149261268707,1.0
3.0,0.4308901484063463,0.27275519679977184,0.35453915543669023,0.4591381211256597,0.3047626124396777,0.3544458435920094,0.5137192906745816,1.0,0.663178425044057,0.30442793670044666,0.8487780514852158,0.6028373454393404,0.27696058763618403,0.7492365091543679,0.7482319251406504,0.4954694265497941,0.44608455300797595,0.28585887559416495,0.09017582656380833,0.3475479986798229,0.917567956354492,1.0,0.3489093743850565,0.0,0.2600084706451806,0.04283109962537804,0.01339460152232723,0.6257496129271428,0.2055952021199939,0.07853299486879077,0.13255952290163667,0.29316471981862485,0.4069079860246347,0.08060919027539559,0.6952830877368626,0.8143014562363186,0.5618211551447794,0.15421320608855588,0.01405057191407337,0.7140633533588207,0.07301207223386193,0.03180414244186065,0.027226038818115167,0.2910537297861243,0.5072431767175849,0.1179479289407916,0.036014225368573925,0.09272663387210091,0.15987314252764284,0.0,0.0,0.30375792643767074,0.08080075621220532,0.5356145418088942
1.0,0.7192155802523978,0.7771626544753201,0.32086541512598493,0.8519211644229516,0.7451917718305325,0.8410453511755971,0.5535715072064257,0.3677958063133317,0.5679613092291548,0.4675922146680508,0.24758954042546016,0.5289827369930111,0.20154933489707097,0.429758842201862,0.9225518129094781,0.42422340569980244,0.27197495712406544,0.3950336010490085,0.059420558477831675,0.534398579671549,0.39017407766542,0.03364240854602822,0.35593297307115945,0.7514535077988215,0.2560084437542439,0.07039685878558397,0.06761382285365977,0.42566383903584365,0.4876798623863872,0.9349499896941887,0.13870628250690215,0.16567689905939398,0.7188952061081738,0.8550965884792777,0.5187299898841371,0.7841686802951013,0.70021397596635,0.7090208727641087,0.015318674072383291,0.7183984161660295,0.10150653496956949,0.05493277616279072,0.031054492096311562,0.36451486697965585,0.24795482516470002,0.6920392371717414,0.028500826473878468,0.03673576950105409,0.16301341042444237,0.4298676932035067,0.41206388083574874,0.0,0.061260957955119294,0.5554149857971489
1.0,0.8910656869466149,0.5594256732623766,0.20226261632010792,0.594952515004877,0.7242910985341047,0.7104798240832974,0.6637661885868535,0.3030116471028173,0.5711046868502864,0.386182085340113,0.4209479306871189,0.5515112597813749,0.08104070862010423,0.43091724210557963,0.7871006464862681,0.54893411583664,0.37000682684782726,0.47123832158662515,0.07116150350566608,0.29584485643074226,0.3922696871858808,0.030353953724389118,0.352945925354081,0.6073323621005358,0.2545227194804674,0.07844354962571215,0.05074944124036822,0.8951886662159904,1.0,0.16022011043490525,0.11091621798880451,0.34798503188960667,0.5941060106878812,0.960012691464071,0.6120670775584273,0.9690370655874602,0.7212373180594089,0.8036480686695281,0.016540279151555162,0.7163367012561446,0.06157836974957531,0.02772529069767451,0.023797772293737175,0.2883998435054774,0.3641605733729098,0.4385136707169714,0.027878884009817563,0.029137385804637827,0.05494299985194739,0.5191505191990424,0.39443167049885025,0.2847220057238701,0.06431688399135004,0.4724894373761731
1.0,0.6709859318122569,0.38960640045717565,0.4244769237743081,0.592839599531028,0.4943506673106535,0.6838761817054153,0.49711346652633986,0.41922577624550417,0.5266964338752155,0.3809051789483507,0.6389347419390341,0.5002747745057045,0.32108885528224446,0.44267424892058155,0.7328001388426891,0.5387897349244906,0.4231147076943572,0.3031757089001804,0.10338678648353271,0.3661101437399704,0.7117648939230875,0.0563782184351173,0.5152606855072682,0.3074219115465325,0.16827003879017685,0.09354194629752055,0.08577546459105084,0.571748406277486,0.3407215416443908,0.05189925255746846,0.18173359974375772,0.7403566301354815,0.9286893469861172,0.5328299665699482,0.4123778535598457,0.5766982423370935,0.862640447152818,0.6044571215312026,0.038951871296084926,0.8640496996176953,0.4904320063853136,0.4161609738372093,0.06920562929367056,0.30790297339593103,0.41409903713892715,0.6211601534062338,0.0665019284390497,0.14935874912157387,0.228366826926823,0.7472018244751398,0.4358942317304805,0.07648038109252384,0.04939982130601981,0.7116105315923891
3.0,0.6673071538231293,0.5504178869919284,0.4133322108753226,0.5173973965068581,0.5956629967676816,0.6131524047587729,0.6074270440223878,0.3970579740547178,0.48817892006415453,0.2773028885960513,0.7413126105763943,0.5350546562332,0.18961143174593387,0.3441651246408205,0.5496290296920873,0.49727079341610986,0.13494680053948693,0.3343837075889199,0.06857939039121567,0.2798433996836124,0.6185457890680222,0.03704948498448016,0.34216328857807465,0.2881086355070237,0.2306704582887951,0.08125488310595605,0.07980494209218375,0.5582426528846924,0.3342592807829099,0.6775121771297772,0.11244146851120333,0.9610107396976556,0.5547415909430524,0.24990688327991586,0.6837280605700345,0.8284388573461607,0.8220175574195965,0.6015647908724976,0.018985602813496004,0.7218528126706719,0.0990920881971462,0.035901162790697674,0.036203561662109196,0.40743348982785615,0.6319083472091509,0.9435384003422371,0.04142387257275475,0.06513527758257198,0.16262379902285454,0.3572323941383883,0.4135509347195839,0.2708674967733087,0.052921905551167304,0.5946936242331657
3.0,0.4449100582231791,0.16110436459747182,0.4106901174047909,0.482618490075652,0.557911336231274,0.0,0.3619946364641179,0.6432067687574297,0.0,0.3960536903359728,0.4581185294291929,0.5021981960456365,0.29387981852411965,0.5968768335063407,0.5152365387674824,0.23757222817313642,1.0,0.2859244386166203,0.060890573369721646,0.34918683920015436,0.30952152617203205,0.4895777729450452,0.3501455681193205,0.0984241970622432,0.2731917525495969,0.07994604376598476,0.03254091058282936,0.5530235296683169,0.47065250238266837,0.02430408652542281,0.12816680139712922,0.5623553592581835,0.6515978453459331,0.2005343290308045,0.44052498201045015,0.11804556977037202,0.35512688042567403,0.8072668141710873,0.020851826489808725,0.7171354451119611,0.13167714257208377,0.01233648255813967,0.03661041819515795,0.29510954616588425,0.2162600448852532,0.5537972545988097,0.036331457766349995,0.060901264933239545,0.1367769786415028,1.0,0.4108142557232832,0.6691191600002496,0.06619446566615311,0.7480366648366077
1.0,1.0,0.6279019929994993,0.15925736451176312,0.7202817644273998,0.6452871314104548,0.7449583701392676,0.6182994332618488,0.2695570087832107,0.7145021087856163,0.5648155706638992,0.19547790165155654,0.6196165103637775,0.0,0.49693851454017574,0.9131220803262808,0.43673038335621517,0.27301563514661126,0.3575725290935912,0.015467113210320781,0.0,0.31993563992455776,0.008830720362718451,0.3494189889448958,0.25088547026824753,0.15761450497146184,0.021408872060954504,1.0,0.5555604015381146,0.4416304423626775,0.1411150345515887,0.0,0.5793239246573724,0.7965673542868934,0.1785633814474706,0.501819812491527,0.8101605467186501,0.7678482804630995,0.9391144403273533,0.0,0.9212998361551069,0.02324653297415931,0.6493277616279072,0.00412859334356042,0.3671557120500783,0.31711069282559873,0.9075847524410654,0.0,0.013914265635980198,0.232473331099561,0.6330589072558469,0.3832350294911525,0.4922029417449701,0.0,0.47527033155897075
2.0,0.1287572296194735,0.01725837559825714,0.7696716162747774,0.5086470668602711,0.34747627362832895,0.4959591783036069,0.1305259171514255,0.7610717401945135,0.6313535829554678,0.4373360077433501,0.41504770128078117,0.1961830237142345,0.2901145026388075,0.4520768455416652,0.5205009907004329,0.21294751293695233,0.40265081505902717,0.15869939354204235,0.32285361847361316,0.8521970705725694,0.5069670136853959,0.028719611448304014,0.35226475737805835,0.29630174153624056,0.422987717564488,0.08009963205587943,0.04862381019365118,0.043388504844770893,0.25850205723052627,0.017533439645914042,1.0,0.5745071428011068,0.5015654686087964,0.1994905020945514,0.30713116207281344,0.34084429093101287,0.2508807185687202,0.5672900061312081,0.019923998410645263,0.48003823047515026,0.27464830888955355,0.030268895348837425,0.029980657640232132,0.0,0.18415260986027632,0.43828851479649666,0.03376855392115948,0.09771609276177093,0.1592809331972289,0.2710307961051986,0.41936169149255176,0.26958305534944915,0.800147616766157,0.7273768887403622
3.0,0.0,0.2833130937924142,0.43239672846661414,0.3809157661622147,0.22333956679505113,0.622474486439754,0.22775211480961238,0.5143574636009036,0.47033839573886704,0.4598313722288952,0.6132683207625431,0.3814736276208113,0.4052467516434677,0.5435453054715587,0.6988270685391145,0.2386071843459107,0.5516925587358673,0.3361702999508278,0.5343759786783927,0.42199005314850846,0.47052116743209693,0.060839709245237,0.3646317404094073,0.3139977813122335,0.3111886466463638,0.14473359109455025,0.08596302027164336,0.381417595278074,0.49803575164462216,0.028530825224286988,0.1939966139438405,0.38994751747456324,0.6487159599524666,0.29826320073205836,0.5912826288729681,0.761329439494789,0.558249465060084,0.5390597926052301,0.037848622418355335,0.737793555434189,0.2434201336925069,0.05450581395348842,0.07998399252984727,0.31181533646322385,0.17891841019329605,0.4477788368445149,0.06512029786452515,0.1308239634574842,0.19669921220574596,0.46716996085789153,0.4424922523243022,0.7447765009570961,0.10232172685718711,0.7344425082949414
1.0,0.5159848214199507,0.6060075719694261,0.3061849594943758,0.8309731167250763,0.5506664850293714,0.7746725054973973,0.43042595634310776,0.6150497228834713,0.7607122349167377,0.5124721577590936,0.4622495365314776,0.4616092228660175,0.19818524119625944,0.5022942335755449,0.7800572726089408,0.338065567340042,0.3436152321960806,0.4615513850188494,0.09197819264864725,0.1611754128398603,0.568748423853009,0.03338539504293425,0.35324362098804696,1.0,0.25606894836267835,0.07021655948875123,0.0627217455182007,0.7888653858734754,0.4447685906227496,0.48574001149911583,0.16021231487271823,0.648037592864259,0.5033871048081234,0.5063572279267392,0.6697692123184104,0.7438071660465181,0.5591281496367289,0.7694066057100207,0.016872099216312834,0.7145685417804479,0.10232465329741548,0.011691497093023199,0.025098379243647065,0.2934533124673969,0.2295192934192425,0.43909157091285717,0.027503214065082736,0.05400562192550948,0.37044252062992344,0.43277908970336115,0.3959812056383086,0.4968418952369672,0.06659587967938659,0.3902680638770187
1.0,0.7064895188621865,0.6603971712265162,0.11545559923068457,0.6137018596833487,0.5541547467191765,0.5112015336327934,0.3964480886348523,0.34345424309032807,0.6475803417618757,0.3549404671665639,0.45359812411644734,0.4583865957828086,0.2573809450325607,0.49034165275082386,0.5393459930867911,0.5914548225035079,0.5207802587541837,0.4339575479429603,0.0805056851228102,0.24804534125439542,0.41157415793792024,0.01951984605550173,1.0,0.263662973308919,0.23083180391128713,0.005883099278135027,0.048233069192416655,0.7625953144194628,0.6072433110950988,0.038414911966674264,0.02660036911062661,0.5489405433392692,0.6748699593689739,0.17590553136309092,0.7145084420527906,0.9708406836947978,0.5483886714777363,0.7458747634153495,0.006934405302357826,0.7151351720371386,0.11864711164321985,0.47019440406976765,0.013873140799039502,0.29184924360980713,0.2698762035763408,0.4332037435924377,0.007580184662648371,0.03078004216444129,0.2698292722838239,0.4001067512049948,0.37386284114765517,0.9158129703643201,0.015447965089929686,0.38641300455923466
2.0,0.5639151467166187,0.6040217158368455,0.4185063105884485,0.5219250725222492,0.49079222757501817,0.5886443513071591,0.24621624120939387,0.6329916120186182,0.4733431677326101,0.5175274923907595,0.4659996106017895,0.3175228480974852,0.3004968982438814,0.6082878247656878,0.8552781915739844,0.1598237858877842,0.3719466506818521,0.32969595148336345,0.23988086488006588,0.8023831472566495,0.669806529066814,0.04815378633610775,0.35674028326496426,0.2952324944198665,0.28864059590316593,0.22570800862765517,0.37750269611290843,0.6200434684635572,0.3644436179362619,0.37246015990279996,0.16910452541830034,0.3329698519663299,0.6063308973693012,0.13884737594783633,0.6611915861047676,0.917270755197138,0.4862380096167149,0.9257057553381492,0.026027796799310124,0.7316903331512835,0.18421630250424018,0.030595930232558077,0.05225772026945902,0.1190075639019302,0.03773619054513877,0.4210866024722121,0.049279548528208574,0.08682361208713989,0.16673809542362436,0.45757448322712113,0.42376037188843296,0.6393276011497621,0.07686430911468771,0.6178359153080465
1.0,0.6142400571610657,0.40436459747124764,0.39964254029516294,0.6655874381614775,0.7918477879467143,0.6450561016407612,0.5165507796502694,0.5204911179820202,1.0,0.23493020489556993,0.3884331801136024,0.5589122513589392,0.2715471744699239,0.6857276105369262,0.5578872770924034,0.5654270325724546,0.38502589206920107,0.15618751024422226,0.08059516429014266,0.6265947397771632,0.1889707005373997,0.025319125099675047,0.3433944366236271,0.23578235474946177,0.39647997633597537,0.07213975198830064,0.0011253340835564866,0.43040320997884635,0.3364094934796265,0.9751101094585651,0.076399798666931,0.3095527610201541,0.7297289604576861,0.08641691459472393,0.8480951934007034,0.5695974225556034,0.4739445615119887,0.4879775011329405,0.009967282964315576,0.6997610595303116,0.04182380524792906,0.021974927325581334,0.020589608483959295,0.295057381324987,0.39202562803156427,0.4372077663782169,0.019735194430067042,0.030050948699929598,0.1534757233135669,0.43582392520945856,0.4005423372988098,0.483342789981357,0.2969816255972655,0.41209748645358324
3.0,0.20897583207006176,0.30412172298021356,0.4976136974414432,0.2871785747193634,0.24540024190785206,0.37652000676602687,0.12332169325682885,0.8776598170392463,0.7128091400510864,0.1983067252860028,0.20941158544327884,0.4892808075981124,0.27686799790129923,0.5652389763957215,0.2018859465166397,0.23329662205995505,0.4419717934628775,0.07165218816587454,0.08599587117556448,0.3530108004142628,0.4132399899126593,0.13514297199870814,0.34898505971572596,0.6025341156658067,0.2588790512877399,0.07196613044320248,0.009174598708992142,0.06929512760683548,0.18783560752225728,0.014074212690250708,0.6650092277656605,0.4266382157510329,0.5009641863476905,0.12653757547052674,0.6005641940159981,0.5645077604992806,0.5420588881385718,0.22150321221976388,0.014864270798988947,0.7115101037684326,0.14696198742891306,0.10873001453488398,0.03043420262789305,0.29057120500782463,0.2145116918844568,0.4376543256204923,0.02515736396573892,0.07251405481377364,0.11199769350050237,0.16732038301038402,0.4040662801159655,0.4422468995703983,0.9530734069690654,0.7949776812355284
2.0,0.6020160862050659,0.49924280305736135,0.6213711688025747,0.6515722950710289,0.5362304481900256,0.45723307083654474,0.6161152675823136,0.6369515053675178,0.45619072134328664,0.5477370526291238,0.4636208954465803,0.4573263245923183,0.30479306194253264,0.6336221811015325,0.5894812200801243,0.3821945295173726,0.44677556321494644,0.11005163088018358,0.08930660036686466,0.35698271250867747,1.0,0.12003189603474296,0.3590411173173081,0.3367727448910038,0.25813955051798676,0.09087752335543672,0.06589456244822675,0.5312311460991053,0.3750900764778361,0.030490285416734465,0.1741683571526627,0.4632818444979643,0.5087772978588657,0.2179529036322419,0.6965762496219591,0.7002485533994497,0.23604884835368656,0.7423493189027802,0.02868235731737215,0.7453167667941017,0.18347800059862268,0.11975835755813943,0.05513239511772171,0.31150886802295263,0.2957105625135738,0.4453471529033858,0.22198754445427687,0.08723647224174282,0.1753017540305299,0.4652047682204899,0.4285464360691796,0.6094425150111297,0.08841467362450973,0.41695509989735724
2.0,0.5215464385373727,0.46756196871205125,0.4261541350705526,0.405943488248695,0.5595502000074307,0.8905407183265367,0.3031762877109856,0.549602794575022,0.45548284260340977,0.660353815115859,0.46875925878897157,0.43563407203870735,0.36496404431961976,0.7014713183192673,0.7500759295951874,0.22208107659580897,0.7812411542368095,0.4903007703655139,0.12954666019007935,0.5854302525407715,0.44505063205714285,0.07550265910124332,0.3620433021005202,0.24164984830056557,0.2907179207927446,0.10191584697264125,0.09527828574107955,0.6822804224727588,0.8498802854552652,0.052555570019852275,0.19393560392294418,0.28802629617716996,0.7207168423075007,0.23419889731410007,0.7594875324594063,0.8300299944161957,0.4740747370048244,0.8706914936155468,0.0382734366413892,0.7452962861824143,0.3489174897735205,0.05768531976744176,0.07573534316014141,0.31141757955138244,0.1371461666546009,0.44870572871713665,0.07022106089192388,0.11108573436401951,0.18409917947838803,0.0789069323585546,0.8292887133859842,0.5120120213741031,0.060587618320017765,0.5986441648962826
3.0,0.356242818658453,0.5122294449603538,0.13430641808538898,0.6581556948632323,0.6935820113027936,0.6287142669197668,0.4620963586963703,0.4510797359868418,0.5652931509019266,0.5504542221081972,0.4616992999297387,0.4498446926706887,0.21848091108299134,0.5863459252907284,0.6666980026900767,0.461409411161233,0.34289092029238843,0.340435994099328,0.06383060315350159,0.34160720179361936,0.5878255742502865,0.03342493558187176,0.3391863322384188,0.28661168954409955,0.2594975428406242,0.026624196165635005,0.05575092605617305,0.2443029417537122,0.5537436946465527,0.07082668879704061,0.14033830056586818,0.0,0.5207139960009394,0.0805816001361114,0.6679911147264026,0.9116227127404616,0.39718170058009455,0.737117799162957,0.01672204046091288,0.7185554341889678,0.07157537663374164,0.014707485465116212,0.03767758287200703,0.3019040166927491,0.31057337290957754,0.44148197626856617,0.029227121700365642,0.08389845397048488,0.3568528749425323,0.4990376217125481,0.41322603219034276,0.6643305628472205,0.046317997591515746,0.26424462320674025
2.0,0.9092857763573343,0.681562968783484,0.5357751112204788,0.8247551083306062,0.7661708794134768,1.0,0.5347859209384869,0.5018256552445405,0.4169603785913709,0.9867523410805707,0.12999974604464554,0.4286870557314379,0.2755779142619054,0.4775315551142605,0.8044632139189803,0.027533455033719206,0.48970977571307317,0.6973815767906901,0.12490652622698308,0.3432232806400582,0.328449497586497,0.04479943061623926,0.3535160881784561,0.5535893289137789,0.24821007200048387,0.07681417820248292,0.6560385114330815,0.8807815600671646,0.62395685627281,0.33163694253696535,0.15055747906593672,0.5806418714844941,1.0,0.21940598430121075,0.7801937657082676,0.7515404875204451,0.6916549373123642,0.9473182630021589,0.014549358763008663,0.7544033315128345,0.08147261299012212,0.0,0.02519842593210174,0.2857133541992696,0.09491421125027132,0.35247033570747743,0.028459085368907847,0.043332747716092655,0.15877443837516458,0.6555211399734739,0.40525342397280795,0.5539309519207392,0.05836041798852727,0.5246699926001946
3.0,0.3865034229049796,0.13730266447603473,0.4345855215868099,0.6530624565104803,0.39926354333081526,0.12242750014095967,0.2764026438973268,0.1654368955652234,0.2329119062233926,0.6489603619782861,0.8253125767156799,0.428239053819963,0.29414524243078904,0.529877691023153,0.5461868880436201,0.21343029132658461,0.7271175716402755,0.24418128175708914,0.05341906289746325,0.19506754526727868,0.565310203487236,0.033240413066829844,0.35032721291292646,0.3558187091514185,0.4618585671164175,0.06910137494908215,0.3034025726387525,0.6162708710411348,0.7891048141518863,0.0284155628600254,0.12398761496575826,0.537706615622377,0.7347953861370639,0.20022164078558333,0.5493800123058958,0.0,0.4321745002481469,0.5765667901794045,0.020340358619290344,1.0,0.1486181781901624,0.019803779069767682,0.03296204895617956,0.2996022430881585,0.11546007384348081,0.0838968485676331,0.035242014926619235,0.04725052705551633,0.13588866464588206,0.7679333937178531,0.5566080175947217,0.7143053104794211,0.06588369352687509,0.780213878213545
1.0,0.5616074618362995,0.4548610615043934,0.41785226294010597,0.6272848877295214,0.6761613434554844,0.7500328904091567,0.4547820458058296,0.3649699169714493,0.7416341603469104,0.18115240638593166,0.3978887844850205,0.7496057583179021,0.2982130181167247,0.35126596560906204,0.895123150572004,0.2565997314545208,0.5231863063423089,0.43371578429765617,0.0,0.4958630657698569,0.358438025012343,0.030492345610670556,0.3570480702763524,0.29549980619896,0.23167214569509728,0.11517786191744962,0.12831934480548918,0.4049690705163152,0.2754015667495763,0.8392591748841952,0.16991290819517132,0.5422488252229916,0.7632833569339587,0.33772169826504,0.6732263346160667,0.5289048332023858,0.7598913034634818,0.7867472609495376,0.02414043808702562,0.7242968323320594,0.1732614985533273,0.029523982558139712,0.04500767024611498,0.30291471048513297,0.3358901035256641,0.44384611343355274,0.0453141435560083,0.07440267041461682,0.01133769178621231,0.45167486170866605,0.421486054183745,0.6466351999301665,0.020977119401245675,0.8291003270236069
2.0,0.259069008467948,0.0,0.7184745795639247,0.0,0.6313134440495212,0.27761384780198095,0.25213902919119824,0.5696059564092508,0.3066451497930816,0.0848444916094277,0.6965402815518363,0.1337494773311033,0.7306379432733554,0.44971491327044905,0.4160941816235921,0.48110978682316746,0.40946933746274433,0.30311424356662847,1.0,0.731821958186805,0.45846963674917696,0.06930138457787162,0.36449550681420256,0.7344658442374263,0.8911522094266182,1.0,0.07319360435129166,0.23705577483626655,0.3844812757153819,0.6696404356646164,0.21986486280371587,0.1329792658722374,0.21451545188674534,0.28496935195361184,0.7430935769483467,0.6003528173503117,0.5535061955398625,0.11246101351531482,0.03902373041838915,0.7337861824139815,0.8132894343011071,0.03709120639534897,0.06925231774828272,0.3056272822117893,0.3246000144791136,0.36687656201919816,0.06616799959928549,0.1310874912157412,1.0,0.4650147187267494,0.4415675297410778,0.8089985721500677,0.17557330985277186,0.5964122884491431
2.0,0.4573754188110109,0.2336524037431245,0.41842212623767144,0.4521829753027189,0.5107021519891348,0.4473847426090548,0.40247656205276355,0.6107341231838455,0.33894521117557364,0.5322153677508137,0.43195266272189375,0.3775670509527507,0.30134872380482075,0.48039746656436627,0.5678955208770237,0.12000362083792225,0.46957057462077684,0.09191935748237998,0.2887812298272414,0.36120500301592123,0.26808528775560203,0.045418899059594106,0.35472705346916333,0.10566834627567827,0.27949767729530955,0.08707120486674548,0.06992700958096933,0.45535032819416865,0.656744694204886,0.21269025070242237,0.17133139118100155,0.3500796259541377,0.5462845025723496,1.0,0.5267444649542702,0.8459660722139036,0.5495683868815652,0.9391677551782053,0.03177229957645385,0.7270958492626979,0.15312780604609405,0.043986191860465235,0.0460281464683519,0.3029668753260303,0.16616593064504429,0.445425957475552,0.03944951830764868,0.07329585382993672,0.16955108974309022,0.46793824604535317,0.4239228231530541,0.8644851946302866,0.1567974931047434,0.5890005490177352
2.0,0.6566763544372239,0.5282520180012853,0.42532524300136637,0.5179025898306807,0.7545089394446028,0.33037946134907115,1.0,0.6514351383150463,0.7179078470585905,0.02515422560669857,0.0,1.0,0.5830684238140796,0.013795489762452975,0.01051444108586569,1.0,0.0,0.19695951483363397,0.09129431615546371,0.8012450635619742,0.8639025932279847,0.05089526370244407,0.35595315582600423,0.21776554083855687,0.5465582961902262,0.10614954157234358,0.07036463950235233,1.0,0.362270159696879,0.43219589720224344,0.3534920610710309,0.6192231958641568,0.995182626144749,0.21691827340908362,0.24383923077725325,0.4464967806652133,1.0,0.0,0.028022944195051015,0.7338681048607318,0.34909707672353574,0.07506359011627906,0.05565263789768555,0.3074074074074075,1.0,0.9828843974452308,0.05184245237339927,0.09763703443429364,0.0,0.4560096076084494,0.42853393981805427,0.3795836165131782,0.07721392777137512,0.880445420475974
3.0,0.42016279316770816,0.398292735195371,0.4099454096863805,0.5059431705170447,0.3987434001676017,0.416204634728513,0.5434917587377635,0.8150646199870486,0.6664653584935546,0.09967813786428169,0.6882359414548256,0.5622095454273938,0.19258664856022975,0.5568819485189028,0.4718265044906936,0.5596216224371259,0.25121967464242345,0.2843468283887889,0.08471120598743463,0.35319289380540997,0.48596829591427193,0.03003103932306576,0.34675486530533967,0.16962268942380965,0.25647231241890694,0.07583254869750446,0.05706381582032205,0.6221223949815007,0.43375020339849785,0.655700469728035,0.12638225828592373,0.2988287532066113,0.5062938953840024,0.09826228106074898,0.6023057910709261,0.7556418656823359,0.5466231663561438,0.5443512915522621,0.018615739683988976,0.7070931185144734,0.07373042003392206,0.01776889534883743,0.01576068832121674,0.30017605633802813,0.6245276189097225,0.7668773125389333,0.022619504783530708,0.044053056921995716,0.3609905480273972,0.4226417688351179,0.40371638508447494,0.4919847114059648,0.1014153081176275,0.3139665337884607
1.0,0.5920225554471982,0.5465390385027502,0.0,0.7261947504376755,0.5465590052881221,0.7313135489691215,0.40971601442606226,0.2528996148034645,0.5468289012533908,0.3570395680516846,0.717627041166163,0.5344274535571351,0.32394679176568614,0.2538550646146447,0.784627511100184,0.3494440505106892,0.3837437767454251,0.295021307982298,0.10601363918164908,0.4360681484516368,0.367814989646268,0.07216148356102077,0.3576989641201076,0.35903981608949603,0.2714774553106242,0.09568550460430993,0.44041199731170166,0.736361587834645,0.5297426718426755,0.08460393139584078,0.1884447020423102,0.4296898902495464,0.5383646545651198,0.4734835769695913,0.5096517848762634,0.6818170587683019,0.5719178918078933,0.772692133393757,0.041154142044349806,0.8953509011469142,0.34754065649007226,0.057430959302325835,0.09297672247048634,0.3540297339593115,0.222971114167813,0.4640501046975031,0.07672015093583566,0.15060611384399128,0.0566650822469668,0.5796630867272669,0.4250974707587723,0.8805594178861587,0.09936939153404904,0.4812975914830639
1.0,0.7294215338862768,0.6697621258661328,0.42911353878632047,0.7341094458442288,0.4580479770146258,0.581568214708592,0.45309548238796266,0.396925724257653,0.637734392016316,0.5466291938286433,0.23200514682852094,0.4557971447344843,0.3006697324156663,0.3364775616434229,0.6877485790318619,0.28141755804655805,0.21315583528980747,0.3970619570562204,0.17392193581787163,0.31108379710243855,0.1389140480427364,0.044436975675978395,0.3581682131702568,0.917748165572916,0.3375552104551963,0.08044687514607572,0.5386911739422642,0.6653655203494914,0.3442897324438041,0.9266687278289453,0.18010158168479168,0.6341442367283542,0.8057787138963802,0.7089148338383865,0.4946709215864181,0.7630243463737391,0.34668174532791995,0.7294604537093808,0.0230604377488651,0.7281062261059529,0.14586451162326594,0.32830668604651175,0.047568865470552946,0.3062532603025562,0.3444943169478029,0.4635059778896886,0.04492595127978224,0.07525474349964856,0.09092750890262033,0.559255005984537,0.4248225532340301,0.47520591591273303,0.024382664094163838,0.6445587568328832
3.0,0.43117016037927175,0.4943638831345092,0.42158875297073617,0.5408872974063563,0.41207310075503306,0.4732835905050094,0.2077907780649877,0.5338194653459927,0.03665623824327297,0.44307938099847255,0.6024328922975343,0.38079565139477933,0.31584827628776896,0.37173353793383535,0.6963683959330667,0.23173664438845568,0.3963651198028537,0.28169152597934766,0.42973009248311067,0.37143637543104946,0.16269033639860636,0.05270094831392545,0.36055986961940384,0.304949277589917,0.40228169601140185,0.09497766292044786,0.08894828152107691,0.18101198653786085,0.4933052837118498,0.028907800956813216,0.17840855360493,0.3903632983188333,0.5139255548518852,0.22088205675291658,0.42658177684614546,0.5428297532749253,0.30692940420304143,0.9822128328845998,0.03060987259800321,0.7366807755324962,0.266606804349995,0.038199491279069894,0.06355632628560015,0.3067553468961919,0.24567436472887821,0.4486044085529231,0.056805469754395266,0.102283907238229,0.19710440806339743,0.48006906479474637,0.7796036189143254,1.0,0.043909513512113786,0.7891413840021008
2.0,0.4710284163874601,0.48812772340881455,0.8239769982450801,0.5999822070275885,0.6307891727659644,0.6856428665401174,0.3468948297803946,0.5219337048488552,0.4976833059422215,0.5100465300696202,0.45943909727336624,0.34958485156203345,0.30943489398475355,0.9003324758165213,0.5254183359125296,0.11108730745440024,0.7701933163494689,0.295869529585314,0.1777823227513567,0.38050690247760777,0.6925847389900581,0.049432263761754955,0.35668478068914,0.2946978708616794,0.29058346610733526,0.08857369900701838,0.0724277519888721,0.582535563454507,0.3837025500360315,0.05069374383007343,0.5461312020499368,0.05719732331275366,0.7926572406481041,0.21580547112462015,0.5269634681767462,0.7040979191682604,0.5517000105767588,0.8219950417188707,0.027853863907276382,0.7265292190060079,0.20007981642222816,0.04540334302325594,0.05335823384245985,0.30558163797600424,0.08042061825816264,0.44294924235032757,0.05239343495901018,0.0986296556570623,0.17175629027607853,0.5598170672532592,0.5040987703688895,0.6178163248763884,0.08139640281248806,0.4856777982001761
1.0,0.8261318759836638,0.5869062075862557,0.40321713734353054,0.7567700671366976,0.7787203652560881,0.318538914052662,0.5540382845492295,0.3853227047059645,0.20778963625923216,0.3881470770020175,0.8171182839390172,0.4434083985425006,0.25748588006543016,0.0947556077086252,0.9838089177501701,0.6488541556658571,0.23986379606040922,0.7443574823799376,0.019442544787518865,0.2624990041767674,0.19370535730142335,0.0014102792221056717,0.6536235613480059,0.26755235969473007,0.21268714411525455,0.0,0.008236820306028866,0.8646299001969892,0.33993119319370513,0.8803007127282196,0.008831200524686462,0.4289210879337254,0.731080956074374,0.0306388496751261,0.30031077600141864,0.595609054657041,0.892263507741374,0.5649974675445845,0.001358982812988734,0.9645890223921354,0.08033522897336119,0.015307049418604881,0.0,0.5994913928012521,0.30407225077825245,0.434667257075525,0.002667256607616966,0.0,0.0475637599058697,0.4022943421861352,0.39196990902729173,0.7754596866212331,1.0,0.8210321533430399
2.0,0.8900904728340107,0.5894563897421239,0.41109808772009315,0.6059587393679047,0.7933256550294956,0.5261055876106535,0.35110022942546765,0.5418608610525868,0.47353622557075803,0.6134564028407836,0.4628759597396113,0.44990741293829517,0.2867072003950495,0.32555550540837364,0.716609056592858,0.515384035122128,0.2959521787635083,0.2358015079495165,0.09179923431398235,0.4577145003243538,0.35460554590628024,0.04655898459895987,0.35566050588075027,0.2847405070904449,0.2693530712811516,0.08063385219464306,0.05103077476125768,0.6503696273197113,0.8244612845486892,0.12500135602781481,0.15746686393240092,0.5142659899114308,0.8664014857720249,0.22565974920563403,0.8236189761077912,0.8457288840792403,0.84341515405456,0.9217604563751233,0.017628733504104467,0.719388312397597,0.1162925271874686,0.058548328488372,0.03390248782765285,0.30307120500782486,0.3734235864765076,0.634845880772435,0.03588482794316536,0.06065530569219944,0.1633406840017764,0.6193955617377802,0.412126362091373,0.8309213684912804,0.054320380177916974,0.5953858639868231
1.0,0.6029140556354832,0.6167797699835708,0.4067917343918975,0.6805653081520407,0.5869567909643704,0.46542748134644035,0.4268502657548362,0.3888539262988601,0.681632774290636,0.5486758171916364,0.44818887506243055,0.4449345917209246,0.2622820283324589,0.24634050939507512,0.31812330966258345,0.47840321047629125,0.29025758862414036,0.2820111457138175,0.03752372795776586,0.2081896502668809,0.3019276055707695,0.02156277390060818,0.35006988278865103,0.15226078937168347,0.20123160491835257,0.07130503302148225,0.0,0.740257757812329,0.4493828308421863,0.6598838155368244,0.04308832725775192,0.6382000611903884,0.9270029103484592,0.1795336346789657,0.6426753850806666,0.7610527200043482,0.8295921439090077,0.6135339748887056,0.007841098345549411,0.7134284543965048,0.0,0.020158066860465257,0.014099913292869961,0.3582942097026603,0.3548070658075726,0.4371927559835185,0.014196149800477467,0.021363316936050508,0.021802654032867536,0.5225107559926243,0.3943441967409776,0.664162213728559,0.12425706035453903,0.6774878858043105
2.0,0.5468537275386945,0.4160154296735483,0.4170363223095003,0.5937483120506083,0.5650323438228873,0.6891104553912091,0.2579605352967342,0.7323659336683662,0.4593291487634398,0.5437079450968504,0.431876476115499,0.23445134699241396,0.2961636986512761,0.4557852296490202,0.7528961717021251,0.3577327519876891,0.47819571407163214,0.0,0.09663110934993395,1.0,0.3373824771525282,0.04260493070520544,0.3577897865169108,0.5519319958833987,0.4862889834553509,0.08490093555301803,0.06709804473203002,0.7069949335252339,0.5504195820451439,0.20969749731506496,0.13280356298522064,0.13326168304947816,0.22295475084143923,0.1645659841172766,0.7477969318691403,0.86586022700881,0.5966593714150894,0.8396489217071413,0.022633510022234037,0.7233752048061171,0.17826997904818911,0.04179687499999989,0.04183285533248856,0.30438836724047996,0.2609353507565336,0.4034306257083029,0.8910724124689029,0.07064300773014734,0.1695043363748997,0.45154546630867276,0.42133609917024917,0.43528223417985956,0.07774483017597458,0.439715465590909
3.0,0.4815916266764515,0.27826273305236093,0.44177356999928724,0.6213210646552135,0.35856440486953056,0.09913169319826304,0.3538260329650491,0.8332178047749776,0.15890640159990504,0.30906345115508865,0.6131836689776604,0.4587838241443164,0.3178111786673251,0.8627822659505646,0.8520096032859442,0.31580344884812095,0.7255523918943675,0.17923701032617617,0.10238334153559037,0.3776844549148147,0.2586124223470117,0.06924866385928817,0.35917735091251285,0.22394044293561788,0.30495667197762666,0.1986430808475402,0.08697894687485341,0.29195106526811565,0.4255096585229779,0.5403065707683796,0.17744764577581887,0.4578139341497276,0.3583357645535211,0.13160496438572858,0.4778963176172451,0.44235587114754576,0.36506903369104504,0.6429904299842725,0.032313356497332794,0.737356635718187,0.2310286341414746,0.05218023255813968,0.06670446208230517,0.305105633802817,0.030377180916527576,0.20439654460714046,0.06153056283705935,0.12071328179901587,0.15701339483998644,0.9174295603791285,0.43400729781065683,0.4742332321160237,0.13736128556074945,0.5056214642064298
2.0,0.6624986723570255,0.693978141295807,0.419380532692669,0.5009198331273373,0.7188915171255073,0.683284154340594,0.5101303894067964,0.5989213280919851,0.4845306219432509,0.7674954227939035,0.43497473144221255,0.4769069948031777,0.27833091571247787,0.3141670803809176,0.5867405232633819,0.6099331653666854,0.23366968047021924,0.39412391411244074,0.1803644358658068,0.3587239805615309,0.7225128844466703,0.033075660821256826,0.35393488034149223,0.28397866852002807,0.46244344499794937,0.2259550854418335,0.04390365889873581,0.6007225359995925,0.5841953555405754,0.9149228148967792,0.15760413647941698,0.480595586447113,0.6475916688606947,0.9421342812078967,0.6299575550897394,0.7343690548546972,0.6116702329327727,0.8298856396449232,0.0146148773745213,0.5883397050791919,0.08835677940736238,0.021656976744186325,0.02265057026612418,0.28493740219092334,0.5113118077173674,0.7063966797006928,0.024681515369074904,0.05104532677441995,0.3265956534952039,0.4427951023841101,0.4128636409077279,0.5408620721905962,0.061092623046343913,0.4865729358126651
1.0,0.8872517307636613,0.6421958711336525,0.41681614785362286,0.6989492614327791,0.5559958883921385,0.7862123404815164,0.6165292022070642,0.0,0.5560857770825494,0.593159263448823,0.4886016371655196,0.4533420942596021,0.3225270824974537,0.4474658121586857,0.7600914047698253,0.24157325407721433,0.11801288775663135,0.3745779380429438,0.11290353506624652,0.3804272366189805,0.2940459826455117,0.050592119570589615,0.8613949311011205,0.8830911934134381,0.2705161043099452,0.09203945215724764,0.48526906425345023,0.7265412041782058,0.6320927962063273,1.0,0.3208516998917074,0.3690878709667297,0.7346139340937715,0.3401588272351462,0.43136856156597764,0.7799388252269348,0.4178877399093655,0.8435142483938904,0.033687133835501815,0.766896504642272,0.2640526788386703,0.037963299418604844,0.06515040352164342,0.31324986958789763,0.21771519583001495,0.3007782889651085,0.06187283989781772,0.12364722417427951,0.1678290073480708,0.4819129492446544,0.427884134759572,0.9475249561980535,0.04621440687842308,0.6925620031986243
