Type,212813_at,204503_at,217744_s_at,220202_s_at,203218_at,206257_at,213333_at,208689_s_at,204467_s_at,219669_at,220761_s_at,206657_s_at,222155_s_at,200890_s_at,211149_at,207033_at,213866_at,204363_at,201139_s_at,217670_at,211934_x_at,206191_at,202790_at,217801_at,204354_at,205351_at,208996_s_at,203109_at,202273_at,65086_at,215461_at,215106_at,211696_x_at,207475_at,217777_s_at,218734_at,219966_x_at,216342_x_at,202050_s_at,208933_s_at,211411_at,218595_s_at,212167_s_at,201328_at,202965_s_at,214839_at,218792_s_at,218398_at,210225_x_at,209050_s_at,38158_at,212517_at,204569_at,206434_at,214437_s_at,62987_r_at,217389_s_at,213921_at,206700_s_at,210638_s_at,218940_at,202814_s_at,203584_at,201770_at,209829_at,216215_s_at,214431_at,211699_x_at,206059_at,219571_s_at
3.0,0.28752753431198924,0.5683264773207567,0.6330613121443156,0.5796701322092516,0.5487655029857602,0.21978242638286807,0.4616544356638811,0.390336665291988,0.30372492836676207,0.017549485790113832,0.6149069639299791,0.2582405092066373,0.3241247753163427,0.2895517488011068,0.03779624755758666,0.005872212281237724,0.03543406732472776,0.7892125848383755,0.578999114260407,0.3611385649337821,0.38376385895784115,0.2384728905203632,0.5222798602218222,1.0,0.7551711861389664,0.26636924204521917,0.3855525792793572,0.6280340162249295,0.07384184619508956,0.43766092966526626,0.08260627436420998,0.5569194166960622,0.8731516193497642,0.10367971483840127,0.7072288499875405,0.03478771454381214,0.42829838688706484,0.7519897408756901,0.0,0.6613521456974308,0.04914452129595927,0.41211069759632846,0.7506585147773132,0.48167451755052365,0.013148761920159775,0.15601498806330408,0.5353448332555131,0.4880153581194943,0.241314463592311,0.781645650692477,0.7101301228881778,0.1671210568024021,0.3083180568285981,0.22697049072225378,0.635505612587547,0.20626665109910516,0.13187259362968173,0.06894096413022995,0.0011266062805700195,0.39544309343849293,0.7751254054166796,0.41425892133008846,0.7186633341322282,0.49180233726706307,0.0739376257759513,0.5432322352977753,0.5133311511508534,0.9046288754748003,0.6220500257984746,0.48703777888600913
3.0,0.28201297000878006,0.2213020425756287,0.4149575861698707,0.8797982403105036,0.4745751033532386,0.28452297988448066,0.49196826465958127,0.5338661848746096,0.5325652864587197,0.02469036824062805,0.5721471057799629,0.3622641509433966,0.12483781113478642,0.46453738553355106,0.13248673661589438,0.011632042945053014,0.05960797547737548,0.6946594961463245,0.5605137289636839,0.5796797786123736,0.05268570570188826,0.4951510491591844,0.7871855533609705,0.29632889112396255,0.41516050554797385,0.393053010627619,0.23124513954895007,0.26722185601190424,0.34685412586475206,0.26252879794010064,0.0908290878589746,0.4438123400454814,0.6127518354491697,0.16606316155534798,0.7969450847246449,0.5702981029810298,0.3390831000199366,0.6556883180328534,0.32263379376286344,0.5538416775950983,0.24491790086793253,0.6203262724906955,0.1880734314459938,0.5907992706275635,0.025726080933040886,0.1712138539454337,0.0,0.6023926073617737,0.38070665254645236,0.36984869523336217,0.4458262854347958,0.3401382800061066,0.18356630003055338,0.4425658967266861,0.29828264415235545,0.22054281256302177,0.19201960098004908,0.07484355940775704,0.007080287163274763,0.5873888407572277,0.608463953112453,0.8846647742633138,0.7139127606395727,0.5202644499956931,0.10778666269152568,0.6438820402008484,0.5987412774694622,0.4952067046760699,0.8375811722268969,0.0
1.0,0.19741524053050769,0.581169469750547,0.6486416836679918,0.5250952354779107,0.6231051906293066,0.16581424741025966,0.38322459880483384,0.6949719500140739,0.09559511260893437,0.02209996682516867,0.8150652029556781,0.1491248010911566,0.37732569904888885,0.49954858301968635,0.709782125531255,0.00417121284860123,0.022042239658033157,0.7727625675831127,0.4400974313551813,0.3614943664755876,0.5469110195686464,0.6167840666699735,0.63348743660423,0.24191881094068685,0.6015249510472913,0.48247797198897396,0.005098073101184187,0.36241768425999016,0.10616813243277431,0.21332158829109635,0.07460346925726537,0.49485518721714794,0.9097193827701777,0.128813927709796,0.8900760029902814,0.28248419150858173,0.444576872069136,0.2494147820953859,0.6643906286294613,0.5705442569861143,0.08969274296042273,0.44072529871002,0.4026888346503627,0.3206123689408911,0.16821885427090857,0.12184916021522942,0.454317074293531,0.5982073963419526,0.2690029203170629,0.39858789049490484,0.8539505594163319,0.4962594604026256,0.7141638659741322,0.13091421977176512,0.777187470018229,0.20981180941059097,0.13356667833391686,0.051467219373840946,1.0,0.6329379898226423,0.6364077214279016,0.6728930116247633,0.3770500222549392,0.6758405834553652,0.03965203317823202,0.6107544266015826,0.38298790376575287,0.8882477868022624,0.7466636297291392,0.5665770089194477
2.0,0.27469615982994244,0.09963885622460358,0.7536454418554716,0.830770466643272,0.6101171336701886,0.22199123563388123,0.40500152724367755,0.6945006316974662,0.19997921522633133,0.024355855357735223,0.39798527811921575,0.3634917026596957,0.13955087076076989,0.953117122187437,0.8998858341621283,0.0077292366778684615,0.04724542309963726,0.6392442194869437,0.45268379096545613,0.43561968768531384,0.22585695880011306,0.9707264745275059,0.0,0.22505797222920754,0.6768468521924882,0.2921782635713261,0.5398513782078974,0.21267972405871252,0.1254105013888163,0.25973709174684934,0.08908964654277432,0.05741851231978148,0.5290691468835543,0.14251124779934365,0.7841935584350859,0.017588075880758895,0.0,0.2027703706719319,0.6488274982848684,0.6190917946101396,0.10027526041167721,0.9861208271539297,0.2908581232932983,0.4869852605986926,0.1328312069152955,0.17715321658383884,0.5527262444182857,0.634503916690844,0.3112929623567921,0.11386029543626297,0.35404481444496516,0.33677215788057885,0.4740363071595889,0.37402231055263446,0.399069365825578,0.20536444015157113,0.1705985299264966,0.07622202167855055,0.7785525362507235,0.7511427120365665,0.9837781184494572,0.4020934712084353,0.5016263224569445,0.392755620639159,0.10413450174089878,0.5179939994092682,0.5057207897516777,0.4149363253686124,0.26117352844107505,0.6701848475682034
3.0,0.2799334555368998,0.35084510991241286,0.7741329324600017,0.29730381068751344,0.3923288929719797,0.2305193654693424,0.37086958905397044,0.37487480607215123,0.1719049245067328,0.030319031294924234,0.9294776699303461,0.4386451466242327,0.24280417108098135,0.3118177447911165,0.1571874910058426,0.011084318945576732,0.05533901403301541,0.7217416311975151,0.07472984942426915,0.5341371812611185,0.04727211800119046,0.3428369462770971,0.7555690606935374,0.35849188388791225,0.49992286239838635,0.06690779305619737,0.08105072150695573,0.4596497869091053,0.12829238868989534,0.28694945114514187,0.10572778087164561,0.44634159155215003,0.5583263133868327,0.1737703492794888,0.6567328058808871,0.1532339656729902,0.6556337600873734,0.4598896737028516,0.43140824451563076,0.45188889685387673,0.10597206521947408,0.285116266054789,0.29499850978307285,0.4796535480929953,0.02802579019403973,0.1698067467365127,0.4357716412708227,0.27424243359526884,0.3112287795641989,0.8721364560970235,1.0,0.35739783492188093,0.4097031265913029,0.6446064513765498,0.3065036457833636,0.2071582478001971,0.22237311865593276,0.07953628132530716,0.009024982927581759,0.039026479052768535,0.8566258903523875,0.6345718437415513,0.5996764474269871,0.39361702127659537,0.12947602670443045,0.23110047103082698,0.009648718215768362,0.4826133621575536,0.7654198178767159,0.6108799267477123
1.0,0.291594140390333,0.5579943338508472,0.8339525394609696,0.9162604272806836,0.551682361047313,0.23530315021084072,1.0,0.9312268023016045,0.16108199593212322,0.02182074532787784,0.8079303183147538,0.45814957944987544,0.29190722201721286,0.9683832237034946,0.13673357786781712,0.010546414699079123,0.05515340701369544,0.5028988841596689,1.0,0.6442379916979634,0.8201383151436022,0.4860236122823554,0.5445705727866654,0.4244684714888383,0.02683795169999413,0.8362008253533245,0.5333362136006222,0.8441336370340878,0.14270182519529065,0.11530017617563358,0.10020694538979272,0.5226694485931507,0.37589637737918713,0.18339890021517527,0.9807656366807873,0.3353929539295393,0.5121135159967756,0.6434852525088045,0.8117676928645129,0.8783423080004555,0.12988970423875493,0.7167361558049077,0.5659924441974171,0.4831256647925845,0.029096200322795654,0.17186207187313898,0.6679315265784993,0.7135969975123304,0.31709508680722703,1.0,0.45695347367992,0.5486342850080334,0.7017389754557495,0.5475060905244259,0.7736616137388467,0.3426597178733294,0.1873993699684987,0.07622598847645205,0.017386134769843062,0.7783387605931145,0.0,0.5728237361449046,0.10512034786181351,0.7541419013983403,0.1250572313851591,0.44342189127427056,0.4975376054514887,0.271444991664827,0.9905870431229639,1.0
1.0,0.3323834316609931,0.4513795022660409,0.7297004187694632,0.7238615079549636,0.7359898943500233,0.49208017859463016,0.23107980044015947,0.7385165255984762,0.18540018112445636,0.33820911202034726,0.3306277285635567,0.5705842236872016,0.5192900591617365,0.6126197427509462,0.5720380041125285,0.016517915593767748,0.09370342248094707,0.7190526860692511,0.20101860053144263,0.8545167029057112,0.3837349710832377,0.1854134629693936,0.37321207648731397,0.05355795825999464,0.5022844597401056,0.3348289542868978,0.5240387107923613,0.5408005430065066,0.15772934088928922,0.015638975470931158,0.10669031756835706,0.4734691273707043,0.49011870688480214,0.22463865765393734,0.6352206890107153,0.06707317073170745,0.47149098095642616,0.0,0.7605622390164061,0.5981387229125993,0.18331960224551194,0.5689621400789094,0.543333091676534,0.48351314389910344,0.04109371384926739,0.18979083114186482,0.6073892370724523,0.6567818319866173,0.32792914219697705,0.5590846907039542,0.5968992643012899,0.5524802431168977,0.584269019248396,0.8435880057882881,0.8636069269883911,0.20981180941059097,0.3118235911795592,0.0777512222696034,0.9318992502001894,0.8695665162967174,0.5065179530498809,0.746519329548526,0.3056116684356488,0.4203850460849341,0.15534993664618776,0.23129479067887476,0.6306556962401988,0.3650105426616223,0.45743716560761255,0.47807745448302286
2.0,0.25667370107364573,0.4277314898122303,0.7250187909374004,0.13479678165390507,0.8041054203031696,0.2178098534153862,0.4033802993397608,0.6808389466035623,0.11887405911783491,0.0,0.8080857316435665,0.3197999545351225,0.5658457033342459,0.32081090904827186,0.04378595664256496,0.007254615283899964,0.04253775415506615,0.610082825261705,0.5475642161204607,0.41000197667523175,0.2691714379806221,0.5086685847512276,0.4018116177949484,0.6743776716117678,0.6918234142289209,0.38388808336387237,0.5382096258532789,1.0,0.1235934975090662,0.25918146090256144,0.08741895784776788,0.4434858639607928,0.6583428985235945,0.1205590210610968,0.49382475703962125,0.014028906955736262,1.0,0.5863679850184207,0.6735632059724391,0.6411665239996793,0.05873073656109711,0.38028373954165123,0.7795848336192933,0.4554171098617233,0.018375373876975364,0.15939309937760537,1.0,0.8027210044506449,0.27766759731715923,0.648130594510399,0.6713327151562084,0.18195235083280592,0.6826178836948774,0.2901837231879546,0.9301784515014866,0.21563903070701504,0.15469373468673425,0.07310213512897053,0.006721506393923959,0.48008842948047614,0.6496574163876988,0.6978321843741548,0.6984113397473207,0.6630559623280784,0.0903883216031178,0.42433970183593167,0.547834431863832,0.6124974309398574,0.5337681112262878,0.357317462004463
2.0,0.24801675934626244,0.0,0.5722001503275003,0.5678275318261956,0.6451309141019754,0.2186484922219202,0.5367478324887806,0.56504520073578,0.11119853912733635,0.027283534225367674,0.6117563119004223,0.22091384405546846,0.2012719178163725,0.6576207393858379,0.08403820877957688,0.006441757953999911,0.03730138642818961,0.5325923156562752,0.5256067316209024,0.3676220596955913,0.1540937007100639,0.4211518428493475,0.3304827845665212,0.46140306763892475,0.6859728238295851,0.36062522904351435,0.5940810507215066,0.01730833240874327,0.11733823825091019,0.20303564168586533,0.08496448927115319,0.44206362906312635,0.6877445691887567,0.10274076811058717,0.8997983117368553,0.038383017163505284,0.4321079684831883,0.6466301626396882,0.8107359129631534,0.4016968235160172,0.09770147976420869,0.8850714945294789,0.0794406450625484,0.6704148305728616,0.02573723103854871,0.0,0.48504856667477786,0.6008308693263537,0.299387054330734,0.31206800260287254,0.5972075037192525,0.4152544221248006,0.5197066911090744,0.2661513380836368,0.640494579295788,0.09435003661914992,0.13761288064403213,0.0723960451024921,0.0017228409890563687,0.5035501249763482,0.6473578825517009,0.4128058258988918,0.17656726127298225,0.2992146897522037,0.07037064642184056,0.32065851042330595,0.5571483834491382,0.5322970823088811,0.5220542093348645,0.354210780185911
3.0,0.30625856836981474,0.9606340730573358,0.7960700096639114,0.4534815384810523,0.2420705098759762,0.226456101392613,0.5011591387912062,0.21043708227777647,0.19794527666018366,0.7237891186553135,0.8667260063013037,0.4408274607865425,0.5090200816598617,0.3969889901157272,0.12599175575546123,0.009958320604023938,0.04645799938130981,0.7413666168181298,0.09855624446412697,0.5127495552480729,0.3515481012000028,0.3680366089587776,0.6632662658534646,0.6723521358924928,0.32518839375778813,0.3109829352623445,0.32614706644776675,0.816010860130139,0.040837906871104425,0.2794823146767856,0.10202201458930593,1.0,0.5669571528739086,0.15226151405159863,0.6661202653874905,0.3730623306233063,0.4832144374041105,0.5621552303214109,0.49973800353290065,0.5598379078132312,0.10330248628487858,0.05009933682178099,0.49557365296472594,0.43918097553563223,0.027275945598635287,0.1690425873908438,0.6331950098317105,0.2610324755091079,0.3218959596932061,0.9909360605424017,0.9706484745969959,0.4919700175212835,0.4729351257765559,0.42320444012968655,0.5481087498800729,0.24340589939817228,0.20527826391319554,0.08676577050090735,0.00863500383046135,0.14532110457184394,0.6785919135667285,0.32990335225736617,0.8240661485260389,0.3925474488184454,0.12005281258984012,0.2615464734870269,0.22933745964202346,0.6222408294067945,0.8036526921056669,0.6219740510313372
2.0,0.46266886427702214,0.14332762812652985,0.4727155588961667,0.5392590024480062,0.5966754708314196,0.21987692089628047,0.2304532389313994,0.5003764000445137,0.1265347328414272,0.031093110693353996,0.5973452577741982,0.3361673107524448,0.04833525777613771,0.5467304512997289,0.27432739692295877,0.007441190590494484,0.04790348434995345,0.648901414931554,0.2211957484499554,0.44459379323977033,0.11829584650138891,0.29470087801974304,0.23824510378457378,0.3680607940100032,0.8130006527027829,0.2993068944089482,0.5534260779400328,0.2151206427317407,0.12237223260628328,0.25773139991868843,0.08908964654277432,0.22394383110303875,0.7187029437796704,0.14277206633484754,0.5203596125093447,0.0432429990966577,0.4401128572295372,0.42640503185620954,0.7862757067152129,0.41968129741217536,0.09870416850280075,0.6343733385566775,0.29994441893622636,0.6195411031758095,0.036262930637981174,0.15841813745382097,0.7117697735747315,0.4631201427169301,0.47981130258977567,0.33036496574763424,0.5899040127167866,0.2573593026383706,0.3284894082900499,0.3631601121022841,0.42565720042214333,0.35019583284684674,0.18247112355617812,0.07313981970903537,0.7415877175650052,0.7280096396100337,0.7208595355045947,0.5593657069478235,0.7316054370527606,0.30469176213857047,0.09113366057263313,0.5069721889719715,0.5195280534436328,0.5973738496319584,0.0,0.3418331057825161
3.0,0.44078004898411893,0.2861781949506826,0.6798024267153441,0.5140263572905349,0.6332223242994949,0.231936783170527,0.3958145691214824,0.38191839647034936,0.14752735424677454,0.02629934756164994,0.57647042201783,0.3933621277563084,0.22465092194698064,0.4443877730486477,0.10041477056504096,0.8156865098415749,0.051548131274782756,0.9947457724606001,0.30244464127546483,0.4708045068195288,0.07469248857484541,0.3405240835358897,0.742792235510314,0.7076802726790152,0.7274847208212187,0.36898710982935257,0.5254298798928541,0.4522291330822798,0.632965216290482,0.27411573383927346,0.09716120427091277,0.44864193453966883,0.5004622491087541,0.14473689930231037,0.7196922501868925,0.26517615176151776,0.4807397262648763,0.6965110835182283,0.656228223231794,0.42573656224567663,0.10413912465911787,0.34832246691104446,0.6091684589545926,0.4775945904877678,0.026732377955126486,0.16748264831278895,0.4004892837648545,0.6038926166210904,0.31254452681236145,0.49429468819330946,0.7069636634127452,0.3371211295048233,0.4696188512068441,0.395966515853681,0.7874952029166269,0.21827136382452517,0.17684284214210724,1.0,0.008040502362406735,0.3228074368396412,0.46102785512415406,0.5878531359826984,0.4960625877358168,0.6030952996238549,0.10832969536931542,0.3328306931770482,0.47581497076371476,0.39463656362515326,0.575612771871761,0.4419990679954544
3.0,0.28506292456753807,0.1590497273636505,0.5230215827338122,0.4957910358153044,0.7328950390445569,0.22809794356315172,0.3712181138932183,0.5401111525696675,0.16185400181124468,0.024372442773415846,0.5447802314245744,0.4399181632189136,0.2826431130739105,0.6827828391196781,0.12206790468911394,0.0098633963252302,0.05639641159762652,0.4949183250891521,0.6029495128432232,0.6342360150227306,0.19505670689784663,0.33711369611587905,0.4893249119151491,0.6563015114687225,0.7437548211001009,0.35998789056898406,0.5251274518275296,0.568440357392263,0.13999865958730162,0.26740750779238365,0.09935441288699128,0.4498990550956539,0.7360549378549998,0.16790627920624226,0.6174581049090455,0.06206865401987376,0.4654147199805837,0.7908482097420964,0.6046500321418344,0.4468330037233976,0.1294362590130224,0.6126199736967284,0.30421368905214113,0.7462087828597479,0.030462088247510052,0.17574610937491758,0.36887655449529516,0.5347070043642247,0.3102403645582618,0.6021448078332113,0.5619026269131222,0.3533701207587222,0.46534779509115004,0.4913084095030498,0.3962570756979756,0.20801800176196455,0.21594679733986713,0.07587889366006523,0.00923990474110591,0.3536681305330667,0.5698620279698405,0.4008853744255202,0.9817595097065774,0.08072041806644265,0.14728962807585408,0.41393971427238935,0.5415333799526865,0.6077673154653616,0.4577207164073652,0.7950080528462924
1.0,0.18775705109444088,0.5895640747730823,0.6379684312251696,1.0,0.7098415250344509,0.20447431521007295,0.634260383299003,0.7676597081754093,0.14595364995471902,0.007519628441888785,0.7154947088825772,0.0,0.1990637684954825,0.6137688041553809,0.9852479829103012,0.0,0.01828510363058568,0.39193604049235015,0.028857395925597343,0.21664360545562417,0.6097652571309724,0.8500545661987199,1.0,0.07333836224960207,0.6789473684210529,0.426048023454056,0.9707940896915231,0.49882848956735665,0.08838532397030238,0.07067353299905153,0.06616064737468104,0.17949805240128794,0.917752500496733,0.06267034710600096,0.8793958696735609,0.06299909665763355,0.5694305997382267,0.3931544771714135,0.8972163550619339,0.8341169475730447,0.03694620606850227,0.6598875115426583,0.5443238845524919,0.7649825254520582,0.02449678180079784,0.11766999910408903,0.37510440026568653,0.7741282353594777,0.1653605468373928,0.715262157412294,0.5603002914263586,1.0,0.42162516549546813,0.09578151045005723,0.34153434711695274,0.0,0.09855092754637752,0.0696192865713974,0.9102112126790004,0.7440325038090401,0.6051006893387151,0.5758397539875646,0.00922724004519352,0.9887084733109373,0.02600168233653131,1.0,0.5022838523455982,0.868771646710461,0.6998173189109792,0.6632602173042179
2.0,0.3102019439609358,0.1930591765252362,0.6878878986363157,0.8284746679970743,0.7592615985300878,0.23372036711118457,0.40079573311612543,0.7910947022511999,0.15493564143296198,0.10868627667809351,0.2917249466649712,0.4387360763809962,0.437448664992203,0.6265491810006215,0.13483720974854732,0.009560075066556085,0.059782333586433804,0.4773007017140227,0.41066430469441983,0.7706266060486265,0.6717586360301125,0.5068641797708218,0.34953949891114905,0.0,0.41998457247967713,0.3927439014674719,0.6517411215760824,0.17430378342394331,0.275276087782138,0.20238514703889413,0.0967968153785863,0.0,0.5848871635967742,0.17808254906648707,0.9492937017194119,0.060018066847335176,0.35303422989243044,0.6469253160176692,0.4716044447565596,0.3841888433010468,0.10897374488277485,1.0,0.26026437253812146,0.44009269108038285,0.44061035677550103,0.17114534310754617,0.8475591711112135,0.606972882548658,0.31253169025384303,0.0,0.595625547698139,0.32282056315295843,0.3913967817496693,0.5511878812301946,0.9486951933224604,0.20260473607676224,0.18098704935246754,0.07500619812172117,0.02609220145800191,0.48683018153935076,0.6186893178571058,0.6794403892944035,0.6008662306981197,0.8431604789387543,0.14369070562305006,0.25102989413465526,0.799184657273363,0.5243379436862016,0.5258798209446429,0.03426343026725613
2.0,0.3307968391380028,0.13391194452697644,0.42681198324922165,0.6015880330967068,0.7585036747818095,0.23511416118401643,0.2870748192761649,0.3503793457839918,0.17300354825779055,0.035834347008736056,0.6837833255626669,0.5012957490338718,0.00959741450117249,0.7263475089990269,0.1373763603163385,0.014380482695413102,0.06657105092944121,0.41797135626366044,0.43648361381753725,0.729946629768728,0.0,0.5424562230269359,0.3903443086695759,0.6377224596988245,0.8446033347178548,0.36379598795430285,0.5342262161928628,0.2279517820664272,0.14890495729296202,0.28110855129421325,0.16088800885533736,0.40692054247566445,0.760326710773278,0.18944119628768283,0.7221491091452779,0.09508581752484221,0.46756871549056495,0.5059132452622798,0.889610354532539,0.46907218668432094,0.1713703625645841,0.7000083946609953,0.027500543727797644,0.32707795167907633,0.038325700156937766,0.20056811294802146,0.7164587429879199,0.5265649787961653,0.3986072334007251,0.1561825904728724,0.6958008111027327,0.17768471867797897,0.5453584886444651,0.8118623266719174,0.6024297227285808,0.22613652043773155,0.2546167308365416,0.08272955363606614,0.013635402475760674,0.24414702396956753,0.30289188540917134,0.4960969180859691,1.0,0.5437304390271914,0.1799887134384615,0.16565361356817515,0.6280296380056839,0.5996848619558349,0.41276629371214524,0.37811587923183243
2.0,0.2722007424636854,0.4843092863748778,0.5792333297541071,0.1423183761135467,0.7755225080385851,0.22223928373158863,0.516036058614829,0.5220504965207551,0.12910313701619713,0.019139113126174976,0.6730174204213111,0.3487610820641062,0.908570119156737,0.14321057136492066,0.7154584381985462,0.008068563697464318,0.04532748389999715,0.6259059012998963,0.46021257750221406,0.4369242933386048,0.2229855040645237,0.5016059824396052,0.3992794044234156,0.5516581454474347,0.36394113807630724,0.208208919551951,0.6781819752873066,0.9271118188760017,0.12765196928965566,0.26472421737362817,0.08399507731232231,0.44442026103076376,0.14403780754344564,0.13234367189028237,0.07004189509095453,0.016106594399277335,0.5699550131320046,0.25587762330286795,0.46847129112939373,0.5659058229214545,0.09978988242356891,0.5279066513697284,0.7262350676236271,0.33036012764017636,0.02647592552844533,0.16440493067230216,0.9706495505034232,0.7303008043259525,0.3080003850967556,0.6225220193780775,0.7612698445046768,0.24465091932212238,0.43575593237600574,0.3176048211309142,0.5784742876331193,0.14697547047647344,0.16632831641582105,0.07356228368555187,0.799831529030044,0.8452782839900819,1.0,0.3117396593673962,0.5404269524429067,0.7872627559077728,0.0979694836930483,0.4295785595473131,0.7739432533365075,0.2603557862846441,0.530681591045373,0.2183752054088964
1.0,0.26959749842110936,0.5085055008515965,0.7510898743691616,0.10860861072471972,0.7012000459347727,0.22047932341928425,0.3124818884563873,0.47810660958478196,0.40894042193090563,0.018566847285192936,0.616630639031351,0.3007956353716749,0.6016403394955183,0.4481749856367319,0.9313406011454958,0.00709095273425565,0.04423633960460086,0.5496261359714711,0.7324712134632418,0.40249061079264625,0.4210812153706599,1.0,0.37325548585939705,0.4692397954907379,0.8076544235447695,0.3251414094740365,0.6999654367925346,0.8367456158098434,0.12319882043682547,0.2618783032931295,0.08751521151743905,0.4618623396702215,0.4745910778532592,0.10854832750114102,0.5045009967605284,0.040397470641373355,0.5427851985403104,0.43088322103934756,0.6665892381574898,0.8359175033417808,0.08819190312877208,0.30394828888826675,0.9298873073793932,0.3266980702020967,0.12103439528796545,0.15434964769619125,0.7955925002794969,0.8380175186266581,0.29038862680915256,0.7122698789254441,0.7858576698118972,0.3626905712229275,0.5759815154292698,0.31046104811972186,0.7984025712366881,0.18911402884952158,0.15561778088904482,0.07271933913146957,0.7545488895128554,0.6191059460858992,0.463124028824996,0.632231684238983,0.39196939089944155,0.9624285755304786,0.0932525527859706,0.5716029039128204,0.5181369121126012,0.47805071134420846,0.5489496999474736,0.32444386307708717
2.0,0.3650857222076745,0.3660064528818264,0.5329861483947167,0.4595191084014394,0.010564997703261225,0.6451140430658749,0.0,0.6370456196853946,0.2179580444497229,0.05546278889748971,0.583485214541036,0.5819049784041822,0.20816420060233073,0.6574038247329599,0.31985622139857955,0.01347270108671931,1.0,0.38101921085931206,0.024092116917625146,1.0,0.13604455665778817,0.7540552606776127,0.5283571723135028,0.044142709468333076,0.5384026582804251,0.20589219419703325,0.3275382355482588,0.2615176770808181,0.781013798804054,0.27675836834259415,0.11575878830380404,0.3944656674747262,0.5123460743309702,1.0,0.5796512895589336,0.08419150858175282,0.44154307557620454,0.2788385205691373,0.5002836044231489,0.0,0.26860562399810967,0.34997341690684725,0.1026880291276997,0.4564427898495674,0.06409638151201007,1.0,0.3613728881552557,0.4060025061883095,0.9052084336189469,0.4428828348764404,0.7182386027838348,0.2522555926337905,0.30770699663916934,0.8620152766838237,0.29094910294540893,0.2164457134365743,1.0,0.09100826085663,0.8467260821486635,0.37818540316075544,0.008009260707693408,0.22462996755880008,0.503680624507824,0.18828782266632188,0.1732806627128208,0.0,0.0,0.4531669851032571,0.04826871319069022,0.5932454196881877
3.0,0.35059073614812347,0.7290961362219258,0.7916031354021261,0.3513290687006116,0.4215261828203953,1.0,0.3675801411329799,0.8912040219163018,0.19597072316166111,0.03001769324339265,0.1936944573955551,0.4800181859513529,0.7791463806587545,0.5496734555090457,0.5180570701272452,0.01585235455854757,0.0698838550015467,0.1389134936155528,0.003649247121345058,0.6602885945839091,0.6156294956754854,0.5835854953122673,0.21457252620840883,0.3013158997569353,0.476615439387646,0.40109622217619223,0.6066188542296725,0.9888853355610523,0.1956406800360421,0.2786014365090124,0.1060509181912559,0.5389482216434881,0.5092802871691797,0.26649568562672515,0.6080394966359332,0.06475158084914198,0.744133937781168,0.05257801209111083,0.4706699006574222,0.5214316737578483,1.0,0.3500741528387942,0.5615056829623901,0.11296915362406942,0.22619382785909617,0.3301379175867322,0.6091319816650118,0.10380310989573976,1.0,0.6029697339229081,0.8497956958568543,0.2825506917635424,0.23180822894388442,0.6259776894473648,0.6978736927947808,0.3370872384915034,0.30287714385719294,0.08710294832254029,0.7543201017758782,0.8200340572999142,0.572886358184985,0.3929186942416867,0.014234601294209663,0.8506977345163231,0.15717069327171845,0.37363781926718165,0.5332758030679504,0.5505979249606076,0.37440326501773386,0.6280320805775165
3.0,0.3071982008348866,0.26787410603315154,0.507441211210136,0.4774331026260045,0.3396933853927424,0.2273419874558535,0.39424424934015234,0.5667079070193695,0.14714135130721379,0.026075417449961225,0.5600672515859222,0.43691748124573837,0.2268918066351614,0.6553812421588283,0.13445985487827114,0.010060882468467697,0.0648105964734666,0.45770447486483384,0.14317980513728956,0.5930421031824465,0.19302300052575927,0.5039064437720124,0.5386090190205401,0.46386164892576726,0.2914021242508754,0.3608578575867179,0.0,0.3602443529281231,0.13640188551386181,0.27288250440439105,0.2718272384134644,0.44692324434671027,0.7394261542680454,0.18339890021517527,0.5956306067779716,0.053279132791327934,0.4540683210970207,0.6982718260834168,0.31305606724395907,0.3331787188645112,0.10618920800362777,0.6006323977950019,0.038657032615612257,0.4778984956693518,0.04945350545379537,0.16742994766825994,0.4830493426893515,0.5558244186692513,0.30510574115079736,0.30430549933647255,0.5332083392773442,0.34886257061222703,0.3467384662389245,0.4372172256516398,0.42765998273049965,0.21599991508602856,0.2125446272313618,0.0807164037010224,0.00774065176773198,0.5952658361465455,0.8139984774061677,0.7079109218707752,0.6185503475194308,0.0,0.1224911357901126,0.22768044522517739,0.0804407016708575,0.6144324089791507,0.09415281063919811,0.4434216012492129
1.0,0.0,0.4980352606888929,0.6701599914098578,0.5742456208592124,0.6903364722094628,0.2252985436033119,0.5111410468276408,0.5711854310271465,0.08146146651424525,0.0037736370673449524,0.7633478856723034,0.4022732439190725,0.6243319009130193,0.6463822153434874,0.7286594628129568,0.009728101950857607,0.05619955566804466,1.0,0.5126395039858271,0.4834156948013435,0.5819404563128672,0.7917679448385337,0.8919613077796836,0.668566479479227,0.8092446448703499,0.7684103185099028,0.6743368184567525,0.8428087533693163,0.12250627387610113,0.2713646835614581,0.09397795790964515,0.5036099999249479,0.20722717860550194,0.10172357582212177,0.8297486294542735,0.017253839205059022,0.47458111938422615,0.26636065707248635,0.6433930973384399,0.6494566707006986,0.09765038734440777,0.408282732182332,0.5865977139266807,0.2846831788481998,0.02575674372318749,0.17270528218560124,0.8188795138729051,0.7074920215556885,0.31915535444947196,0.6741695658634315,0.8270955185555032,0.5146459028550237,0.7010515327426423,0.3830710897001441,0.5310011513000095,0.15940475305955634,0.16621631081554095,0.07429812469629204,0.838865836791148,0.6876188769057653,0.52840263221016,0.5754849283590163,0.39652309377888767,0.4947885261435093,0.1150483937945207,0.5305936853887169,0.4352263766347772,0.168177147163377,0.635813860520897,0.4721338816354233
2.0,0.24997304333092008,0.48085686905504227,0.4648448405454745,0.4470211695466328,0.3242707854846119,0.22215660103235282,0.44440833013525904,0.6469302121587033,0.10526003236486177,0.0928093553024438,0.5109919608923549,0.28315526255967377,0.4907061316318878,0.4929180297114448,0.4765192530931907,0.0063042814122987135,0.04134536966731333,0.6368860002300702,0.1574313551815767,0.43870330104763755,0.2879023358735406,0.5010231162260034,0.6315340148604749,0.2945408320062587,0.079890820625408,0.24113701183856215,0.8320314525187935,0.2272208117686219,0.22765420331081931,0.2488955142973304,0.2614730936616957,0.27133164716566227,0.6805669817842651,0.18487252494077241,0.36369689135310257,0.033080397470641454,0.46590446141444253,0.7127343416044136,0.8414624264654247,0.38343826033422,0.1084947534471417,0.46985477236477574,0.7551936073721434,0.4659854125512835,0.023838925575833333,0.15765397810815232,0.539573455040478,0.43957678751103413,0.3797246558197746,0.685180535843295,0.5412862499745255,0.3167135597286744,0.0,0.5616654149799422,0.0,0.3030579643998175,0.1596639831991601,0.07231670914446084,0.8135050627953009,0.6340931497027451,0.5277404081802922,0.3619559340362259,0.08504810490635727,0.275834840784449,0.19226551103634051,0.41758515086977466,0.5121483090565532,0.6208402158771723,0.3935685100567568,0.7203250570239617
2.0,0.28019532032224803,0.18504119884668294,0.46670245892838036,0.6647838017241744,0.7170475424896645,0.23594098817637382,0.30481042598350566,0.663930401995248,0.1502887598913255,0.022205020457812658,0.8050198505206339,0.39740850193225774,0.2390128203602081,0.5532554785606242,0.13536486698240827,1.0,0.10222447200427462,0.4181007707350742,0.367989371124889,0.687843447321604,0.16217652802412694,0.6224267076739917,0.26191768136073873,0.7886597938144315,0.5244229514033113,0.4161692770988352,0.6026354445692557,0.5119402692842366,0.18823862324722423,0.27716492749695076,0.09697557219368982,0.41306729910462997,0.38731384826077747,0.18069508139711796,0.7159777597807125,0.05280939476061442,0.5165298568914853,0.6245445478046696,0.5322255654532,0.5366963385888196,0.1446426404562553,0.4284579007751067,0.4390501276753419,0.40700501443549625,0.14618067073459684,0.17288973444145214,0.9289091734129525,0.601404946944117,0.31859696415391026,0.5807633384400186,0.5966521632802786,0.35821210204511894,0.5685978714736737,0.733299140915502,0.35543389619111565,0.20501417001899927,0.18146307315365762,0.8970794450449736,0.008602072262260087,0.6753901154164053,0.388814149693917,0.47564375506893747,0.47547676926764065,0.5466304878398941,0.1187750886420987,0.13218399738834352,0.6284983112883311,0.3144483942422604,0.452760901598576,0.3166035792244738
1.0,0.3123892851091365,0.23390231960596414,0.587479866852787,0.5548264621446903,0.6539733578318787,0.22528673178913527,0.011528731761186045,0.8534134574471572,0.15190700298409987,0.0226058830034281,0.10048884556153642,0.4337349397590362,0.29586224957444024,0.8001864293503111,0.6582124252085845,0.010191812508183129,0.056002699738462794,0.0,0.706625332152347,0.6898991895631548,0.4265063582212007,0.8041445508209735,0.13997352028302884,0.3134411756488695,0.5841689906841511,1.0,0.6689017540827786,0.6172326247707557,0.12809877352238105,0.2715408591950127,0.09628804598175277,0.235940889065678,0.5954244727650708,0.24827751092177627,0.9214350236730624,0.020623306233062643,0.5696126275278026,0.2586968469477068,0.46735848139284913,0.32462291639433416,0.13652533226039265,0.6022721549094772,0.4420386167564821,0.3603631666919927,0.11486838694211143,0.17857613398611863,0.5629262325807752,0.883647429922407,0.5830172330798113,0.29905876445542096,0.2239295685667121,0.3496259460402627,0.8539629799368572,0.46700126389830215,0.8837486808020726,0.21590438686805424,0.2315295764788242,0.07783452502553627,0.7515295846809278,0.7915135581911786,0.2309545411882494,0.6551855231143546,0.5076094771801274,0.7800269905533062,0.13735532438216727,0.38379685046714423,0.8075910193271937,0.46984494294783474,0.45645635874289414,0.4097222789963788
3.0,1.0,0.8509769294828072,0.6086653065607213,0.17474706048985503,0.6009818557648138,0.2092580999515718,0.4478544184334396,0.36982122634407516,0.09072553706370563,0.11983854915404177,0.6072634538493049,0.21550352352807475,0.5854125251467139,0.017839764559663747,0.0,0.005273207349539562,0.028892826007480474,0.5163090992752788,0.313897254207262,0.3218817948211108,0.33292697723057757,0.37100674636638703,0.9042099856025592,0.7498533232754995,0.7451136296208393,0.27235703701343195,0.31980471787781933,0.7966336207177867,1.0,0.27753083073587204,0.07442471244216184,0.1179479289407916,1.0,0.0927992349322959,0.26358086219785704,0.12455284552845526,0.6126882037324364,0.4661693162619341,0.7669365860509842,0.5610902850106895,0.0669374564916113,0.3425917116713766,0.5691098169046983,0.44154383832244376,0.008842033667743696,0.15179366643654055,0.6003524947553255,0.3131871184390024,0.30051025320111674,0.5979177020940829,0.8841019788461147,0.19935004034984374,0.18102021590793368,0.15908632974923467,0.15206754293389596,0.14341969791854597,0.14135106755337784,0.0,0.029439088731510705,0.39640904609685323,0.6952830877368626,0.3023874695863742,0.6654397918307253,0.3807319034082749,0.049234962786290096,0.8611469522906402,0.3282572793143981,1.0,0.6803917649410357,0.4425631760098764
1.0,0.22839230425607315,0.33929938944522753,0.5719531837216802,0.5816488315949249,0.5462677997243915,0.18192556194705947,0.5119438287607397,0.7357409844006735,0.09151238920973338,0.02128994802609754,0.6032721569957189,0.2368265514889753,0.4394038592022093,0.8482183685673077,0.43600796922319257,0.005675817221664577,0.032289996906549656,0.2451311399976994,0.4275553587245343,0.3917770310338007,0.5354887539504173,0.6513467929956842,0.8490583783705572,0.2311625178107455,0.42619711624043227,0.3491499498095952,1.0,0.7967902572101733,0.10812662431955439,0.5029543298549937,0.0644899586796746,0.6920392371717414,0.36898645109273054,0.08223173726879536,0.9887942312484425,0.013459801264679635,0.4559232709526989,0.271703950984183,0.6582971850235255,0.5874408072561977,0.033203686318088614,0.6832302655511091,0.5253538258298897,0.4913007141771761,0.02472257143733227,0.1548608439481215,0.7110924049217744,0.7248069432527362,0.2859856872372517,0.6009919608134489,0.41316054943039376,0.4373486880848002,0.6008440268866484,0.30148553843899417,0.6695828936006908,0.21341003895428406,0.1064753237661882,0.07096403106002758,0.6498386353158138,0.5456835857755999,0.5187299898841371,0.5914943227899437,0.15105111788269954,0.9985499755936487,0.06828369730719681,0.5633015685481992,0.6355581675618575,0.3007695762382869,0.6370317344477038,0.40730233736929516
1.0,0.25550301144503146,0.555889405472814,0.6099323526253617,0.7361945551942973,0.5629076711070281,0.20680124260285124,0.6473437708038001,1.0,0.11125792419496149,0.015688930664602477,0.7354088076971976,0.14948852011820857,0.5944802218862714,0.8129668061955517,1.0,0.005060446035001974,0.03006271267470951,0.7097003336017486,0.6714348981399463,0.360466495354813,0.6153868375288158,0.4970918696363909,0.7930819930689705,0.3049898024753438,0.6264581973535869,0.4513121205844395,0.843584204614188,0.5750908817981868,0.10677131814695363,0.3363599403713242,0.07967053743923971,0.4385136707169714,0.36488614549927006,0.0804972940076941,1.0,0.029403794037940446,0.5586086142484421,0.4341909744132555,0.7419469848798329,1.0,0.04240670843472,0.7496544197890137,0.5199407135319748,0.5515803069442329,0.07076414460571832,0.12450000263503226,0.770069512491862,0.5972197359242958,0.29108180096916025,0.22132100897171195,0.5927444007418123,0.5738983765549227,0.49429040635502614,0.304233143443298,0.6951993188141611,0.18805260420536432,0.12247812390619557,0.06755456826363335,0.8638851624219609,0.6217150140909583,0.6120670775584273,0.0,0.07709624405108281,1.0,0.06881608228542245,0.7059244174296953,0.5339081400366013,0.2793066963028369,0.06134458859567978,0.29469329692520246
1.0,0.3152235863152543,0.5529935596724177,0.7359497476645561,0.8762171326616466,0.6660369774919617,0.5319096159979216,0.5963416639907269,0.9682252901553392,0.16151253767240215,0.21950127170186884,0.608881165317396,0.4783814503296201,0.29878462509076625,0.7620387632347247,0.13504187679683283,0.011042857766333526,0.061542788042408425,0.4210514206833083,0.20736935341009663,0.7544178691440991,0.5964941675381177,0.6110608165087554,0.5722368125945066,0.1285307182968737,0.29444609268379507,0.47666225840888465,0.5095048820530542,0.7586557978345,0.14267948498365424,0.2755793467949585,0.09441109942316545,0.6211601534062338,0.4786897413539711,0.23815340476863223,0.7047525230500873,0.01741644083107514,0.4989468392174539,0.26964805504101536,0.6511503535601811,0.7076395009044945,0.1114900465579676,0.6338920446595965,0.555383710720701,0.8532897735906402,0.3743341296367017,0.17712159619712153,0.5532655087827753,0.2959277526404485,0.3127370751901415,0.8387909965209638,0.0,0.20345045693472055,0.5843072105102355,0.7797153481215539,0.7261704883430872,0.20981180941059097,0.18353517675883776,0.08343961046044607,0.034439487376809956,0.8598671566137882,0.4123778535598457,0.5992244525547451,0.0,0.2963505326327275,0.13091346614563915,0.2235764142583983,0.4131392182827221,0.3456638070807103,0.7704168196756365,0.4143332488533894
3.0,0.24017621959672836,0.5507756430911895,0.7922366584344473,0.4568850705440155,0.5399345429490127,0.213144186815653,0.3380338499855108,0.5296112278496762,0.24159330136437224,0.018074753953334008,0.6798061571935178,0.3066606046828821,0.6917459259347435,0.5321444065332348,0.44629248839953567,0.006415571946056845,0.03618774431226978,0.8059760727021739,0.3933746678476528,0.3521249258746784,0.5501117960747156,0.7685897117912591,0.6728886766652917,0.6860140250887032,0.7824541624636564,0.3578751135259158,0.5204009332066016,0.6583431775017783,0.11024149768778806,0.2587342458327689,0.08286753432474585,0.9435384003422371,0.3238174058547175,0.04052685344171798,0.6179175492150512,0.039385727190605305,0.3554265951268561,0.30296985364463497,0.2888173425455253,0.5681027539648069,0.07105039628558112,0.3463469233567447,0.7591003922895365,1.0,0.02587660735739717,0.15522974845982374,0.7645979521106945,0.7245538552707118,0.293950771798081,0.6774334038704918,0.70762854347959,0.24839509404058255,1.0,0.3014489037056032,0.9027871054398926,0.20282763525203534,0.1401330066503328,0.06861965350020327,0.7249555423829283,0.3951443451936378,0.6837280605700345,0.6659147742633144,0.5042455575718154,0.6270996640537511,0.06753835833768103,0.41969157585461736,0.4348841707458606,0.33672271658128494,0.8026393466245839,0.09625808350433672
3.0,0.29254917666630775,0.35743190368383393,0.4468914420702236,0.9012552902726634,0.5292259990813047,0.2111716138481711,0.45955937061896446,0.9125049913918941,0.09856436599017199,0.01584927568284858,0.5799460291894484,0.30388724710161363,0.08836168414536887,0.6586115117192533,0.09978158188440786,0.005655086632042926,0.08969318597260877,0.4983952605544692,0.24275465013286107,0.39122356196876795,0.5084034827221627,0.28685698695371803,0.7116315412497565,0.1437990668566481,0.6486738266184063,0.3602587594206594,0.7296725136092629,0.19899361053641457,0.11012979662960663,0.5863531643854184,0.0,0.5537972545988097,0.6946216536202398,0.13835553913364781,0.7043359082980314,0.3820144534778682,0.4524430729758075,0.5356321371140104,0.41126962947757373,0.3021560284884185,0.16491355801224947,0.8429023141282139,0.41502138662671284,0.5872283847439594,0.015894475401473505,0.1582494953913286,0.23774982079324514,0.6902573472675756,0.3005551811559321,0.46888593987774735,0.5664956489840833,0.3281060292118329,0.27358946939606904,0.3488725660799002,0.6852513671687616,0.1959814462972201,0.14941547077353884,0.06972837351369043,0.00014385895582665314,0.3912506597357071,0.44052498201045015,0.7500591376047584,0.780420789536755,0.4151520372125073,0.07843095499217378,0.4126027950938176,0.6023121215277261,0.6472478705345928,0.857257738380228,0.16839033004406567
1.0,0.134675518723332,0.29518795796838837,0.6825834854504451,0.5964594810564903,0.8285197519522277,0.18517381084560758,0.4009523734933154,0.9034975746744955,0.01814213815936,1.0,0.8478009013973067,0.04341895885428476,0.4225481209899175,0.7585212283231906,0.6818322817497753,0.0017250032732510042,0.003464664360640031,0.828439549062464,0.2253852967227635,0.0,0.46385838008354335,0.4923793342923758,0.7844724676057558,0.41826614142429963,0.9155046579244055,0.6360191838880835,0.9108614879460815,0.5036581147492838,0.07110889363825229,0.5947553869087951,0.05366142084166941,0.9075847524410654,0.32988986483934585,0.0,0.6891664590082232,0.22311653116531185,0.4386262969480009,0.3818674048893678,0.6160860428809889,0.6110082690629098,0.0,0.5073229426085009,0.888886203813344,0.974616319708251,0.11194705929904866,0.09705350696439013,0.6360162831532502,0.8104247557083687,0.25037707390648556,0.5376622311945034,0.45588609916647993,0.7253956829301981,0.7547548120989921,0.0,1.0,0.1827454809845775,0.0,0.05756418774854463,0.864776048003827,0.652585666059212,0.501819812491527,0.6445576507164095,0.4658386688122703,0.8293637120624804,0.0,0.21088345484788643,0.4897635803663094,0.21090651665892773,0.6222917412343293,0.3081664854435602
2.0,0.25008087000723983,0.3808497549829886,0.0,0.4613075482307976,0.0,0.2116086509727028,0.29541983537096356,0.24905899988871696,0.20986682898585166,0.02005971469645022,0.6060060187343702,1.0,0.17984810789577063,0.0,0.09565306376977521,0.005157552481124269,0.03024831969402948,0.5122253537328887,0.0,0.3454042300849965,0.41422901151470715,0.3587293516543477,0.5251304089886343,0.2790210376330567,0.3008781819260664,0.0,0.0739047783634324,0.1131568127084406,0.12281903683900867,0.24487057866919662,1.0,0.43828851479649666,0.7914772102157872,0.13128300984589975,0.40990219287316226,0.9790966576332428,0.4588010436259937,0.9560323243837395,0.5539361592938521,0.41605066856701894,0.09072097790891512,0.08256988555278805,0.7766527311245898,0.4617611305272757,0.015035917277367326,0.15147746256936728,0.5383568220230308,0.5001450626238434,0.6115400661082763,0.5676567487664538,0.6331263119281012,0.2522701331181341,0.32016371320908477,0.32084699503599373,0.48415763215964674,0.8095910330846064,0.1403990199509977,0.07026984142725384,0.0035826079722126834,0.8448002867983159,0.30713116207281344,0.4612902135712355,0.5670986407368103,0.6624888735750998,0.08320112439707389,0.19635611795979874,0.3425852910981835,0.7105419004194229,0.694620437040102,0.3241822477660508
3.0,0.5376546157519371,0.2399534655992768,0.5173520884784711,0.5059043882309667,0.6561610013780435,0.23286991649047395,0.4557530094532467,0.5032304942950849,0.28923497186632413,0.20788455158686275,0.11420760395032421,0.5007047056149131,0.22815063030461744,0.4813687900852414,0.137344381090044,0.010713350499716345,0.0789842234033577,0.33913781203267007,0.11387953941541178,0.528602490610793,0.12974699999422246,0.3465263653951091,0.4023904094227274,0.47880870561282884,0.7294902984631815,0.19258138015646661,0.5232091938131855,0.45273167516202095,0.14663370244327442,0.2816506301666891,0.1023245261225583,0.4477788368445149,0.5701099709513792,0.18135147471146956,0.6166404497881884,0.13213188798554681,0.23291322475231227,0.6248905896960935,0.7235964282048652,0.3304884271070085,0.13861373491975318,0.3385902565968044,0.3175128682245474,0.44783467558121837,0.033185501517808136,0.19004379423560347,0.36403632800426194,0.6043617553194772,0.6230159494239592,0.4215423555995062,0.641782489963113,0.19626018742684298,0.34195182808840036,0.6573553385965236,0.4343579103904823,0.21758143780582306,0.2625131256562827,0.07668613703303348,0.006406056635364362,0.42532787619872653,0.5912826288729681,0.4402541227358741,0.5625449378573626,0.3282008212019409,0.13730208588434484,0.3754721967447574,0.2359360818913576,0.4961734324927115,0.757954529607817,0.642478151033789
1.0,0.1168225018869667,0.19920657172867767,0.6440352195855253,0.5905994867219969,0.773868856224162,0.21110074296311193,0.699920113407633,0.7455404777334831,0.029647995011654705,0.016161672011500535,0.8792297150284683,0.2290975221641286,0.35745830704584136,0.7817838592048024,0.9530992667163408,0.005693274560293273,0.03037768216204049,0.11792534222937995,0.2013374667847647,0.19122356196876933,0.44877890954050936,0.5007254824148021,0.57578914621,0.4154303914173157,0.8897347653236811,0.3479708736317139,0.4008122353754431,0.4402203353326242,0.1055426065069589,0.17698875186339644,0.07697543468844739,0.43909157091285717,0.657024298046402,0.09494229389901974,0.8815840705208075,0.07878048780487824,0.4573318193244168,0.4431473527795297,1.0,0.7519281127055141,0.0439714137911216,0.4114335282760164,0.0,0.5292128855796993,0.04962075703641346,0.1350137812185444,0.5599602785760792,0.6677386897449983,0.291736465453612,0.7183774062479185,0.7724123173490393,0.3621089518491856,0.7408595579997964,0.2227025442822337,0.6544420992036843,0.20365554647447787,0.11248162408120413,0.0666184039588643,0.7559129497325611,0.8102151983190424,0.6697692123184104,0.6505896864017295,0.34909439517923824,0.6210985729462771,0.07177614276435598,0.6730455329799309,0.4375846215649225,0.5751193185710696,0.8760278716491042,0.6515038792645333
1.0,0.17349312219843227,0.34762285374723256,0.6114785783313648,0.7160270422249376,0.5166685806155262,0.15347090159577595,0.5034930804113377,0.4213192985212389,0.05062577015009577,0.17829536658188655,0.9062857627262314,0.08065469424869419,0.20546502077207854,0.613077022289446,0.9686795457670696,0.0015602496399423887,0.0,0.2089698608075463,0.23142604074402073,0.24680766949990088,0.39732960487165087,0.50628131355722,0.7658281422959217,0.4051909591260861,0.9733934611048479,0.2617835917209732,0.5319623261038623,0.43929356941933534,0.0,0.2398292451551704,0.03049178749939819,0.4332037435924377,0.40331768418943836,0.09216022952031135,0.7980197171692002,0.22127371273712754,0.5318808671457176,0.4320027683351311,0.7632740375006081,0.8887070997558496,0.00949041697801116,0.5709992444805104,0.5498014386634763,0.8210834219723443,0.0030913667520579653,0.11189400846372356,0.5520949105281509,0.5930653892925264,0.27015821058374256,0.8459693906306844,0.5451252318164219,0.3164736417370061,0.5301774620633467,0.04625135090579338,0.47320229300585265,0.18578115546686724,0.12778438921946117,0.06046391701458791,0.8289395688391102,0.64414104900467,0.7145084420527906,0.6671313192754803,0.5958931078166185,0.35036753093863926,0.017387693388843297,0.5742301055544328,0.49806579280177404,0.3271422155574669,0.7528785054548667,0.7075876615678927
2.0,0.2830296215283665,0.03867544347869707,0.5093632556641248,0.88065229431885,0.7740124023886081,0.2198060500112213,0.40882746845654405,0.49676295961718464,0.13750612408509896,0.001606214751741643,0.4989544921516263,0.38099568083655366,0.02805718571071456,0.6938923868819398,0.7135620700792763,0.008322786191245159,0.04721167636885158,0.6633584493270449,0.3811957484499558,0.4432496540818339,0.11840562042488324,0.3027369909221685,0.6476823012755123,0.6352359399882663,0.6802587076484901,0.35876101400551313,0.5001036896223973,0.08448580808113784,0.12185096100143718,0.18948366987396698,0.09295354385385927,0.4210866024722121,0.722223590632846,0.14085939707448547,0.744085627959133,0.046675700090334324,0.0905068173741194,0.4019276568892863,0.8284220249896013,0.4372567457589955,0.09262417054649742,0.4879368721493127,0.2914542100641999,0.6765081294636077,0.026724015375995527,0.17199909354891404,0.2072419258314207,0.7970110926610661,0.2988671737107282,0.30320388996203324,0.45651022030202365,0.43939162613506616,0.8944775435380387,0.37697140659058864,0.5375371773961433,0.20796493052975681,0.1567798389919495,0.07283834306851647,0.7383968219303445,0.444666845915613,0.6611915861047676,0.4386320627196534,0.34641524292121745,0.17210066902116164,0.09677694134182302,0.4159761841839353,0.3501584562050857,0.6037298947256242,0.4961255804656742,0.3893980395202632
1.0,0.19433447834994388,0.7660934956457696,0.6132073445721029,0.6896908916408407,0.6652503445107946,0.0,0.9703401445790683,0.4472745363733366,0.05662366198019483,0.013668030520844894,0.7151626894982965,0.1941804955671742,0.506579808825455,0.33398993985015246,0.7077962155783603,0.0032797974948719287,0.019111898534829256,0.7405354883239388,0.20139946855624466,0.24313105356789902,0.6078355471074569,0.5900962349322885,0.4277993618822308,0.3505434023412393,0.0,0.2921623301094629,0.5411129352803944,0.6636753447634459,0.09709055977123603,0.12192709039165209,0.0754972533327833,0.4372077663782169,0.48982641437553687,0.08800017387902374,0.6056332544231249,0.07612466124661252,0.5015775741763244,0.22578215645164595,0.492023963223259,0.46976795179401976,0.018220834211484543,0.4841424853792984,0.5280845476587479,0.23207719191612217,0.005798054864094256,0.1222865755648192,0.8268172222624116,0.3610577843073105,0.2773210102371554,0.8447448109074702,0.383258778454829,0.4746523006681353,0.12198925552500262,0.2619017090103122,0.46616257315552134,0.20981180941059097,0.09596079803990203,0.06339736406279435,0.8455284130103959,0.5100030870651958,0.8480951934007034,0.843581035414977,0.32411750607731044,0.7142375168690953,0.04344261422319703,0.6912027608935591,0.5239395337072803,0.4816131414086821,0.6725220681544564,0.48374306106264836
3.0,0.21426700965818946,0.3637215803283352,0.13575646945130396,0.0,0.32224965548920537,0.21210474716811753,0.35187694331967945,0.0,0.10857074988494127,0.014516753289837397,0.5723307760776499,0.2607410775176173,0.1381968169319223,0.15918604242147114,0.06190858418371423,0.005514336839348821,0.027706065974858606,0.4615035085701139,0.1642692648361374,0.32939316070369634,0.012930212672532875,0.0,0.619408330258503,0.6970497024557877,0.3499554975375306,0.1426204171380316,0.276324202886028,0.3397380254664829,0.11407656735201467,0.0928310069115059,0.07826110870476914,0.4376543256204923,0.8467057156322302,0.106018387706753,0.7021126650884626,1.0,0.64915877157246,1.0,0.6126071619570325,0.42400769136703065,0.05818787960071275,0.0,0.712984219811024,0.4094742440358606,0.011495758778617488,0.155545952326997,0.066579419830461,0.0,0.29751933506626876,0.6067818147349222,0.6072673174509362,0.08176114346368846,0.15507561869844208,0.2614254574762328,0.12329703540247512,1.0,0.11661183059152996,0.07012108650594519,0.003780197381420413,0.4654597237574557,0.6005641940159981,0.2635932008650992,0.4007515321669464,0.48453068021937007,0.05098118551486967,0.22990346199884948,0.3272455401645565,0.8573383775719147,0.8774921093855321,0.4026586655984034
2.0,0.8981962137432801,0.38147328247469253,0.760088048963815,0.6468994034305913,0.6409336242535599,0.22718843387155851,0.4481872792349683,0.5796822529015537,0.14065353266921068,0.01957038593387154,0.4937198886675426,0.3892248238235956,0.20439368147892437,0.5567143878902996,0.09939783116887271,0.008784314581242075,0.051553755729913706,0.6325002875877143,0.607493356953056,0.4586677208934577,0.3076789748271057,0.6905476462126098,0.5500256838784826,0.39925404408683157,0.6028896932296921,0.25540383359092433,0.5780437224574438,0.4477715195697718,0.4493956972752387,0.2704024935628136,0.09359981849307986,0.4453471529033858,0.6443112159861012,0.1448499206676954,0.6700527971592325,0.06858175248419149,0.3834718767065105,0.7591344881633313,0.5249004683524475,0.5977086135720578,0.10313004936805066,0.7894730951115088,0.5472720975004632,0.5324494757635622,0.026718440323241555,0.18092131266765404,0.4957943955964467,0.6046827449552156,0.311369981707904,0.6356132377580456,0.6710244757382459,0.33849520527528754,0.4684158264589062,0.3993369113256272,0.36623333013527776,0.20730684725037915,0.17548477423871187,0.07440721163858506,0.0038477937582545954,0.2547426283870587,0.6965762496219591,0.8118748310354147,0.6956637107542718,0.3490897866597757,0.10473077291651141,0.5203025168280816,0.37041555697728096,0.6022896986397303,0.41517879969692634,0.20123122705756327
2.0,0.33809824550593814,0.23796571017270465,0.7720820358638472,0.7069537753837958,0.3641249425815345,0.24505970872066268,0.22948206859282114,0.5594941183401746,0.18731534955535442,0.027078956098639827,0.4034812585653935,0.5869515799045238,0.23963181639625267,0.7237445331644914,0.36759481041115705,0.012107755422685815,0.08432183132259052,0.0904089497296676,0.41943312666076177,0.7752520260921121,0.1315669360942437,0.34964531970831886,0.41857487031450097,0.409437599530635,0.4224055064380229,0.41445164990997585,0.8674933033785539,0.49903081170335617,0.1497092049118678,0.14323079007995668,0.10442835633108503,0.44870572871713665,0.5374060517686161,0.1877241409289488,0.607587839521555,0.04020776874435435,0.4337028786394722,0.16931626193335553,0.6610143854967401,0.3314371977111435,0.1593061649391044,0.07349245879620542,0.2893598511394115,0.0,0.08417214647893612,0.18387254876127138,0.5196338263437225,0.6203186439422466,0.8849266711594622,0.022862237343020717,0.13175069799669858,0.22438875438940842,0.5316414604338529,0.5987763999047493,0.5744687230164061,0.2122424718457113,0.6323276163808191,0.07707885002528833,0.7655584327346721,0.9377806988717267,0.7594875324594063,0.3487091105704246,0.5826942171397269,0.5556105894851692,0.14620356272027413,0.4513112689850292,0.5371516567228581,0.5040899437470979,0.37431494591617154,0.35358944382219915
3.0,0.21636192794097267,0.34881969175144245,0.8358853215934718,0.464106477703694,0.3802021129995407,0.18602426146631876,0.6187334059100414,0.75688484777073,0.11502887598913249,0.4144089350879133,0.8264598256545015,0.2872016367356211,0.40681728903543757,0.6165886946427945,0.02499816119448808,0.0059191288788024415,0.03358924604178969,0.5176320027608419,0.4462001771479185,0.36094089741055485,0.4703870397439377,0.3246874844982388,0.6552572367040712,0.41023384460648743,0.5748887438438263,0.37814885040072665,0.4376911777412945,0.3763256994798364,0.1110010648834213,0.25598319555495347,0.08329380057614673,0.44148197626856617,0.44455227520160806,0.08272294551066102,0.9064914029404434,0.6783739837398374,0.7008893357719279,0.8687687015286909,0.65341918894537,0.4488190968547198,0.06057645022640334,0.7531801774071688,0.4674125806529566,0.4154155903358155,0.012984297863918555,0.1547765229168752,0.39046685825896565,0.558633077981963,0.27447129424601246,0.600807505290287,0.6834584972182031,0.3334569274502534,0.655852174355841,0.21378198670159163,0.7004701141705846,0.15629477885217508,0.13058452922646122,0.06736812876225985,0.00032931568201277964,0.3526723030502186,0.6679911147264026,0.5956424033522569,0.6427996713116713,0.6942243087259883,0.06397137898357075,0.6342515584435771,0.17732960378509519,0.4228787175251767,0.7633187529342862,0.593433455692995
2.0,0.25699718110260494,0.004067575315006814,0.5321486094706332,0.6527974496763476,1.0,0.2142308737198949,0.22065146732873336,0.709530449127079,0.09721335570170875,0.01957038593387154,0.4191356193221148,0.22596044555580816,0.38540240694227856,0.7511871680326428,0.21640022641292223,0.003901715183520299,0.034725385978233304,0.36359139537558954,0.758582816651904,0.15833168610397266,0.5605114309319811,0.7638895778560442,0.2235437964389846,0.3654485513927313,0.6973001839435116,0.35681394496582275,0.5359802989717443,0.25155168025270697,0.09528844936591022,0.24782490852419062,0.27120846482272115,0.35247033570747743,0.5710919424150915,0.10429698537242721,0.6988108958385247,0.014543812104787916,0.29138748515606727,0.2444378854804884,0.9205691535623418,0.263661242509983,0.03837040727045142,0.8271539301004559,0.4037601797926585,0.22913690928430394,1.0,0.1457014719290016,0.5764209944824051,0.9159686170902291,0.2835724142357433,0.246171266953256,0.5923444537284231,0.2918929529542628,0.43165037172828186,0.30097265217152386,0.9821488534970743,0.20981180941059097,0.11019950997549881,0.15358648115275142,0.7357189654634512,0.8275625130702363,0.7801937657082676,0.7657981886996489,0.5144485910911771,0.8715149165877045,0.05483565275722168,0.402055124597758,1.0,0.4580143258405584,0.38890619116901987,0.2522707391450082
3.0,0.22833068901246217,0.15254244380929227,0.37751530119188126,0.7529965880119568,0.36643316490583383,0.21400644925054024,0.3733523390324323,0.7013151090250915,0.22423801535104,0.015221718456264544,0.0,0.29979540804728455,0.28216696227695315,0.5215214511004023,0.12574551571299292,0.005526338759656101,0.035045979920695226,0.5177412860922584,0.47106288751107134,0.9574224154971324,0.3948105822062244,0.5096296939332305,0.27416635918361426,0.2275724303634787,0.34886370379160964,0.34638071413776084,0.3822863561738531,0.0,0.10850640791737085,1.0,0.0752772449449633,0.0838968485676331,0.26593856274190075,0.14500206481340602,0.624929915275355,0.037551942186088615,0.2763658585210678,0.711004132147291,0.606848641669863,0.43529173641887586,0.0824248462437494,0.8626409603492178,0.08713338649782865,0.3635769639872364,0.012830983913185282,0.1509768064463429,0.38731018880829166,0.5973123290884509,0.29002278489137057,0.4846415158144993,0.7279188489677799,0.31130449955288,0.4328533964762198,0.3647537230047806,0.4468483162237358,0.1947289652171142,0.15169758487924415,0.06824082430060391,0.0,1.0,0.5493800123058958,0.7555927277642601,0.5928801314753305,0.36435093461969176,0.06590926030431134,0.605360113171763,0.5100578774307781,0.16264776853339005,0.7397793881810454,0.3245828462110742
1.0,0.2732327977941748,0.49571272540100336,0.582615698485987,0.7328755829341408,0.691260909508498,0.22065650063193193,0.3696282140647395,0.9473629085577001,0.05132354469468649,0.4097644586973349,0.8367171053561085,0.3708115480791087,0.5802165295749163,0.9305579982881325,0.23335241427168915,0.00712259416052023,0.2740234539778959,0.25695962268491895,0.15164747564215997,0.4044672860249062,0.3946834755579696,0.5016679894836052,0.8084561456818531,0.2275305227279091,0.5041891651338041,0.5799429582065295,0.8388317635876611,0.6964188981928064,0.7568267963391839,0.6642092424447756,0.0681613486514172,0.44384611343355274,0.3790935319608722,0.1425416766284858,0.887334911537503,0.06272809394760628,0.3717830922187456,0.006330531072527103,0.5740477643868473,0.4894644295358614,0.09667963136819116,0.7028234043148557,0.3028201348444933,0.46532441878134045,0.019652060957626814,0.15594120716096363,0.5310767531024144,0.604460521361243,0.2881743204646832,0.8706300693245342,0.5894480221728587,0.3971006274218993,0.34673210102861823,0.3655047350392906,0.8222200901851675,0.20479127084372617,0.16588029401470056,0.07208465146721932,0.7626015245582837,0.6532030790985766,0.6732263346160667,0.9371029332251956,0.5077806690177017,0.7107847359807042,0.571131956940703,0.2988169819826821,0.44446593563553644,0.3519498214978952,0.6875223702987514,0.6759730863248767
2.0,0.3229408955775658,0.46309261266388524,0.5292064855578221,0.6634900367412345,0.43235530546623824,0.26074579794710695,0.2653997070824946,0.5720953372217098,0.18580103033092338,0.0384855689483578,0.8883355232484209,0.5457604000909306,0.03314604735319677,0.2174540082310316,0.13652571289690213,0.012809322218827735,0.06197024663235733,0.6469659496146325,0.004083259521700231,0.8547143704289384,0.30418931957500195,0.3459124956595067,0.806676361426433,0.1870198083424124,0.3046282560968375,0.16681059893883146,0.39778795472219863,0.13977848989368302,0.14379649556546786,0.0,0.10451085947651739,0.36687656201919816,0.6060258235505659,0.18808059292747065,0.0,0.19251129177958476,0.46154446245460123,0.596209823518636,0.27005083271660624,0.5644426078119663,0.1591337280222765,0.4908750034977752,0.003093207027379231,0.4482449475763566,0.032363181236602534,0.6578621456540414,0.4625770260227944,0.23436564423237183,0.45135265235390387,0.60160168879279,0.7047244696244065,0.39917991668302466,0.5269884916997661,0.7164837982891576,0.12930538232754463,0.19364631208007363,0.26920546027301384,0.07654134890962642,0.009858671575203577,0.49692787221541784,0.7430935769483467,0.581559205190592,0.19361796829527061,0.11231228644442531,0.13991077227764964,0.4665847933216223,0.4894362529943017,0.49677935008487395,0.5714896643409306,0.8651781845532518
2.0,0.26266578351484193,0.20692743228031105,0.5963491893052727,0.6258144166007804,0.6821371152962794,0.21896741120468677,0.22811538130183823,0.6372878249314295,0.12977121902697594,0.04046500055291389,0.5922801961033634,0.32407365310297853,0.22262728105991164,0.5844032502022585,0.12875795882994415,0.00674617029633833,0.04252650524480426,0.5687881053721383,0.4144729849424259,0.4064834947618099,0.15014761703922344,0.4994853415347983,0.479123709475543,0.6443997429665004,0.5156945350976091,0.35224104141106727,0.5488637345545667,0.24335437048446334,0.1229754183204626,0.2633283642770025,0.08647704693741434,0.445425957475552,0.6639457189820996,0.14153752526679567,0.7132133067530526,0.039756097560975694,0.4686435462480607,0.3798318643515791,0.3976890291005147,0.41438083230374134,0.10017946212455053,0.3879060917256624,0.2924772238466926,0.4236666160158027,0.018996992259039294,0.16224947431107078,0.7529116987485124,0.6240594077741219,0.48377138089278265,0.6156254323176328,0.4902305936538343,0.4430630984318088,0.3002978918423464,0.35447768028868165,0.539629905017749,0.18487894451933368,0.16732236611830587,0.07167607128335829,0.6445591849610195,0.5417998585924974,0.5267444649542702,0.604175114895917,0.45707364672852363,0.47822809888879336,0.08838655408498974,0.15718904969919265,0.385189924268349,0.5708093871554605,0.5319691905786763,0.8337679962719823
2.0,0.2870346123630986,1.0,1.0,0.5669311979164464,0.3176906293063852,0.8567699412952832,0.29878368747111933,0.727198339912151,0.13945098504980896,0.02620535220612633,0.42156571864536063,0.38999772675608124,1.0,0.41460597746432615,0.1340633124722181,0.008455898398289195,0.05029387778059003,0.393120901875072,0.4195748449955707,0.4624234038347505,1.0,0.35874795376754814,0.6345003219528437,0.6316598217528562,0.1959176407761232,0.302458533165501,0.5233906506523803,0.8896234850314244,0.4558818053869697,0.2817590459411844,0.09024469057882813,0.9828843974452308,0.5659604025754583,0.6057336608054944,0.27304230002491886,0.02477868112014479,0.4478013643416229,0.5419423127811586,0.39544180167137544,0.7707981058321984,0.12714987322693333,0.2971877885664714,1.0,0.48791976903206247,0.028756122104805517,0.5947215034439871,0.6877725093549216,0.32492793165389894,0.4367767401559641,0.8555610778351074,0.6501864721107011,0.3940325852254136,0.26899378755474085,0.40609601963621683,0.896514918929291,0.2494878626091939,0.19116555827791398,0.07465513650743276,0.016370455876898355,0.7737081627978767,0.24383923077725325,0.1251605163557727,0.19860821036053009,0.8253223074051743,0.10754176560154179,0.39422015638845287,0.5346148695897998,0.6403833418334334,0.47346010998052357,0.3214843398709903
3.0,0.2102004035798457,0.7653109477199399,0.8079888328143452,0.40486387985743233,0.3160886541111624,0.20349393463342058,0.4780429351273878,0.4730464837689755,0.07812105646035318,0.014713037708724994,1.0,0.19422596044555596,0.6849637530205817,0.34229718479955856,0.023175345295695923,0.0039202636058132964,0.024185157062909364,0.514606580006902,0.05755535872453366,0.26356987546946103,0.5390304073768074,0.1308100600228186,0.3621571563967326,0.7077501187383004,0.7682430427817006,0.2941731329966062,0.23155620841614144,0.45848806625723637,0.11882758569332846,0.24997967204228216,0.07574476276908035,0.7668773125389333,0.7777197571673243,0.09352952683170684,0.612595003737852,0.8013279132791327,0.7117849991765408,0.5991613572984298,0.6845184396894936,0.7190289649123547,0.044258808652501376,0.019716260458348168,0.49558976341799366,0.5087980550068375,0.008234352917564578,0.1261126423576161,0.5497405612295232,0.4912376002321002,0.2983344565322037,0.848013772679063,0.7134672603884324,0.3131584113066807,0.44259216824523895,0.23746634183869691,0.6640122805334356,0.21849426299979827,0.1061953097654882,0.0654124973967889,0.0033330213500556895,0.42459096386142126,0.6023057910709261,0.4819461340902946,0.5124884445509639,0.6520084991529557,0.05458010796767368,0.5867520636746625,0.03831962030024876,0.8107679777119758,0.6415267118798491,0.6083537039005215
1.0,0.3078143532709992,0.2408238932387019,0.664941479652099,0.5480616779201671,0.849132981166743,0.24081926743128457,0.3364361181381725,0.6954367222429512,0.1812729189245365,0.10579453721110255,0.6074471241469926,0.5009320300068197,0.13654219291249534,0.9441884460703271,0.13642337937275947,0.019440928730415075,0.06391630810765192,0.4967186241803752,0.7402745792736939,0.898240759043288,0.37105897170721536,0.6330361129024255,0.37643160491683547,0.33202022741876996,0.6955794220613539,0.4465639489491883,0.6240559923960943,0.5410028651425066,0.1468868915084855,0.27082260468898217,0.09095284257712312,0.4640501046975031,0.3390264688930161,0.27609815470886123,0.9746877336157488,0.01728093947606151,0.5515702063848412,0.4582205304618639,0.5428782877855625,0.47888879986843713,0.14948364723238772,0.6557965134174663,0.45152767373110003,0.5595882084789545,0.03653332069654714,0.1986761598094346,0.5467811836195163,0.6028555731825505,0.0,0.5886846784069191,0.45549379445270943,0.5200476927886466,0.6978307363275286,1.0,0.5906109085675907,0.20973750968549995,0.18961148057402855,0.0762478058649107,0.009628150597794661,0.6935639669783608,0.5096517848762634,0.5725027034333596,0.5548327455746906,0.40612168719671515,0.13615213433137788,0.48847295847777733,0.599373614438113,0.252357065105693,0.6790437365487686,0.5210232428852898
1.0,0.26958209461020644,0.26582776413084885,0.6706753999785249,0.730097793411946,0.8475310059715206,0.22638523050755383,0.43329077936419663,0.7556869137160177,0.05739566785931696,0.37312285745880797,0.8211192585371363,0.2653330302341436,0.6600104753175331,0.9096638409136211,0.1328768831766885,0.007420460000872882,0.04455130909193159,0.7468566662832161,0.5032772364924707,0.4206760229294319,0.5573915404748017,0.5538469170097723,0.34943097548093943,0.3217109490682527,0.6683083130599892,0.5350488360606109,0.7506091765315823,0.5744121236645108,0.12221585112482936,0.13588562135790763,0.08971529539563697,0.4635059778896886,0.4333663393975819,0.11961572735769094,0.7535392785945675,0.2702981029810298,0.5813187479955273,0.4184053575426947,0.7512708179151563,0.6207869314228606,0.06470216312532345,0.6674259171167137,0.4292791377685409,0.7403965962619664,0.022219372750814762,0.1498859031045949,0.22469567733577145,0.6779918394557989,0.2931677417284427,0.5946794829096835,0.44966781470989803,0.5287429024260797,0.4801405438435685,0.30811642518271537,0.7595461959128851,0.19681997176610427,0.16086804340217006,0.041494689449309216,0.761301594234549,0.9410569712902944,0.4946709215864181,0.8517251284130839,0.4128633546752484,0.6381686622448102,0.08640608196599132,0.1806628631834222,0.774054842213328,0.35729955621864795,0.7571782511888223,0.41101400459461845
3.0,0.29678522466458224,0.2752769257165335,0.5520133147213576,0.42251573869329734,0.14621612310519053,0.8383080757373523,0.4190482530681934,0.8866152144171041,0.6387309411048588,0.03897766228021673,0.5393195721894909,0.42491475335303563,0.12437058816527197,0.8358307831205225,0.1263275376315546,0.009397503600576073,0.11634747883798746,0.7327361095134016,0.4246589902568633,0.5870330104763791,0.5211430354223114,0.5030507465648096,0.7467280185792121,0.4522672030844014,0.7161692280306181,0.4920125555679484,0.5226993865030674,0.01399938650707189,0.13382531443847848,0.6072774088629896,0.09732621056177747,0.4486044085529231,0.620211862806435,0.17755221804429577,0.5355602105656616,0.056350496838301796,0.3975053524838124,0.8045779306694896,0.6012467790640514,0.36436586281198746,0.13482012274953858,0.6947925119623917,0.30402036361293006,0.530686825710378,0.026581851530770202,0.17602542279092084,0.45083816150310124,0.6026889054870711,0.6567889348865568,0.535986760192449,0.3905138682263752,0.41207732629573873,0.3307235971076487,0.4298536442401041,0.8719958265374652,0.20610743740248147,0.20502625131256572,0.07871317076073261,0.01067676105894063,0.6053934016470987,0.42658177684614546,0.1430876588267104,0.6229071797856676,0.5517629999712865,0.11729505840263217,0.38499385949912174,0.20841826486735834,0.4788256160035319,0.3227133487349453,0.721297938961878
2.0,0.2703830927771534,0.046295870071935294,0.5885321593471499,0.45375212985003316,0.6107085438677077,0.21751455806097286,0.28866080309521386,0.40604727584559125,0.13573941832326242,0.018837775074643397,0.4133288122183131,0.37235735394407804,0.0,0.3180613692590894,0.12769944643959294,0.00909963776022347,0.047071064990578934,0.31467847693546547,0.27246235606731506,0.49179679778612356,0.20758248932593024,0.297782628106553,0.4835587003233996,0.4997206157628581,0.8482940722719994,0.3004126766622584,0.37974596042512787,0.3439019455557657,0.06034835836678143,0.261349776392465,0.09344856272645367,0.44294924235032757,0.6550455762842398,0.15425677584820358,0.38530245452280093,0.05006323396567321,0.4470169112484507,0.7102611598509987,0.8298157381547887,0.40737258010786465,0.10031996627900298,0.5561462909589497,0.35604907244065287,0.43121106214860977,0.02492327333647394,0.5910535385847769,0.595295247239559,0.4340211976617139,0.28704470331504106,0.4209018850329717,0.4423515865414006,0.0,0.2944418983603218,0.40882530727382604,0.3601050561258753,0.20796493052975681,0.17132656632831647,0.07520255461784855,0.007118418452770921,0.3420069907089291,0.5269634681767462,0.43954447147877745,0.7244581778340815,0.08141671691503691,0.14176347200187406,0.26769474715127356,0.5174227433009483,0.4904141705551452,0.5206318069623347,0.3368542393943604
1.0,0.15705725596512587,0.5399873620602353,0.27252228068291684,0.7105179710720917,0.6720831419384476,0.13937940728316447,0.7674438640048246,0.7886202810890071,0.0,0.17024217626893734,0.7038104522527865,0.05060240963855453,0.5941260847310342,0.5214745506349149,0.595974454994036,0.0016802688430148914,0.032014398605135046,0.860899574370183,0.5331000885739594,0.20158134018580764,0.7013918177983971,0.5817500868098615,0.8627033909954497,0.3133713295895843,0.6488399691449594,0.37424833893660076,0.8568305538754,0.7736080563369249,0.07297802467848702,0.5981162759181458,0.0708495761400901,0.434667257075525,0.33530220253900367,0.06383533656458525,0.7523711998504861,0.016070460704607218,0.5323142666447079,0.5038471716164236,0.5887573804674879,0.5641643017680867,0.06062115609372911,0.6836555950415535,0.670251242518708,0.692979790305425,0.0,0.1301126212773583,0.6581655804654774,0.6397755541700877,0.2675780623214916,0.7265344393833039,0.7404038191118629,0.4773059390608298,0.22618774824320229,0.038100122726356746,0.8779322172119352,0.19469712247778972,0.10070703535176762,0.05856183742078797,0.7293077091067919,0.7536621555681692,0.30031077600141864,0.5823195458231952,0.23645016605608224,0.685071926953226,0.011861537314863285,0.5874982511231678,0.8356593414768416,0.32695039240014906,0.47285117301712015,0.13373447681025505
2.0,0.23515457724240982,0.4963529918857733,0.7241060882637187,0.742680292069559,0.4050930179145615,0.21118342566234774,0.4764452032800495,0.6365153865792109,0.05289724898674267,0.0215774632312285,0.871324827985702,0.28651966355990094,0.17064649374456892,0.6111775534372177,0.04186720306488909,0.004483262776589717,0.04155347450715709,0.9744967215000575,0.38813108945969915,0.3691243328721095,0.5623198118821603,0.37483258098119926,0.6071524175402804,0.4849272204062234,0.8106034533910877,0.5920141489141347,0.7650652380540915,0.3946195364865126,0.11193190703493244,0.10069115056240685,0.08160936135690146,0.634845880772435,0.6222299947945661,0.1362776848007998,0.9749563917268874,0.1184914182475158,0.5992268152938014,0.6937325706841456,0.8049881966540081,0.7851055665425534,0.04883158022467889,0.4724515208327502,0.4170190828318951,0.70548548852758,0.018107771344786385,0.1385078339508093,0.5353119512820687,0.6343434218729743,0.2764545425371458,0.6659612950827233,0.5932131284517721,0.38497386347939233,0.42294276402892356,0.22971809572655846,0.36721073587258923,0.20784817381889967,0.1349247462373122,0.07135079385543004,0.0004610419548179069,0.789053864308548,0.8236189761077912,0.4120792781832935,0.5666193035916052,0.5988098314526088,0.06801750481808423,0.3858255475927678,0.45328145690437627,0.48780172184119786,0.6261870784506045,0.4630182231415094
1.0,0.1797008579922673,0.31368036055791076,0.6094491570922371,0.7106617227368626,0.6647048690858982,0.20474598693613355,0.4006234287012163,0.7856221729083619,0.050729694018439096,0.01723708946146188,0.6037737181932491,0.09670379631734628,0.42921125620484013,0.5969198119291336,0.544443129742919,0.0028062671845677334,0.014927303917432877,0.08698378005291636,0.4820549158547376,0.18924688673650933,0.25414396561187447,0.8816781586388212,0.28301463619328776,0.191126756628391,0.555010977274076,0.3887987763101289,0.7098764365333107,0.8453671494116336,0.09533312978918272,0.5878032253692914,0.06889700169818953,0.4371927559835185,0.37795227750053784,0.08384011823773613,0.8610025230500873,0.0,0.5760572780777867,0.44528467034420943,0.6084584343955445,0.7018035074995046,0.08541375280209987,0.6334723116098161,0.5690050989584593,0.7801397963835287,0.0052489121678314845,0.1370322159040005,0.6440394846737126,0.9062895449971912,0.20801001251564452,0.7841665428423571,0.5621191587356578,0.24006339651173753,0.15236403910785218,0.1222317879581627,0.8552839873356998,0.18951737021430168,0.07777388869443498,0.06800678322441168,0.6980313855177364,0.34355052330734165,0.6426753850806666,1.0,0.3894785496627517,0.7105837424986363,0.038353013831361915,0.5304460024562003,0.8716058383300356,0.35018535293177333,0.5888792306011746,0.45675580663358367
2.0,0.2590150803308743,0.18463946301310236,0.5377966283689473,0.3192301675552491,0.5902790537436841,0.21769173527362054,0.4122030685849892,0.6057225898941503,0.11952729486170678,0.003159902687161293,0.6126958561155139,0.3066606046828821,0.09051329055912005,0.5433887931337721,0.29228693041000564,0.006615240256622899,0.04097415562867339,0.5158719659496146,0.34400354295837016,0.40517888910851896,0.3387334400258837,0.8167505828662135,0.43041115910258404,0.5807979213812751,0.8685456595264938,0.3218081292522427,0.5269420202194768,0.2731022509969258,0.11721164371830481,0.26171567963138626,0.08751521151743905,0.4034306257083029,0.7672415633379804,0.13623856202047432,0.9102954460503364,0.04558265582655841,0.5906195012438566,0.57631241476174,0.7853087506820011,0.606517421536671,0.08906686081786198,0.6448051039538852,0.26284204506093756,0.3996505090411797,0.01887712862482961,0.15857623938740772,0.5434337987228643,0.632855758368879,0.3069285324604472,0.6032874073239091,0.14087050887525734,0.4049815699360944,0.4060367654547307,0.3559247522576151,0.2000383766669863,0.21407873648010334,0.15638781939096935,0.07164632029909655,0.8971928437969059,0.6671347055836041,0.7477969318691403,0.41964889159232155,0.5287859074879314,0.30128922962069643,1.0,0.5541996362336191,0.25843239945842256,0.6755828912012544,1.0,0.5546489858318964
3.0,0.3013909641245247,0.3310010336328219,0.5587995275421463,0.746688426722589,0.6103123564538356,0.2281924380765641,0.41774813793751614,0.5121200814333312,1.0,0.06275848722768991,0.6142499894036363,0.41809502159581785,0.12265049341126333,0.4545182735938653,0.1346645219265565,0.010913018810282398,0.054512219128771834,0.8038162889681351,0.6289282550930017,0.483376161296698,0.43495317275526757,0.34166501314549313,0.674639521339324,0.2117592825412795,0.7004984275796596,0.3607240165070665,0.5263976497018926,0.2799681505798815,0.13421254477350741,0.46216289470117883,0.09862563510233803,0.20439654460714046,0.8555648060113731,0.1938316416353322,0.3649233740343883,0.7620054200542004,0.4464838298646926,0.6848576139393817,0.6818228471723291,0.5532681984743767,0.14099591899296862,0.6294484707725883,0.20287893799892034,0.5275869928582277,0.02696653017079175,0.20670246797118333,0.35841351054524895,0.08942647794122191,0.3192323738005841,0.4652634383534271,0.5987920071735716,0.6274218994234695,0.38094510642631657,0.6032641547451136,0.5441211743260099,0.2141211934658699,0.19123556177808881,0.07506768348919537,0.0047785438700486205,0.0,0.4778963176172451,0.6297901459854018,0.5777382134419823,0.31678726275590746,0.11760384169000307,0.37910986055622037,0.21114847272023926,0.7758135357118389,0.9038762788838326,0.19628506258328732
2.0,0.20126619325621195,0.35916438946615153,0.884054547406851,0.5565853060430663,0.5541226458429032,0.216380623900025,0.4308785175554702,0.7744741855030346,0.06878275457636206,0.0207176821851155,0.49981632970231227,0.20568310979768176,0.23006713726237094,0.5658951540094036,0.5895945993482633,0.002952472395583303,0.027520458955538635,0.40759806741056015,0.30745792736935224,0.32555841075311265,0.6979021625462933,0.7057889776278587,0.4885146036362582,0.35594948732992554,0.843968432919955,0.3592740714775099,0.5608571675451486,0.5153471129936495,0.11911800844459991,0.2525680986583549,0.07989742108917883,0.7063966797006928,0.589274835421254,0.10390141059357952,0.8560965923249441,0.03471544715447151,0.4539946431821925,0.2404584037291099,0.6879703106683883,0.6340191187818629,0.0571149387848946,0.4894814897725045,0.40961632955543215,0.6617383376386562,0.07413426399547308,0.1497594215577257,0.6467686884696078,0.6019358144186077,0.2879817720869035,0.4199898549462263,0.3190456296235912,0.35464241313878164,0.5959810062124457,0.29641162786437764,0.40505972368799775,0.2672985681381551,0.11921596079803994,0.07056933466882194,0.8232597399446057,0.4979535745227502,0.6299575550897394,0.40003210327115496,0.4711627349607971,0.9264363855629254,0.05076823152357952,0.6459962379716134,0.5396363690467334,0.545988079560938,0.5391462796740563,0.3957585617698281
1.0,0.31568570064233914,0.2640534308658659,0.6536347041769576,0.7345667789902715,0.8288298116674325,0.2268222676320855,0.4500278036669512,0.8054502726445539,0.15487625636533683,0.02282151940727632,0.6259625030023027,0.45060240963855375,0.2898389419929291,1.0,0.6962932878801931,0.010689346659101834,0.05922551252847365,0.6255090302542277,0.5445615589016818,0.49432694208341627,0.12452984984082727,0.4400887940870082,0.5716869605481154,0.40051127315396967,1.0,0.6100062140501267,0.7254125982891213,0.29811840413520335,0.14084014089226773,0.27158151511044865,0.09140660987700135,0.3007782889651085,0.0,0.18131235193114392,0.9586928420134563,0.023956639566395748,0.4930005980913086,0.11774584240845229,0.9429279860844764,0.5644889921526126,0.1424137336424426,0.5954500937403809,0.41083266877713587,0.664108798055007,0.028981911741339947,0.17128236478332123,0.3208162621087873,1.0,0.3249318057828697,0.4981323878279849,0.5926832623448611,0.35687437748551415,0.6052296567878604,0.524407891121572,0.6917034443058618,0.11591818538842795,0.17883094154707746,0.07484752620565863,0.6404826034657876,0.9927105428255609,0.43136856156597764,0.9030143281968094,0.5762488444550957,0.4245197691446288,0.14524526975946864,0.21237582974489713,0.7700078856139617,0.0,0.39175564428784615,0.5657349346370503
