Type,215024_at,215023_s_at,215020_at,215027_at,215013_s_at,215012_at,215010_s_at,215017_s_at,215006_at,215028_at,215049_x_at,215048_at,215043_s_at,215041_s_at,215036_at,215034_s_at,215042_at,215052_at,215005_at,215003_at,214979_at,214976_at,214972_at,214969_at,214968_at,214964_at,214963_at,214970_s_at,215004_s_at,215000_s_at,214982_at,214995_s_at,214993_at,214991_s_at,214989_x_at,214988_s_at,214987_at,214986_x_at,214985_at,215053_at,215055_at,215111_s_at,215105_at,215109_at,215139_at,215136_s_at,215135_at,215131_at,215129_at,215127_s_at,215124_at,215123_at,215130_s_at,215069_at,215067_x_at,215066_at,215074_at,215063_x_at,215062_at,215060_at,215058_at,215076_s_at,215077_at,215094_at,215092_s_at,215091_s_at,215090_x_at,215089_s_at,215088_s_at,215084_s_at,215083_at,215080_s_at,214958_s_at,214837_at,214828_s_at,214825_at,214821_at,214827_at,214816_x_at,214844_s_at,214862_x_at,214859_at,214851_at,214847_s_at,214846_s_at,214853_s_at,214815_at
3.0,0.07713865141821884,0.5148581899298923,0.31279887482418856,0.269849629270321,0.21004768295120313,0.3601801265261226,0.5132322001993166,0.5076352976964136,0.26568993149616316,0.4487922250749399,0.4203991827754207,0.16289586578134815,0.28843009771491596,0.22416278636066275,0.5934887162412129,0.45250588348302245,0.46875383670963766,0.1706673476336389,0.24168720643631253,0.2522660931018589,0.3170917522358397,0.5342207372278512,0.23086283939680066,0.4843531220739953,0.37094328177130675,0.10354211034055925,0.130894030928227,0.5474877688902696,0.225217553455992,0.6924586721099922,0.2561325193111443,0.03973193712626375,0.40332276146924323,0.10620790443512543,0.3383609690414919,0.2596414242728176,0.19442248711543958,0.4201629942650167,0.3340029847319491,0.4193502320599782,0.18129368689670491,0.8419663293218802,0.3698242478403357,0.3650266481136287,0.43396872233697265,0.5698058920986425,0.49743326488706735,0.2757530264797016,0.48730034342084033,0.5819014573213046,0.4160990712074285,0.20237276714174965,0.18865688153138052,0.089607864318894,0.17314260838505144,0.10388437217705512,0.14929325395376017,0.3585669399809404,0.4260660660660672,0.5624931416657521,0.32164813083182464,0.47558250211878245,0.3282817593023749,0.42598967297762547,0.11457316411758318,0.9927022241328133,0.3944465652689316,0.33654586728282465,0.3830787309048198,0.3306891139962913,0.158517853344991,0.4357916451779283,0.5260853018304286,0.30768163529575093,0.22241837188953528,0.37798108552631765,0.33257839721254506,0.20546653627222344,0.42693177002401356,0.21571113929119587,0.18759634056012686,0.34845064641904405,0.47987090198742816,0.44250206917308327,0.43056215360253264,0.8499808439603744,0.30013280212483384
3.0,0.08501764517163943,0.005603356702783238,0.5131739334270968,0.34833344882544504,0.5616452045798472,0.14121457785124364,0.658288118702247,0.5436520007743143,0.9293261661962642,0.512386918124017,0.5745717428885763,0.2273000519168234,0.30061594616174353,0.1740557757602489,0.7463559008509048,0.4798820901973976,0.6197667280540228,0.2951140619679943,0.3556247965400178,0.348747887540328,0.43719774759854235,0.7152942444492342,0.24321693162900707,0.14184841899100614,0.4972702456778913,0.12562114345000827,0.19047076256696752,0.7040718593875379,0.492049975136748,0.6874585985073387,0.4965535350882954,0.08968002354156135,0.46030019176869735,0.1142457745583937,0.16015137201246601,0.4058926780341015,0.3929870047744012,0.2276939329912464,0.4423143152336146,0.8053552302749014,0.2802063685787198,0.6177397101865358,0.4725201072386061,0.2814592139462837,0.7009147241074067,0.7640024272010143,0.5822381930184836,0.3948957102245499,0.21511627906976755,0.5160416377515616,0.6386996904024754,0.5278845337329036,0.19859346911360898,0.4703107558244217,0.16415144885475705,0.16123854690927863,0.8960517184703607,0.3024352962267532,0.5867867867867899,0.6879183583891123,0.6499612040666101,0.607984875154834,0.931338102696526,0.6682922164849874,0.135065263766858,0.25331368153857087,0.7829793788886433,0.3547620495358546,0.5365378965922457,0.3389927236410337,0.19148332821324704,0.5803249097472906,0.1523880028986565,0.47329232761411627,0.23569685154199227,0.5103824013157913,0.6033972125435546,0.06773489806665149,0.5869473089419405,0.24914903557365198,0.35923768342241724,0.43771803816950744,0.591302870732122,0.4580522184043535,0.574821852731589,0.4921165529232959,0.36712673117055644
1.0,0.0789597841061354,0.7660532186105811,0.12911392405062969,0.2976231723373293,0.4753876024326872,0.7504664207449362,0.24327317019156258,0.755443710074389,0.8267831562823545,0.42138373234040855,0.23935250667924027,0.07820313140421312,0.13586935857952198,0.8634290163017255,0.2628930817610061,0.40108544258200945,0.227869858809089,0.10022982635342072,0.1252848439752601,0.2151636196036265,0.37727724412056973,0.22596464755335074,0.6240909666176656,0.27554482746772263,0.21822869275098464,0.11461803090700588,0.07690261788061947,0.5210064456006837,0.9452076081551469,0.388509153716689,0.1104400533928537,0.03801629031631199,0.06094187933323466,0.09019570466387064,0.8301136918917154,0.46723921765295856,0.10342428937300349,0.1777090250528223,0.27224199288256395,0.6288468404141384,0.24453567069788137,0.4352226236332753,0.33914209115281446,0.40754548557326264,0.37344349365594603,0.6530670684729775,0.39712525667351434,0.27917079247452675,0.21565215387097522,0.636963219986121,0.3280701754385956,0.3056218309917027,0.1772584500503745,0.10966475820100072,0.8617002277090678,0.8734756097560975,0.15340224259468951,1.0,0.2253453453453492,0.1656973554263126,0.18588225931599814,0.5239246365473628,0.0591796130889392,0.1630012111939828,0.0930686625447445,0.4539257530629171,0.9219625886560439,0.5493078357452672,0.46381095769682906,0.24969325153374286,0.1578561807311477,0.315626611655491,0.5452862944638788,0.16251213985108534,0.5035537202769294,0.19171463815789525,0.19311846689895526,0.28104014644299,0.36240994490747247,0.15377427751451597,1.0,0.306895136466244,0.2536096483777797,0.4220109854280048,0.26951702296120295,0.6655229177805936,1.0
2.0,0.43639245881220634,0.592083598895263,0.5002344116268183,0.32005405030836404,0.3226736715872428,0.4401614089248927,0.5721404052707346,0.47874229141893165,0.3185357482235807,0.4825857271517481,0.551626591230553,0.2141159111402574,0.2958062431086274,0.19703567316032045,0.6394376618571938,0.6540031698765675,0.607489257213012,0.24782941777323794,0.38078407664047054,0.2941696113074203,0.4224577674726734,0.5999676654451394,0.22774754427126434,0.13694346851296685,0.4865028814073391,0.1261125976082565,0.18051597705080108,0.5650384406305818,0.49386499254102423,0.6191357085727469,0.39915534256767077,0.024851893596584084,0.4577555686679447,0.1322277290634134,0.4895158050189487,0.6441825476429291,0.382173459385968,0.22815424086930255,0.7436574446102634,0.690860406997502,0.2736602685010532,0.4995813096633732,0.4789991063449505,0.2551392790569457,0.44716435526704046,0.8696061252735713,0.574845995893224,0.5712141054716195,0.20646737502016732,0.26357807078417744,0.7784313725490167,0.5453830750645787,0.1994725509176034,0.45551114471931187,0.3003862124391659,0.5538537230610401,0.29192081522334645,0.3860430446392345,0.5627627627627632,0.6920882256117642,0.5151901000736129,0.6339109459547558,0.4166278626762053,0.47348122649327506,0.1356437791517517,0.32503249710852533,0.772685566561518,0.12364708743767479,0.8049904524089322,0.7264802396918253,0.18238532977290411,0.5559566787003598,0.1374411536235813,0.458770753364474,0.6733494005495602,0.4710115131578943,0.5371951219512195,0.14949722911808208,0.5790365870885713,0.2494160048054468,0.2781414529657884,0.5471988508105884,0.5863767623577356,0.4565222843670833,0.582739509105305,0.6874660559187951,0.35550654524758135
3.0,0.09423653965917463,0.7336015508816663,0.6150023441162682,0.37944009424156344,0.4378836764411956,0.2558294996687957,0.8364522201306618,0.7224302425264784,0.34090232175528656,0.5140940679902677,0.7373880245167377,0.3199169330819463,0.42950838371164596,1.0,1.0,0.7438223428269536,0.8937998772252886,0.34852740892066736,0.5037436636748379,0.39821785220463896,0.5806227227558787,0.8276029316663054,0.46482150332460376,0.6331122812744281,0.6210191082802565,0.1353956205973897,0.24632394847828604,0.7500711863529286,0.6868162605668823,0.37494663807612516,0.527123131797195,0.0685425885723487,0.7325011063578697,0.14233066463337132,0.6361696582727958,0.4165245737211633,0.4760489455212322,0.24029580440688192,0.7933647112845825,0.8781863620135676,0.4056917785421052,0.3464044468901272,0.6476020256181111,0.9053663787445198,0.6841664207730896,0.262117255626538,0.818993839835733,0.3201201009358934,0.28074077488648685,1.0,0.7735810113519066,0.33620044979030783,0.3135852709349876,0.2581829966511833,0.36267133991159534,0.20366337591947348,0.3660287081339719,0.38091958144230625,0.7890690690690689,0.9496323932843206,0.6816544973439711,0.5819179868309539,0.536892012022182,0.6955122075604001,1.0,0.24687567169220295,0.9010601889989479,0.7040516437634282,0.39644535840188166,0.189798830075618,0.2576978519271213,0.7787519339865898,0.18560785765302665,0.5225916847800954,0.23908171254010413,0.7786800986842124,0.8833623693379807,0.1304044735324356,0.7880703489193386,0.565440832944002,0.3970131924008573,0.5542786784321776,0.8712417190419544,0.49424393669584343,0.6799683293745055,0.26968335698016604,0.6597894137734774
1.0,0.09431202702447694,0.9302634374336103,0.7785278949835929,0.4477998752685188,0.355395026125689,0.2539638166890507,0.80179382128225,0.30321064129863606,0.17524501113364613,0.4995093624400143,0.7884645607417883,0.25896931442467924,0.33297213033724943,0.41383056506925353,0.779504254532,0.7183612698717651,0.7697974217311208,0.37738338440585634,0.38980607357113056,0.3427945921032411,0.5740973832394825,0.671049795214485,0.24039369542148956,0.12394234320909175,0.6936609038519862,0.1397185969893881,0.23230365895360902,0.7034247107245475,0.46274241670810534,0.3964778676820564,0.4130287314820895,0.5565025234999196,0.49083566897772546,0.18547464735036254,0.4625153380894983,0.0,0.4533468239162745,0.42026109266525813,0.5277809665939627,0.7724027133166735,0.38777321646510615,0.7125312023988953,0.6242180518319947,0.33899551051484716,0.6060076718796108,0.1268962507925902,0.756673511293636,0.432874437026863,0.08135501417475277,0.27110062456627343,0.770072239422082,0.21821130283050133,0.21196736532269247,0.25015303734111105,0.13069830780908123,0.3376484062459674,0.3614083786843935,0.3815517583008594,0.7610810810810843,0.8227806430374182,0.6326721445198259,0.4457943803377013,0.6333657875799015,0.56820934531778,0.1540658784394545,0.20259772162004394,0.4978668970551792,0.36366492358830915,0.7035289365452414,0.35833927807105226,0.219155422170759,0.7577359463641037,0.18632730836804604,0.5479813161910929,0.2449303839245965,0.7360197368421061,0.6479965156794414,0.07635597682991048,0.7574163017375332,0.3128211973570056,0.3809781194322667,0.5722347629796833,0.7965007643961253,0.49537257655940414,0.7833729216151971,0.7903613544793557,0.4139157655093916
1.0,0.09324576798958305,0.35561397917994525,0.7325832161275203,0.4160349248146347,0.603674728035862,0.2769961896311781,0.9617982504706019,0.21665330051713141,0.3154864056051168,0.5645558049816518,0.9167059563099155,0.25489794245429914,0.5195429831565346,0.21455699387538216,0.7361450240473553,0.7957470822727063,0.9704112952731708,0.42339121552604597,0.5710365995442503,0.48601935781225963,0.487148062272276,0.6834985988359554,0.2864416514958282,0.14612199668421924,0.7914771003942985,0.15352481843499133,0.31266385500969013,0.8715798193160934,0.5631713078070613,0.4237795453318748,0.7083962449944203,0.08505499508625426,0.5077998229827407,0.1717816749269287,0.26458068649488,0.36539618856569706,0.5970215322351151,0.24063537579233304,0.955229020778326,0.8781863620135676,0.5158104959502929,0.5114322399534249,0.78760798331844,0.40204520990312176,0.6660961935674243,0.7137880017181315,1.0,0.4661577283035739,0.22100513978841593,0.4118195697432339,0.9054695562435496,0.2242733366387351,0.22064953280259197,0.2845414281084589,0.18587310800553622,0.2041876371144666,0.4728806749698682,0.33481784814545723,0.9624024024024015,0.8880719850762626,0.8653283727592865,0.4420053458504469,0.9136011514202259,0.6409128577803279,0.36058683154355126,0.49578817002896536,0.6741208066276883,0.46522964043941806,0.6934121621621641,0.21736338992723675,0.25157738024907206,0.9631253223310974,0.18974209255889848,0.6959256347407853,0.7369172436025362,0.8157894736842135,0.8301393728223007,0.10080995009904947,0.8733931346235346,0.31255422812520783,0.5081176305727386,0.6860250359121713,0.8622388313232535,0.5256452057886686,0.9892319873317497,0.688442803433773,0.5178334281919938
2.0,0.0,0.3153680688336524,0.4265353961556467,0.32966530385974635,0.2519487194129568,0.23549537833255327,0.5556416786623857,0.4805398080805291,0.2881699689392538,0.46351135187450404,0.5239666823825256,0.19624559390113946,0.29430439907227846,0.16409476136488094,0.6117647058823538,0.6559903462850007,0.5756906077348088,0.21552604698672118,0.32525694089197005,0.2817253034260257,0.36902947996025215,0.524951498167708,0.22599519076314975,0.17851099104051957,0.46784956020624957,0.11543712117075307,0.170941145180289,0.40798840309595935,0.5060293386374941,0.5043302894547028,0.33534650648810654,0.05427329309799176,0.36797462752618393,0.11805820307535929,0.2082233877360438,0.23204613841524502,0.3016093843867586,0.22627527920313903,0.3979451268511096,0.6515173152445556,0.25884833018972664,0.8234323037538573,0.4279862972892458,0.30997138281393605,0.4654234287400415,0.5940438123419085,0.5374743326488722,0.3795956175935094,0.727222439901353,0.8702567661346293,0.527244582043341,0.3173706168044069,0.18803461014203604,0.10775629253537859,0.10790507657275532,0.17777293844367031,0.2578436027612411,0.20620288159421793,0.5172372372372381,0.6350268846702487,0.396056741539502,0.6660668883238803,0.34860093976209605,0.45330528463058567,0.01535777560834494,0.7649461110940527,0.33339360939770785,0.5092170335238559,0.5005508225616925,0.3503495505778289,0.1570999834581844,0.5385507993811236,0.17881999655914874,0.35994080377375987,0.22781419338992664,0.45415296052631904,0.4490418118466886,0.41583289450588024,0.5057917784997876,0.18347460455182682,0.17050027025403916,0.4110404268417816,0.5539323934092036,0.4544154899551054,0.5225653206650832,0.7142213596157007,0.30136596471257876
2.0,0.026373398252467616,0.6334183131506275,0.3739334270979823,0.23087104150786494,0.2838134939896637,0.23094359803343642,0.36717971431735175,0.6462155360747771,0.04064844625356334,0.4746011049426695,0.47697626905547796,0.14949312785200927,0.22518155203224247,0.1766044929651261,0.47561968183499786,0.6937827193698674,0.5294045426642101,0.18220122574055064,0.24057108310468325,0.2659394684283308,0.35869493209672115,0.5652080189696055,0.22970433902199192,0.11643459063850259,0.4146193509250829,0.10870237900216602,0.15859265169649414,0.4936708860759487,0.5256650919940329,0.4170473559473401,0.2638132125429444,0.25136724280566547,1.0,0.06986275257338911,0.21936997100693886,0.3923645937813431,0.264204635279982,0.19507244189556283,0.3930088393984618,0.6611210282042124,0.19116831243759091,0.6054501519247792,0.3895591301757512,0.2348315786710074,0.4613632339923284,0.8977166583714574,0.5301848049281308,0.33516465966077846,0.20710120543019803,0.4718667591950034,0.4533539731682139,0.3810616913978288,0.16326228245194696,0.17338230528248869,0.013350002232441564,0.12416118208801133,0.24082325870192514,0.36173725974920495,0.4821621621621627,0.6111050148140036,0.4004735093408675,0.8250055414303412,0.30140117681920237,0.36370880346783996,0.08132660809198365,0.4404560854034244,0.4689477808362301,0.1962027240666422,0.667707109283196,0.6058924240262519,0.1456152373750503,0.4810469314079426,0.17721426597780118,0.3769134717661756,0.20838770090416475,0.4093338815789492,0.41541811846689786,0.04850171769603042,0.46743890379997094,0.21858105853300427,0.19372209877284696,0.3463985224707578,0.49566842194666205,0.44501015775877184,0.4687252573238313,0.54973623606977,0.23344716372604823
3.0,0.0989356281492388,0.5778229233057153,0.5959681200187531,0.6019957036934375,0.3545812751620363,0.41874555608899383,0.7465396966005998,0.49738668731506336,0.32791070390174,0.5037570739182451,0.7072135785007088,0.270063119927863,0.3022508649861226,0.7146383988964438,0.6878283388827224,0.6093367273425869,0.7464702271332079,0.33235444330949937,0.4411942519648431,0.3127976647718551,0.49837694600861254,0.6168355248976055,0.39012256739259515,1.0,0.5976645435244163,0.1412384644787853,0.20091948782248562,0.6478475835468925,1.0,0.37425477313208777,0.46469288168231204,0.12105026456495313,0.4600973594925507,0.14004320752319196,0.45459925508464466,0.30905215646940765,0.40408511714674233,0.23064443102927865,0.5046492939960967,0.7812566940378439,0.3338511039609446,0.0,0.7552129877867145,0.46169497755257455,0.5701740926527002,0.0,0.6787474332648887,0.40278531957709146,0.2135086546661443,0.7974739764052747,0.7841073271413805,0.5298677747980463,0.20056893384168648,0.23839616866515465,0.20359869625396246,0.28368176538908263,0.37132473793783605,0.3782682128265855,0.7496696696696729,0.7919455722594114,0.6012175954479438,0.36771106330269243,0.5736358633535117,0.6985401925160959,0.13034674765882026,0.3908762448695513,0.9574718879133088,0.9214601321496618,0.21548178613395974,0.5538878584676852,0.23796582933572755,0.7048736462093876,0.269178835636792,0.5353096240114705,0.27896320402806124,0.7006578947368441,0.7269163763066218,0.08031796183454941,0.6598742760276864,0.38270039377961623,0.32724761275599107,0.5977837061358489,0.7271955155427218,0.4714955732236458,0.7396674584323014,0.8039263566054659,0.4483731739707834
2.0,0.09210402158938684,0.5621016571064383,0.4809188935771213,0.2937079897443003,0.2966193644176684,0.23352638391744798,0.48654634038312516,0.6945549072204859,0.29374388358602643,0.4661728926108638,0.5216093037875218,0.19277536410088233,0.28968480285920684,0.26192287540295484,0.6274509803921553,0.5096597185533842,0.5790055248618805,0.24523323118828733,0.336325163930616,0.7258795513903827,0.4167936402782378,0.5917762448803614,0.214527010582268,0.11435148995387123,0.4423718531998782,0.11851326016126977,0.162392188153046,0.5493774429862027,0.4033254599701643,0.6183457067572147,0.3678417470841809,0.03188104848784336,0.4558563209912969,0.1124666412504769,0.4660010207294959,0.36507021063189465,0.3859360672842821,0.122743736794446,0.4283090345540141,0.6662263477329523,0.25307888605347817,0.5466979288784682,0.4554661900506414,0.3112840977710101,0.5072646798465625,0.7276694097674393,0.5380903490759764,0.38413134442776364,0.1931223638417038,0.36042748091603044,0.59969040247678,0.7467012181592564,0.19351652476245043,0.22208418854200407,0.19527168817252297,0.13354949025680754,1.0,0.36588886896955114,0.5368168168168179,0.6410622188082938,0.4893659351809479,0.7830393115587719,0.3683274774584103,0.4830114107222546,0.1288462233792529,0.3812755243037432,0.7776683878831716,0.2870961530666017,0.5153679494712108,0.33465544300185496,0.1863553654559627,0.5336513666838592,0.13430789362556247,0.40651158488646505,0.38222065302488384,0.47080592105263436,0.5121951219512182,0.09995737104741827,0.5528323209492869,0.2168457585263305,0.23536123956519162,0.40549969218140824,0.533548496687616,0.4526096661734087,0.529849564528898,0.6349195656841651,0.3453329538986909
3.0,0.09377417954669837,0.0,0.5874355368026238,0.3469406139560664,0.3372069782714212,0.4432364434126803,0.6648211715203216,0.8914023395370699,0.30724608904080425,0.49501969271302426,0.6666666666666679,0.21805065989015462,0.3111668757841913,0.3210850845280136,0.7563448020717701,0.753001777052015,0.6793124616329028,0.2788134150493689,0.38250476677672945,0.34594407743124866,0.4381583305730376,0.6289609829704665,0.22829272091823294,0.11450611186035921,0.5865938732180788,0.130999836181947,0.2019073673011906,0.5801558333980485,0.5093610144206863,0.811488883545882,0.4023939254688282,0.08315057160465707,0.4959249151792299,0.14245774558393698,0.2617465333203029,0.2653084252758259,0.4179340436968414,0.23057651675218827,0.4844449546550339,0.7209210996072829,0.3137690003328533,0.9896882551379279,0.5403634197199896,0.28907296069731453,0.5238123340218355,0.6273155565858286,0.6064681724846018,0.413901044494842,0.5511155415216539,0.5182678695350458,0.6816305469556246,0.25992236871300256,0.20442109006143697,0.2284577436894602,0.21159083805866827,0.1660617499032134,0.30013879250520514,0.3763716822509269,0.6693093093093089,0.7436628991550507,0.5247199729423232,0.6278688310841645,0.45836684587055065,0.5339453050296425,0.1414650902122427,0.6061862212259854,0.3487840978347498,0.28697454294864,0.9361045828437153,0.3252817805678416,0.2162960512323656,0.6493037648272284,0.20152440137008448,0.48910881931276934,0.2969620680656401,0.5809004934210553,0.5720383275261325,0.07639108302615412,0.6123039977397932,0.2290596008809991,0.3229235481352477,0.5344756823312109,0.6847290640394065,0.4695392641268091,0.6413301662707844,0.5697721904826055,0.3719408081957888
3.0,0.1007945045198063,0.5760038240917791,0.6461322081575247,0.4065137551105259,0.5586186220483683,0.2986733596271065,0.9936884065994935,0.4132960924753182,0.33101677847589595,0.476294812683989,0.7653622505107639,0.23154903407383073,0.3113379719402304,0.7494057433462497,0.6774694783573814,0.8961985495413294,0.8340085942295867,0.316862444671432,0.46453983165139856,0.3239744968505153,0.4932427956276919,0.6188294891140326,0.24419046135573716,0.14413768221762185,0.647406733393994,0.14035566719452486,0.23382347353622976,0.6782635707074622,0.06658378915962213,0.5971039809221926,0.46486794021750993,0.06899787348631653,0.4783338250479423,0.1513534121235224,0.38566743764320066,0.39583751253761185,0.4549909887121763,0.14729852097796547,0.5308804959246939,0.7475187433059618,0.3675801619882402,0.4433571787448856,0.602025618111411,0.37204967313397574,0.5565889642962525,0.9140934472390592,0.740041067761809,0.4817133548407698,0.2145746421739232,0.12615683553088142,0.7782249742002068,0.5118076804023459,0.18579245767566854,0.30985560476756324,0.2291601553779522,0.41975577493870186,0.3671427006099572,0.3833256276950074,0.7654054054054049,0.7947986393064863,0.6133338638760121,0.6407718886498469,0.6354823688777899,0.6715433161216292,0.15036880355786963,0.6584681835395755,0.47620769792315487,0.040739389517207854,0.39075352526439655,0.3570409473534033,0.2072216839568019,0.7568334192882912,0.2998441190117457,0.5668038662535265,0.24050166556652303,0.6485402960526345,0.7580139372822302,0.08885879786353715,0.7060319254131942,0.37248882066341915,0.3576762156427048,0.5649497229632688,0.7773059283166306,0.476486669509167,0.7773555027711777,0.531906383802832,0.4075128059191812
1.0,0.0763554700032085,0.7926226896112174,0.28963900609470183,0.28772087866398727,0.2983182480084513,0.6472279111035484,0.21082936551877274,0.7949503608860377,0.21919809380628866,0.3922277633648329,0.25051076536225125,0.061138891165942066,0.1296908862780886,0.561090768078575,0.18372179060303417,0.5344363863407138,0.21276856967464994,0.04056009533537544,0.22634051062642618,0.2215778153326165,0.25760185491884746,0.4347380901056259,1.0,0.28544921958887753,0.25189566272368885,0.09028194907078735,0.11508795926897049,0.3121845150267921,0.13918448533068156,0.5411021752037569,0.06334930742467017,0.0,0.40271426464080257,0.08981446181217444,0.5424905799698125,1.0,0.17089828311253102,0.25419559311801976,0.27740787510044757,0.518136379864334,0.1391878397869746,0.8805257155617227,0.1586982424784046,0.5793011105568537,0.3360283269401003,0.6051912102596968,0.4798767967145817,0.1990289711566105,0.2944199875538755,0.7096960444136019,0.0,0.7015578303781034,0.3079947057545287,0.0,0.4218198865919542,0.2634291521486644,0.07153292669564333,0.34607437041789674,0.19363363363363248,0.5008230001097339,0.1197700097487218,0.9819910033248586,0.0,0.33938930324472594,0.10516324981017434,0.48085485307212755,0.5639361609504858,0.40405468401637695,0.4858438601645117,0.7423312883435593,0.09903821159344975,0.32968024755028263,0.1711510690099211,0.09624011469268835,0.1988932041815697,0.16015625000000377,0.03362369337979078,0.2334762657037538,0.27027122474925824,0.16819061603150445,0.09032490541108695,0.06966960804432672,0.39340920672668345,0.27724411226204465,0.17292161520190016,0.7403240949297543,0.08333333333333369
2.0,0.0922927400026424,0.37561079243679685,0.8457571495546188,0.1535167348070127,0.3685006995403019,0.2517213508274029,0.6541911194773576,0.45882027598794306,1.0,0.5194843600876425,0.7023416627377034,0.22057818946908206,0.3176685297136992,0.27899720854782323,0.7224565297817236,0.6154903702992179,0.740331491712708,0.31860742254000546,0.47965400176719625,0.31429559072054114,0.5918847300430601,0.652619098943736,0.2339781345223374,0.12810424952539662,0.6305732484076436,0.14172991863703352,0.23040389072533224,0.7095596800497007,0.4576765290900051,0.3750349612604701,0.5314120659095387,0.01886101039937374,0.6849830358459946,0.1701296225695768,0.4208934640735796,0.6167502507522556,0.4737724096499821,0.23404014488379096,0.4942027321777066,0.884826847554445,0.36497281704205153,0.4543946535237773,0.5919719988084622,0.33437475386594595,0.5802183534966068,1.0,0.6495893223819322,0.4908486919858175,0.22291815520778116,0.1639694656488555,0.706191950464397,0.6414031704464211,0.26577902451551744,0.339436822584711,0.13376791534580518,0.4168441089172797,0.37296833339420793,0.37953256654369094,0.7147147147147183,0.7762537035004952,0.6709905894992344,0.7337662168329097,0.6780256529653302,0.5522725823930642,0.12963264273059247,0.239567660515245,0.45759578871230283,0.06759495723377518,0.6444073149236205,0.3511627906976744,0.20561476475175425,0.712609592573492,0.1356216731921193,0.5835915460389414,0.46296608998664485,0.6077302631578951,0.6163763066202096,0.0787080919782342,0.7189927955925967,0.29259827804845684,0.36762556803395197,0.5653601477529242,0.7129267878376059,0.5088410122645524,0.7070467141726068,0.591374309014285,0.4450768355150829
2.0,0.10005850270810931,0.5196383046526452,0.672667604313173,0.4009909223200053,0.5994489335579477,0.48312073460507693,0.7990255785627298,0.6928292912253535,0.3680769285319184,0.6267121906630998,0.8231966053748236,0.31398748531300347,0.45891791186646913,0.13419395708327284,0.7996300406955223,0.952115652466261,0.8338858195211759,0.35537963908750375,0.5853601823001457,0.4486480258104168,0.698211328254389,1.0,0.26222023189478066,0.11649472137991464,0.72581134364574,0.15877609712590313,0.2977696721000037,0.7885635888276256,0.5945300845350571,0.4304332252192137,1.0,0.12676908726479266,0.8583493140581204,0.1715275130257974,0.17400723197706636,0.4096664994984944,0.563569102349258,0.23441744642318135,0.6165193433589726,0.8787218850410565,0.44058582048152795,0.4916461309025372,0.6768692284778072,0.34449578618498805,0.6426438477426972,0.878176326608532,0.7367556468172517,0.5626856613536901,0.21772074584552978,0.09897571131158969,0.768317853457172,0.2629684516749347,0.2793208352264873,0.440045371070541,0.2067073715229715,0.15981094334752868,0.5593885824902304,0.3844578847551018,0.8194594594594611,0.8431910457588073,0.8045082864134655,0.20416715561640275,0.9042458620835632,0.850831899024671,0.20048269877427047,0.5047133601498447,0.5207517094961587,0.2591106246706392,0.6791458578143366,0.37078042516764154,0.24642578632700746,0.8033780299123258,0.28643001256432044,0.6954169171715311,0.26995993429838955,0.6877055921052625,0.6930313588850174,0.10835778229143143,0.8698615623675651,0.28285390108789993,0.48827898224330885,1.0,0.851707151350431,0.517694564972034,0.8373713380839243,0.45681470847033767,0.49418990703851245
2.0,0.08501764517163943,0.45566443594646355,0.49957805907173136,0.22037973806389038,0.2997601576107126,0.239846612904206,0.5528734359428655,0.5595531097038243,0.29872211269803,0.4736063876977675,0.5458117240295475,0.2083777358799902,0.2978023649290901,0.23726751466030427,0.6233074361820208,0.8335994908986121,0.6071209330877847,0.21552604698672118,0.3362786587917979,0.28956060838838565,0.3970520039748262,0.5868721707264479,0.2327028105803207,0.8654789413553469,0.4895359417652433,0.0,0.1689273908583166,0.5437084206984024,0.6041335156638489,0.5831489177956501,0.3344712138121181,0.015002193140744016,0.39353149432069595,0.12285550895920698,0.40006080941677247,0.32948846539618715,0.41268536377146053,0.3541050407485662,0.43594306049822157,0.5976079971438777,0.26239875735049306,0.8986769385362582,0.48033958891867923,0.4348237023812653,0.4884626733549721,0.7308806785254074,0.5733059548254659,0.39061551729645105,0.24643902551455513,0.5889354614850798,0.5611971104231164,0.47295368693827566,0.17100610418600976,0.1573223866623457,0.1956735277046033,0.16151277584204415,0.27997735490704606,0.36765330288819875,0.5753753753753784,0.6691539558871958,0.4116149055965622,0.8713318990807748,0.3874190407653561,0.5092433224963356,0.1329591061937303,0.7261645223692691,0.3918747865222717,0.6519417082167904,0.25684856051703797,0.520331002996148,0.18968735968995934,0.5603403816400195,0.14920260879085356,0.4061416084724611,0.21772868919147098,0.497327302631582,0.5154181184668994,0.07742922340078728,0.5487356971323635,0.3738904091303486,0.2225291774267819,0.43012517956084784,0.5789026668931527,0.4581525419477817,0.5583531274742664,0.8560560450987901,0.35405995067349677
1.0,0.04063107437392674,0.3483906947100067,0.452320675105485,0.3113089875961472,0.2642263655312225,0.2868472388499614,0.5312811427305979,0.8272558834103043,0.2815890620789424,0.47431882031911615,0.48593430771648627,0.19941525261633425,0.2593057298201591,0.07260143805669934,0.5757306696263426,0.0,0.5559238796807839,0.1980762683009865,0.3237687764497977,0.278114917806115,0.38651871480622746,0.571459366242725,0.1394483980568347,0.2854320393770456,0.44206854716408944,0.10282313110904807,0.14985371784642398,0.5537003960549812,0.5067317255096969,0.6414324057763364,0.34930742467012377,0.05408451642634657,0.26956409499926226,0.1206315923243108,0.3269049092745219,0.30119107321965755,0.27337401587251337,0.22364171445819506,0.3242452072092764,0.6618350589075326,0.2561855098191506,0.6776084407971859,0.4458593982722677,0.2090761112132115,0.4800354086751254,0.7015906348221526,0.5455852156057495,0.3857923148177718,0.2646818171341647,0.6116197085357392,0.5890608875128989,0.5655140675890746,0.18798522352383423,0.1993086313060388,0.18070500513461635,0.09944025035488442,0.23337229263304007,0.3644452412179308,0.519879879879882,0.6466586195544831,0.41523585937966295,0.48842558185018575,0.36959742623714187,0.4297826225537069,0.07950970821130258,0.8722838046693489,0.5775183674562834,0.6291702136284405,0.8033379847238564,0.729062633756599,0.158517853344991,0.5208870551830821,0.1779180764598855,0.38727281135827674,0.1414503476966058,0.45795641447368496,0.46193379790940964,0.05614483813535935,0.533302726373781,0.23366482012948125,0.1982663703881649,0.386517545659757,0.5274333276711404,0.45025206290286135,0.5024544734758496,0.7896498444361179,0.3141481692278505
2.0,0.10180414803072357,0.5933051837688552,0.7988748241912816,0.44902640149677775,0.9287325471832794,0.0,0.977411139408703,0.45931804983269275,0.39384741940516504,0.646324250937588,1.0,0.35997486132743123,0.4400212919660854,0.5239019942750068,0.9449500554938933,0.8905732193458533,1.0,1.0,0.6676742780077216,0.33822399754186533,0.7926796952633319,0.775652080189696,0.2876780342487754,0.15704431635642063,0.8398544131028219,0.17131727916416384,0.330483680990919,0.888017395356061,0.5114992541024368,0.0,0.971224753276877,0.047538407724297245,0.6439924767664844,0.216482399288347,0.38022173719473146,0.12718154463389986,0.7494861985012807,0.21457893148204046,1.0,0.9551231702963237,0.5201930544768673,0.1790319879417191,0.7768096514745304,0.542374438814356,0.7024727058129243,0.6536670507462276,0.9929158110882994,0.6799437825406458,0.3591052619448221,0.4959167244968769,0.9434468524251769,0.4203649273131193,0.3792299638489958,0.5565517986388682,0.21522971826583892,0.18695154213446907,0.9607545929361928,0.3962522291310868,1.0,1.0,1.0,0.7341391224982076,1.0,1.0,0.36942726976895546,0.16272095474969517,0.9448206117350799,0.6422787709270741,0.1638329905992962,0.16711371094307378,1.0,1.0,0.15882135204600314,1.0,0.8344104508542746,0.840974506578951,0.816202090592337,0.10988239424258386,1.0,1.0,0.6235261145476755,0.8253642520008203,1.0,0.6095658498658169,1.0,0.0,0.5714997154240179
3.0,0.09071694125195803,0.6044455066921615,0.7494608532583201,0.4191532118356313,0.3984096165377036,0.24204046161980158,0.9435278485217573,0.6055142280357289,0.37057313458238145,0.561934590620085,0.8892032060348893,0.24575784900401654,0.40420516330177614,0.24782944612023663,0.8467628560858292,0.5858868450122479,0.891835481890731,0.3916836908409934,0.5521090080453896,0.3755953295437081,0.7119244783040745,0.6780017245095918,0.24959355133909017,0.14463161330779217,0.8140734000606619,0.16396366879630123,0.28830882632318894,1.0,0.32362008950770765,0.26329631937663484,0.7050044858749639,0.07978590504533414,0.6354919604661451,0.16628542381497033,0.36122422386552416,0.1949348044132386,0.5706516583931446,0.23715665559915464,0.9070141200780623,0.8187076044269902,0.4872961278153771,0.52458310405053,0.7354781054512958,0.35281839901283835,0.667123045146061,0.5764056971044034,0.940657084188915,0.45973743891142566,0.19890174476225606,0.17069812630117998,0.870794633642928,0.4515133170254671,0.20986349538729,0.5016744085556881,0.22401437692548087,0.2006549232158988,0.46318346177727504,0.3931856995933304,0.8963363363363347,0.8731482497530976,0.9242186101108172,0.6737883825542734,0.8915040426702787,0.876521960859311,0.21477383664171784,0.7743625960839708,0.5661797700133278,0.7367901009363983,0.6365121915393654,0.37316307604508586,0.27447597892100056,0.8931150077359444,0.04021103887640562,0.7070711742126451,0.3150990896949788,0.7565789473684242,0.7667247386759576,0.09748489179768789,0.836876677496821,0.3232997397050005,0.5635096991171706,0.5212394828647675,0.8321725836589076,0.963833362594366,0.8266033254156739,0.7976195989441021,0.5184262948207178
3.0,0.08640472550906823,0.3685734013171877,0.6048757618377875,0.3634675351673479,0.42299346143962524,0.1504032184550686,0.936884065994906,0.800293133486353,0.3254570468180465,0.4881238826233649,0.6487505893446477,0.2770992157827145,0.325976198623627,0.49718930663643324,0.8617832038475752,0.680773017626435,0.6790669122160811,0.3658495062989446,0.46044737943542874,0.37190812720848143,0.5104670420669097,0.6251886182366893,0.2420097547678615,0.14522433061599646,0.5808310585380659,0.125448224394328,0.19951365933356216,0.6693588051047082,0.5100136747886626,0.6536013778416759,0.44025033370533245,0.06487254798536417,0.47606579141466293,0.13715211589782672,0.27615619333051006,0.34212637913741123,0.4464855977487594,0.18540597645638385,0.5230742739065557,0.7965369510888973,0.29884611117274956,0.6603105486039665,0.5736520703008652,0.3370001837800941,0.5643434641487168,0.4810221516182479,0.6260780287474363,0.43811288210304433,0.1970924470463503,0.9332907702984047,0.8076367389060847,0.33386931975379325,0.43026609509887204,0.2462100752583634,0.0935281510916641,0.17527261582139622,0.39444464735746404,0.3482917071605817,0.6635435435435426,0.8660155821354106,0.71195511608937,0.7154886237694765,0.5959869618592051,0.6295658825779317,0.14981740608164298,0.15463506003009214,1.0,0.3663859499777048,0.5769682726204469,0.1732201455271794,0.2190845286764182,0.6476276431150061,0.35418350163961776,0.593118438699533,0.23885144988717122,0.557051809210528,0.802526132404183,0.07997693021389693,0.6739299336064416,0.29106320496562843,0.3660440814365507,0.7198850810588968,0.6898250382198035,0.49920995209550756,0.6598574821852684,0.1865966664280935,0.37922121039650897
1.0,0.08701806035214871,0.6061849373273858,0.615939990623537,0.33639387429838546,0.3304685492390713,0.2492418763787519,0.713542243383902,0.7353225851055002,0.3061823648715728,0.4901267592381002,0.6462360521766461,0.23429516080553045,0.3100072240599222,0.5972405177951375,0.6520162782093952,0.45745881561884705,0.6744014732965007,0.2789836567926455,0.3424638422545697,0.297703180212015,0.4412056972507448,0.6068657038154774,0.1882027667714833,0.4238186456839014,0.552168638155901,0.12185332823677174,0.20464303354990762,0.5705780331857832,0.5084535057185482,0.504600165851313,0.42386047834744767,0.2727434247419589,0.45498967399321383,0.14055153132545453,0.3613328121097611,0.3978560682046144,0.41508837385777947,0.4840778750377301,0.42147859028814194,0.7355944305605149,0.3511039609453002,0.47677265513473815,0.5745457253500155,0.2985376355378193,0.522844496901741,0.49883071636519777,0.5949691991786447,0.44242501676941276,0.2661914859289649,0.88922692574601,0.6684210526315751,0.36424797087594063,0.19286462140218505,0.2362176371034537,0.20078023842478904,0.2723738546909278,0.3156799006537858,0.37364482983119934,0.6965765765765787,0.7162295621639397,0.5194278097208679,0.2011656561705457,0.4597214579011982,0.5013386880856763,0.13566185775752973,0.6497169936848132,0.5981260841319905,0.435404759009283,0.9182395710928319,0.34565558567556065,0.19372828886735768,0.6677411036616797,0.15215339940462855,0.503722887665911,0.23672535805842526,0.5964226973684205,0.5633275261324052,0.13096617267233368,0.6453241983330972,0.2494160048054468,0.30997137309070544,0.5652575415555092,0.649736708000678,0.4641217927817202,0.6147268408551055,0.6137384590123903,0.39591633466135523
2.0,0.08337579497631602,0.5309246866369246,0.4964838255977474,0.44631695655186726,0.3380207292350739,0.30685319445035264,0.47204074853283506,0.17667099914272316,0.29909087041003013,0.45797319640288725,0.4021687883074017,1.0,0.30082506368579176,0.17085877856946213,0.5646318904920469,0.42639642668459765,0.4748925721301431,0.530728634661218,0.47742175510393975,0.2586418804731917,0.41255382577012273,0.7973162319465384,0.3319541662204656,0.2596101809935318,0.34531392174704273,0.1079560967618631,0.171815038565295,0.5694390515389198,0.5172675285927398,0.13023253531700674,0.34215190704391824,0.08624317766660916,0.4094630476471457,0.09817003431185645,0.6168572390353025,0.4305917753259775,1.0,0.1860926652580743,0.40724371484330313,0.6582292038557654,0.17496948851658775,0.23517636831989558,0.4071343461423908,0.30447110714379516,0.6781823546768961,0.5753080022635695,0.47392197125256685,0.3491870827610432,0.5367218291193215,0.39797918112421965,0.5644994840041264,0.8292659542704057,0.5000098773236407,0.30666882719383515,0.6143959012367725,0.7879484449606403,0.2627196026151432,0.9535963314871255,0.42306306306306585,0.5714912761988372,0.5567116964765334,0.7127374665884346,0.4343224823265473,0.5182954038375734,0.11852333948005901,0.4105894514897488,0.6073483219813411,0.3543009445052493,0.30462323736780333,0.34537023826508784,0.15884868965191262,0.41696750902526913,0.046185607857652994,0.3586921333764977,0.20502586617134597,0.36533717105263275,0.4524390243902456,0.06537275257654403,0.511760135612374,0.2226523393178938,0.2462514763878051,0.3797455366304128,0.44182096144045996,0.4396679290712541,0.40934283452098247,0.573919157302661,0.49250616581293916
2.0,0.06303195002736432,0.5374840662842577,0.5868729488982642,0.4503360820455959,0.5214858807069637,0.038899793984843674,0.7109954600819403,0.8396062055805983,0.30279263051895516,0.5915475918433184,0.7158573000157147,0.22198540864005245,0.31683205961750555,0.27893800489614196,0.6753977062523124,0.7835478603333182,0.7109883364027004,0.3002638747020764,0.35381109612612255,0.35639115071439526,0.5861543557469363,0.6369907307609385,0.2230259250966226,0.1131832355492944,0.6201091901728869,0.12073390487631736,0.21486378661803276,0.7031658512593517,0.22170561909497805,0.703032920013543,0.5714129412022144,0.1610098441482008,0.5900944092048978,1.0,0.24201604934249832,0.3990722166499489,0.692066904859772,0.22782976154542714,0.5900585466651371,0.7547304534094975,0.7162432042605114,0.8894099257522461,0.5411826035150434,0.3111396991257322,0.5956801416347007,0.6068547974718927,0.662833675564684,0.45079375219599416,0.36327701846175114,0.44240388619014576,0.7273477812177475,0.44415834152835576,0.1896347365717786,0.2412408627705158,0.11929052998169375,0.09006807329978074,0.36827495525768,0.3004538463715873,0.6729129129129147,0.7712059694941268,0.7299206175516785,0.5858243692548406,0.6799729077593865,0.533626569771149,0.12926203131214503,0.5725836992456571,0.4332576533858403,0.14602334914264853,0.9316245593419528,0.35942359823084635,0.20816693054800628,0.6887570912841658,0.0,0.5511723627618744,0.2387823710912916,0.580386513157894,0.6793554006968634,0.08237418190024826,0.6423576776380847,0.2838550357071357,0.41160691049586623,0.5272932485122113,0.7130966536436202,0.48421158235308803,0.6793349168646042,0.6907752091376416,0.41303832289888076
1.0,0.06373964407707279,0.5725647971106863,0.9640881387716851,0.36008592613124507,0.343431459326728,0.16619163663545045,0.7074521094009539,0.4936312601974502,0.3228615598451218,0.5602408828787655,0.7001414427157007,0.24573052435991985,0.31477890574502926,0.37094047960878224,0.7134295227524968,0.46921377455453667,0.711970534069982,0.3070309839972746,0.45100683625540744,0.40109847902903606,0.5258363696588267,0.6421642595386927,0.23611016462387668,0.14163796139606416,0.6047922353654835,0.1393636578750978,0.24313233785478144,0.6366648546504107,0.50090129288911,0.5395467057905664,0.5236876080439399,0.0321253477099723,0.661399173919457,0.14048799085017136,0.06716182906038612,0.3372116349047143,0.44850918518986904,0.19335194687594326,0.5119389277924481,0.699214566226348,0.35099301009652795,0.42259013804818485,0.57320524277629,0.3125968127280842,0.567447624668044,0.9023801569499088,0.6374743326488709,0.4733446194141884,0.2228259616935948,0.4338820263705761,0.7249742002063982,0.3766925346313884,0.1921534541000774,0.24271722300241244,0.11972027503683515,0.1697719060523939,0.354961832061069,0.3751545059113252,0.6866066066066074,0.7620981016130814,0.6702743568827966,0.5373779255492537,0.49832790077466815,0.5466309683177164,0.14904002603319205,0.6887954063929743,0.48907328899693897,0.28424844947099615,0.8989424206815511,0.36326152090169855,0.21646146938582642,0.6847601856627139,0.15382169091771664,0.5351246358044676,0.31263527930859797,0.5918996710526333,0.5904181184668996,0.08369317184483058,0.6560248622686824,0.27224187412400913,0.3790963505695359,0.5558177713933934,0.7144555800917276,0.48057485390383986,0.6980205859065707,0.5773083027748892,0.38934737241510226
3.0,0.12418615184283548,0.23603144253239874,0.33942803563056834,0.34056544937980704,0.2297347457385146,0.2953977794118539,0.3268741003211181,0.6060341251624676,0.29201355893741,0.4651647332410306,0.3339619676253334,0.1808208323086589,0.1733204060682103,0.18340107217813192,0.5817980022197543,0.6093967628836271,0.32191528545120046,0.12470207694926648,0.19773985025345348,0.24416192963588848,0.272573699900629,0.3621470144427683,0.22219842482890215,0.7736507091132433,0.3040643008795865,0.08525819545313891,0.10786884000152107,0.3826201755067169,0.5962891596220786,0.7901735550572386,0.19755355697061178,0.033258007739843456,0.08207331464817792,0.08431821070021608,0.5227220901065252,0.5706369107321972,0.2748284693458126,0.29442348324781165,0.1812076684651608,0.5538736165655133,0.1497836458448914,0.9017313842301269,0.28239499553172615,0.27183701331092963,0.3921628799055772,0.43268948871965146,0.47392197125256685,0.269204970134475,0.11545509023440198,0.9171908396946564,0.4128998968008257,0.2808778854924821,0.051174413780842073,0.019876849951388036,0.4843673259811581,0.6420183249451544,0.23541765586763636,0.5744506194389665,0.3130330330330352,0.5345111379348203,0.24883114816067492,0.9861972749201382,0.1234390212928082,0.2968700197615859,0.11742054452760575,0.36380385052353587,0.5816908105791183,1.0,0.7408747062279692,0.6541304037665869,0.11378405841623866,0.3107271789582266,0.17073399613164908,0.1984923461129357,0.25914526503231344,0.2682976973684211,0.22081881533101072,0.3992376940244238,0.3458468710269806,0.17673363144897722,0.1400516485496367,0.19546480607428723,0.34635637846101436,0.43066389104863123,0.349643705463183,0.7008794937753395,0.7126968317207361
1.0,0.07136386797259835,0.5195188017845772,0.38340365682137617,0.2594137620400528,0.17988179196527979,0.3570868606085651,0.38965784519986724,0.5188905174082571,0.25871190094600527,0.44267605823128514,0.3718371837183716,0.18998825040303818,0.19575301319341473,0.8227294659534601,0.41790603033666257,0.3319365064117964,0.48815224063842994,0.17419986380660496,0.20769194996047227,0.16000921800583737,0.30036435905929193,0.5040418193576192,0.22739707356964134,0.37144047486105514,0.4000606612071598,0.08833433444365561,0.11736768114290161,0.3100100955191424,0.5698719542516159,0.47044362772759185,0.19308956432307015,0.5507281782495961,0.3067377194276444,0.10379336637438043,0.33065663311289945,0.23923019057171419,0.18019413792013123,0.18228191971023228,0.1995178509929993,0.5979293109603723,0.21624320426051258,0.48081600752845055,0.31888591003872413,0.3523195673291504,0.41634700501622895,0.6112796667371186,0.44240246406571176,0.32740281726131526,0.12877705303431902,0.40978764746703683,0.5791537667698641,0.7027850292692415,0.13730467592501164,0.02718663353858323,0.18695026119569597,0.07699380565234232,0.26187954271522007,0.3543681533830895,0.3199999999999998,0.5145396686052869,0.3328492131388895,0.5201408175239586,0.24903695550946092,0.40014024351373867,0.2041526557471887,0.6180898864904149,0.6990750972788706,0.29632838785520293,0.1752717391304368,0.9585960907404777,0.12425266441382865,0.4377256317689558,0.34225521732103653,0.27447625213892735,0.2607033756504919,0.31291118421052644,0.31141114982578216,0.062308483161563684,0.4068371238875537,0.22018287392378208,0.17005985626488915,0.3113072029550569,0.5046713096653629,0.42512101527425933,0.37909738717339625,0.7584991769218139,0.2682365774995262
1.0,0.013616033516390555,0.8267739536860005,0.36924519456165106,0.31077541403922104,0.23912857265225704,0.07407429915345397,0.46838666814306223,0.4564143690716518,0.0,0.432446601158711,0.3441772748703443,0.16036833620242075,0.18438462415877707,0.17871806333014612,0.40000000000000063,0.7944263003698196,0.44248004910988564,0.12074395641811278,0.1789517741710472,0.15447841450299646,0.13978138456442596,0.5363224832938132,0.21555895209260187,0.34731945744891035,0.29981801637852745,0.09669815613680603,0.115657889737452,0.31404830317620536,0.5019579811039282,0.764834614837314,0.26886802774677826,0.6782967902413566,0.30716182327776925,0.08701868089973323,0.19078954512384483,0.47616599799398224,0.2867486641161033,0.40956082100814967,0.2809665939616579,0.45162441985005375,0.1619327637856444,0.566675439226101,0.2920017873100998,0.298668907033527,0.2979640011802893,0.7973014433664459,0.47997946611909986,0.3471428115118026,0.18144836010786652,0.40426925746009706,0.2819401444788437,0.29173366496922415,0.1831058256454834,0.03777321666486664,0.11071237219270422,0.14631726674409606,0.15773037729646822,0.1396827793136635,0.3394594594594587,0.4965433995391217,0.2693830451823413,0.7119342851554862,0.3056766710409352,0.32163574934659345,0.11824312109050139,0.5605060337151107,0.46750115529123404,0.5604807653330091,0.007638072855465285,0.34031958909972887,0.12160597395845661,0.34850438370294173,0.14731014060569417,0.23992970448134007,0.13445803846921398,0.31609786184210803,0.4054006968641105,0.039494470774091565,0.3130032490464746,0.1726623506640877,0.17005985626488915,0.2262466652985856,0.36215389842024825,0.42063153670587583,0.30958036421219476,0.9073773908210991,0.2514228799089355
1.0,0.09401951348393096,0.6875929466751654,0.6815752461322073,0.385739034023976,0.5940382034662937,0.15532570449283184,0.8882737238401072,0.13917756699206335,0.351624661381139,0.5152366486094123,0.7317303158887333,0.2301008279367159,0.3678947568533515,0.09454231136976522,0.7830558638549747,0.4193062292877384,0.7538367096378166,0.3385257065032333,0.3611589080593418,0.34421570133661106,0.4528320635972183,0.615057124380253,0.6429287668298949,0.1841761658921256,0.6097967849560229,0.13271992573581579,0.24313233785478144,0.9564857239004945,0.6218175037294881,1.0,0.5732510558217907,0.07044145979889722,0.5876604218911343,0.1561824882450124,0.20992279375834763,0.5165496489468399,0.5150978594239106,0.0,0.524107450350132,0.743734380578365,0.3940974148452233,0.7534910799020659,0.6187816502829901,0.3392317992071203,0.617220419002656,0.5825418794444709,0.6512320328542132,0.4120803654134858,0.19770322907783427,0.3158972935461488,0.9123839009287916,0.0,0.2082337369866261,0.2650966835907963,0.12023931776577225,0.2024293457220288,0.4014573213046495,0.3622562109017479,0.753753753753757,0.8032481070997455,0.7893281340150805,0.8570884673055612,0.7589213901705961,0.832727736342194,0.18079509708211286,0.40546156129415345,0.8623026796059282,0.3518180712635293,0.9391341069330215,0.36095020687687335,0.23926554339863385,0.7529654461062418,0.1546193427974121,0.5975119086158258,0.23944245736303213,0.641755756578947,0.6443379790940786,0.08675242608891894,0.7922729199039402,0.3024093973169602,0.4615538606289914,0.4854299199671662,0.7472396806522845,0.81944270271626,0.669675376088674,0.7748639079162857,0.4461677101119334
3.0,0.08234727962407307,0.3508736987465484,0.40646976090013975,0.31938188621717106,0.21718584929903217,0.32223444403254914,0.481009854944085,0.6682337324742125,0.028947480392017867,0.3522374416947834,0.40499764262140564,0.18639505970434717,1.0,0.2728933120594878,0.48797632260451196,0.6088624465683685,0.5036218538980962,0.16815628192032656,0.23359531228200708,0.22388231679213386,0.210301424312687,0.4429295106704014,0.22759177951498735,0.5933830414129007,0.3897482559902957,0.09782668050019099,0.13989893233025585,0.3756827418394554,0.7143709597215314,0.4495012193506286,0.2478172388892541,0.04486777304602268,0.3385823867827113,0.10509594611767697,0.2022564637152385,0.3940822467402193,0.2518417807569483,0.225498038031995,0.37177132361382276,0.6104962513388085,0.21147231776323164,0.711470520212774,0.3820375335120637,0.5205046076294996,0.4515432280908822,0.5618629449584448,0.4828542094455846,0.3596000894368666,0.20711849171410782,0.3218986814712005,0.5141382868937034,0.6310678547851168,0.1887457774441437,0.0299773144647291,0.15431754252801688,0.15105174861272413,0.1683224369041972,0.35758565052885793,0.44168168168168376,0.5774168769889172,0.34273720231581917,0.9674450746463267,0.27104940100749386,0.43370306623318694,0.1120783165202296,0.6819377488459683,0.6435206579467292,0.5785550691150839,0.6553503231492374,0.3484234555571419,0.14511898291466785,0.43359979370809554,0.24001501462361768,0.3191509041298619,0.22259490659011721,0.3687294407894743,0.36559233449477474,0.04721281877679977,0.44833309789518244,0.22845892010945706,0.17032010089484123,0.31725836240509026,0.44317988788856727,0.3778937072057386,0.41282660332541454,0.9086741073496041,0.2613830392714863
3.0,0.07657249617845216,0.6951880178457626,0.33530239099859255,0.0,0.2982754190103647,0.08841028009553271,0.44214372716199724,0.5335527225463894,0.29211283985987163,0.35063782882798106,0.372151500864374,0.17780145913599468,0.22411695372799526,0.3530017731493678,0.5333333333333331,0.8694947408866057,0.4385512584407596,0.1974804221995223,0.27703111193787067,0.25049930864956244,0.3713812520702216,0.5021556369907293,0.2239897195260858,0.1315274067329251,0.30846223839854503,0.088743879575529,0.12040731030814311,0.5038181771116463,0.5352312282446544,0.6952065045118432,0.32436158340445137,0.054961772723991685,0.4240669715297241,0.0467340195704664,0.15852797776112787,0.4357447342026083,0.5295159199418215,0.2625490492001207,0.3382504878888769,0.6042484826847551,0.1471763008987027,0.5172939046662038,0.3331843908251416,0.24617343590012894,0.5230569489524938,0.6741687177424301,0.38624229979466135,0.332066311048648,0.20302740452209184,0.23549757113115863,0.47543859649122533,0.325385759562153,0.12621244147685742,0.16864714990457663,0.1103216948698484,0.19192799070847863,0.23917966324555323,0.35507581404564864,0.36792792792792695,0.5538242071765627,0.4891669816763824,0.6211617445726579,0.34043093595225066,0.4122840568623702,0.11432006363669221,0.28257643217572015,0.8585253795717721,0.2109378166930156,0.6235311398354899,0.29898701669282446,0.14452820379516537,0.36616812790097747,0.14689828113840034,0.3340887018452589,0.21664645472268698,0.31167763157894857,0.3712543554006965,0.05398831465182177,0.48283655883599347,0.10571981579123196,0.22991612115388488,0.32320952185511903,0.3767623577373853,0.6087632615183968,0.3686460807600965,0.5549357325395854,0.29996679946879234
1.0,0.06801411613731163,0.68629169322286,0.05682137834036334,0.1918855242186958,0.0,0.1361401632320678,0.0,0.570930007466608,0.1560554271207115,0.0,0.0,0.0,0.07210752442872942,0.8205803733974311,0.0,0.4786213438355511,0.0,0.0,0.14835139282890877,0.0,0.1199072540576349,0.0,0.0,0.12390368773246986,0.0,0.05324086714355921,0.0013298377597935793,0.0,0.5916645947289907,0.5803814580195,0.0014442329153808236,0.4757893918615045,0.20323794069921827,0.04066590418096304,0.18148896200497336,0.32616599799398155,0.0,0.3610549351041351,0.0,0.0,0.04682125818262632,0.5321275051638467,0.0,0.15752579484890666,0.31447624668043705,0.7238445227754635,0.1842915811088288,0.2754655508352766,0.1997487726738424,0.43866759195003513,0.010319917440659316,0.6831060184792048,0.0,0.0587123258074971,0.035077242487833234,0.1640372951348562,0.0,0.3261843880622364,0.0,0.22286842971579324,0.0,0.4109107503748614,0.0,0.27321986358131,0.1746845283291752,0.600229270938885,0.7312558183145472,0.06409866634237306,0.7900631609870764,0.3148523327150816,0.0,0.03713254254770499,0.9645957260456797,0.0,0.23866723976482515,0.0,0.0,0.0,0.0,0.0,0.0,0.025446336958750447,0.0,0.21291164003912588,0.0,0.732257507693992,0.0
2.0,0.07689331748098666,0.5102241342681116,0.36080637599624904,0.5436490887672369,0.27376295577192117,0.07806090512971658,0.40538146384674995,0.48339371145709503,0.29012722141063985,0.43022865054507836,0.3209178060663222,0.43718064322212186,0.21360404547355663,0.8866457283085221,0.4197558268590441,0.47382450410643173,0.33026396562307975,0.13704460333673815,0.2658698786215884,0.1755646028575824,0.3291818482941369,0.514550549687431,0.435401434982817,0.8087799472567495,0.25750682438580563,0.09428639036021741,0.11284623275960344,0.46304781134322165,0.756228244654401,0.3240528565189874,0.2880807019847261,0.28881165085199345,0.4076744357574862,0.03551912568306002,0.3770509604630204,0.3641675025075223,0.21342523792961687,0.21779354059764558,0.3617265526346016,0.5710103534451988,0.2903028958171528,0.5524957931589988,0.3606642835865372,0.3093544067841112,0.4767305989967546,0.36316654280669,0.9235112936344974,0.8188264605359814,0.2014082559291955,0.40090492713393483,0.41424148606811123,0.20499426120161396,1.0,0.19830038529401164,0.25287984997990803,0.7568799199896762,0.21191424084152155,0.5984355981619696,0.28024024024024097,0.508614067815207,0.41394266159998444,0.35853184692613604,0.3225246581721204,0.38490469815771067,0.14348989405937004,0.3816644660750657,0.7254559214535903,0.3046941505533262,0.7961405699177445,0.7030674846625777,0.1060802986979231,0.30286230015471965,0.12044022042301616,0.32428432687416275,0.2573645671829666,0.3427220394736879,0.3769163763066221,0.0730509792121166,0.44187032066676035,0.08256023493292534,0.3241847336496306,0.3009439770162107,0.3188381178868687,0.47126984525093346,0.3154394299287423,0.5320453177166004,0.5941946499715423
3.0,0.10007737454943501,0.5562858508604215,1.0,0.37206707781858483,0.4991862490363476,0.5867785671311628,0.8201749529398761,0.48485384806836107,0.35627668174791133,0.5371069858723269,0.8370265597988373,0.2316036833620241,0.3665830196570478,0.5725407543137262,0.8182759896411389,0.7692233802411031,0.8228360957642737,0.36108273748723096,0.5391805794540302,0.42598709479182706,0.631566743954951,0.7155636990730749,0.535285584945336,0.14500098786218038,0.6851683348498646,0.20206046706347047,0.4100839697556897,0.7933007170407186,0.33319865738438603,0.37798397424888536,0.5506466224643864,0.08926915666798067,0.5033006343118454,0.17203583682805926,0.5124496422017355,0.37634152457372105,0.5079836848262564,0.2313235738001809,0.7687406727126639,0.9314173509460917,0.419172306668145,0.5591071129506894,0.6817098599940439,0.32219275906429723,0.6024550014753615,0.7208923372718538,0.9627310061601663,0.4859296642923308,0.23569848111185387,0.23060652324774508,1.0,0.431880874050496,0.2098832500345709,0.3679197724244714,0.2405400276822786,0.35615079365079366,0.39305672230541666,0.38458998141211287,0.8420420420420421,0.8435202458026979,0.722141535523148,0.6299758784796926,0.7322101341912538,0.8027984955695804,0.16244531221752143,0.5174870267448642,0.6802957545558654,0.24850014187847114,0.6831852232667459,0.367827079469254,0.25632724436987525,0.8234914904589994,0.18341301163111987,0.6297461036858898,0.5706752836068343,0.9627878289473711,1.0,0.09809674264650557,0.7585464048594426,0.29460054728692536,0.40446019258102656,0.6704288939051922,0.8483098352301663,0.4958992751623989,0.8479809976246994,0.5411054929417359,0.4418990703851268
1.0,0.348421370473117,0.8876141916294888,0.3706516643225479,0.21759406832513312,0.1425491819661365,0.414333550084776,0.23319676669250664,1.0,0.2705830626746276,0.4836476550213055,0.37010843941536903,0.19041178238653444,0.21366107752556937,0.87896997486805,0.3869774324824277,0.2526475673598773,0.3706568446899947,0.13555498808307764,0.21169139189880581,0.23417575664464668,0.4020536601523688,0.4314507436947615,0.22738733827237398,0.1364753077405445,0.337427964816502,0.09765376144451113,0.08074014970173712,0.3288291786389169,0.48390104425658875,0.5218673483908008,0.22079257751810796,0.03627288223111811,0.3156439002802769,0.10420637946371822,0.34958899349556427,0.47038615847542486,0.3770828722294249,0.19053727739209175,0.40798989783033085,0.5944305605141024,0.12742704981693068,0.534520021373144,0.27971403038427206,0.7434298616398439,0.4290115078194159,0.5629197319170118,0.4776180698151966,0.3258696138243841,0.4860442067900522,0.4772352532963219,0.4770897832817326,0.8000241056925045,0.18546650599553544,0.05246480141154433,0.2087612180202703,0.1971302748741775,0.2813835421308302,0.3542832341035823,0.3272072072072062,0.5147591353012172,0.33808169030897467,0.5141743268791971,0.24992591965457392,0.3080257538088871,0.1115811548613371,0.42253405799326516,0.5929222505742969,0.2307805342737849,0.0,0.3283635326009418,0.17721010468606033,0.4445590510572477,0.17429996924087524,0.2740600286731726,0.0,0.3103412828947384,0.4062717770034852,0.04181649489706363,0.40722559683571125,0.1330174197423746,0.12345604868576528,0.23527601067104603,0.4537115678613899,0.0,0.3341250989707052,0.6634978507344552,0.18931417188389357
1.0,0.4353450716186377,0.7410107287019343,0.0,0.20584852054604674,0.3295691402792447,1.0,0.14084818956926443,0.7054395619590169,0.30735955295218903,0.3786512171844127,0.15998742731416102,0.16198049020411512,0.24012394965970907,0.48740294301352505,0.14842767295597423,0.3823603573315409,0.19680785758134023,0.007703438883213598,0.0,0.0580734367798434,0.12139781384564512,0.27096356973485575,0.32793348844906944,0.13564206746669202,0.14634516226872843,0.06689237153934374,0.06174246741897604,0.06129792135849371,0.49908005967180513,0.5653665166808152,0.05339285323530048,0.1289622280089057,0.0,0.0,0.5344279028352391,0.4175651955867608,0.17804407626395133,0.17251735587081185,0.3596028010561364,0.4446269189575155,0.10828802840341713,0.26823296727835294,0.1228775692582677,0.441295387119641,0.0,0.8342548970144062,0.345379876796716,0.2359536205960323,0.48552561827275464,0.48175433726578804,0.32425180598554915,1.0,0.17674482922107457,0.6689172158006554,0.426485690047774,0.5952461607949413,0.10842251360531863,0.34525348404932826,0.14462462462462783,0.0,0.05789546982870129,0.6967468544233656,0.24975659315074367,0.22544144833301508,0.5263676465270996,0.37118350886889634,0.6286123780246867,0.3860918561757673,0.5242729142185689,0.24588386360393807,0.15433513717891104,0.247034553893761,0.25445094962280973,0.07751005873375626,0.1430775371106642,0.1233552631578948,0.10670731707316981,0.051069485192707986,0.2114352309648258,0.030701461656543638,0.16107140712269527,0.0,0.2544589774078478,0.4045797697574679,0.0809184481393531,0.5907133203942359,0.32287516600265637
2.0,0.08253599803732863,0.5436318249415774,0.48466947960618795,0.3062296445152793,0.32895525797333186,0.25752502263735866,0.5857601594507817,0.659948563369376,0.6311571900662344,0.47817671017434404,0.5437686625805426,0.20477088285925082,0.9577582601422001,0.3597835514494534,0.6426933037365886,0.7775743239998089,0.5777777777777773,0.24297752808988604,0.36236804166860526,0.2874097403595021,0.422159655515071,0.6002910109937486,0.23302407539014205,0.009921572332987011,0.4610251744009711,0.384635686852691,0.17105513127398464,0.5417410887629099,0.14883142715067132,0.548030638331281,0.3769010262806623,0.538990711077304,0.46232851453016677,0.12304613038505509,0.405050439239448,0.41049398194583625,0.3780314288424446,0.17976154542710512,0.44432326942945677,0.6863620135665834,0.2694441362476434,0.9243087621918635,0.5085641942210323,0.22330594134789603,0.5107111242254354,0.6783685936551881,0.5500000000000016,0.4146357044750372,0.4300078364487058,0.4654767522553785,0.6281733746130015,0.7299258476027163,0.19078050611406347,0.43667854956609425,0.1624213064249674,0.3169279907084787,0.29518974396435266,0.36576620778804136,0.5869069069069107,0.6729946230659474,0.5061974016672308,0.8146059065128107,0.41239470008043044,0.5029323643781484,0.11872220414361626,0.5596769736236075,0.0771667570807637,0.0,0.9516928613396027,0.5966043658153808,0.19384644469125903,0.5634347601856647,0.1322850901659429,0.45428478934467964,0.2342154951414579,0.5445106907894753,0.5247386759581878,0.09640663005591911,0.5707373922870461,0.29440032036308,0.26362781014153364,0.40909090909091034,0.5371156786138949,0.45627147550851505,0.5311163895486933,0.5878672802212835,0.3076740656421939
1.0,0.0703636603823435,0.34821807945613015,0.2522269104547586,0.29467812348416605,0.2856123119093169,0.26083098856889336,0.15446794374931164,0.5210475374021731,0.5219765413363213,0.41075101151990084,0.15747289014615948,0.16254064540809363,0.14866354891449046,0.48277321745205243,0.5328893821679617,0.6133651121463908,0.149048496009822,0.07265066394279841,0.10719434497511979,0.21800583807036472,0.3607817157999331,0.498491054106487,0.5414285575210036,0.6922250951354231,0.14877161055505175,0.07712189883325145,0.0273566624871769,0.2243017265926332,0.4980606663351566,0.35948517397213936,0.12265038622289308,0.2910492096364939,0.3931073904705711,0.06430296098614831,0.4827507574030036,0.6544007021063178,0.026369873841970527,1.0,0.07088738376765055,0.6134594787575863,0.0,0.23678732923415569,0.1342716711349419,0.2780724093570322,0.37895544408380083,0.39368382297795773,0.39969199178644926,0.22448653655731898,0.14817226358125718,0.7274836918806388,0.06336429308565324,0.17299943296836945,0.17215187372829463,0.001422347052680578,0.3613765236415591,0.9895873661117566,0.1344461083312028,0.47603860996574876,0.13225225225225443,0.4291671238889489,0.20144042337305743,0.3915744181498143,0.147949032722348,0.23631032064767096,0.6584499403406009,0.0,0.5885354925559056,0.6473914629697196,0.4570725616921294,0.7537879868740198,0.08849871210151895,0.1845023207839073,0.3631870623993159,0.16450076307635544,0.22213438128425173,0.12582236842105515,0.09111498257839856,0.026113994834374012,0.313956773555586,0.03156911165988347,0.11406722318979891,0.024625487379439592,0.16544929505690273,0.2967821223445607,0.19382422802850321,0.8282650522265215,0.29576930373743193
3.0,0.06774991035875376,0.3094858721053752,0.2997655883731826,0.434308086757674,0.18927561887902222,0.5266148488918326,0.33717196323773724,0.0,0.287957224105408,0.4219214173376528,0.29624391010529644,0.1836625952946964,0.17100110261967222,0.2737488048262816,0.568627450980393,0.7393256808030361,0.38710865561694247,0.15406877766428329,0.2747058549969779,0.2606391150714397,1.0,0.33072860530286746,0.8958712604289368,0.13556475651344782,0.2253563845920552,0.06412566664846442,0.10532315057563123,0.5123864254096452,0.5182869219293884,0.6078548751944342,0.23249961705945452,0.06632723880804171,0.41781604956483254,0.06865548354301662,0.5133943599265945,0.2377256770310936,0.3788535112403955,0.4308104437066104,0.32303983469176956,0.5457693680828277,0.16981027404859778,0.45051080221068435,0.28261840929401205,0.295242720995563,0.47478312186485705,0.651505750966449,0.40123203285421205,0.3353563100903947,0.18809205522391514,0.684607911172797,0.3643962848297201,0.10953845816703603,0.18063649473538684,0.19579777465701662,0.2519031566727685,0.14451058201058203,0.15517367325322368,0.35433984695658743,0.31891891891892227,0.4754745967299464,0.34601993514115725,0.6888767194732381,0.2962790500783145,0.38452221584751783,0.10679032433018758,1.0,0.34502688982205115,0.5768525274636181,0.25831742068155017,0.3121843344271657,0.11399673889926001,0.323491490458998,0.12151939649554502,0.23854229292882567,0.19573860583639074,0.2860814144736866,0.3628919860627168,0.802612904034705,0.4102274332532836,0.1353534005205904,0.15856905491161735,0.34485942950954196,0.283336164430097,0.4171202126859118,0.2821852731591464,0.46361405000778866,0.26569910832859106
2.0,0.08848062805487941,0.3680688336520084,0.5534927332395695,0.32904857598226034,0.326456899751592,0.1556842559449654,0.6341490421880224,0.49222090097065924,0.24789028039769057,0.4894008844918203,0.6429357221436423,0.21728556985545217,0.30787802745142784,0.21785167709144296,0.6682204957454673,0.6024386436770568,0.6713321055862507,0.27600442628532446,0.36697205041157055,0.30196650791212143,0.44600861212321974,0.6853308902780766,0.23596413516486708,0.13834795083023388,0.5671822869275124,0.12352791277598761,0.19772787719898272,0.5723123916025985,0.40676902038786683,0.5141145355427218,0.4061576839755792,0.06601631252533217,0.463434872400059,0.14153640869233733,0.25712067411582046,0.37798395185556677,0.43839124798431794,0.2309764563839419,0.47950866720238866,0.7105319528739734,0.29640519249972297,1.0,0.5192880548108421,0.23806085746541014,0.5150663912658601,0.47422462518152836,0.6124229979466121,0.4232919155460437,1.0,0.5689826509368493,0.6733746130030925,0.21514604488589523,0.20077635763813464,0.22719743617442628,0.022223958565879217,0.2013082333204284,0.30145366887030217,0.0,0.6391591591591586,0.7233622297816316,0.5206812167996338,1.0,0.4780510519409051,0.5144387072097927,0.0,0.3932713073561177,0.5062653620247395,0.3579593822206007,0.7366700940070521,0.34529890141246994,0.1994706619089258,0.6342186694172275,0.2518963782433932,0.4436942144938268,0.2369018927590072,0.5476973684210524,0.5555749128919866,0.13178364552772123,0.5638508263879082,0.23159580858306028,0.2966588593277682,0.48183870305766413,0.669950738916255,0.47034185247422916,0.6411718131433091,0.6395128050757192,0.339404287611459
2.0,0.10923021759233073,0.7001673040152975,0.7263009845288334,0.3865775067562887,0.5069525740227846,0.10766874707537469,1.0,0.6195237963551892,0.36244628192945366,0.5298616805344587,0.8799308502278786,0.24435062983304612,0.38373065662902617,0.46695104154024214,0.8534221235664072,0.7111389942846168,0.7578882750153481,0.4636108273748721,0.5233688322559645,0.447572591795975,0.5533951639615771,0.7227311920672561,0.25440278818913736,0.14638399491465742,0.7279344858962712,0.16379074974062138,0.2845472852312028,0.7298542621210938,0.7663538040775734,0.31869949017895294,0.5923105538414405,0.04166967413815125,0.5422813099277178,0.18788918541110683,0.41635447546448656,0.27021063189568695,0.5866190280456575,0.19731361303954104,0.6567558259671676,0.8405926454837563,0.4545101520026617,0.37998739941463133,0.7047959487637778,0.3667988133056789,0.6466332251401595,0.8895146279769014,0.9824435318275189,0.554380809403648,0.0,0.406106870229008,0.8046439628482964,0.6619587518729849,0.2091720827324628,0.40526088365561175,0.20982162789659306,0.17926506646018833,0.41577486394682106,0.47038676014077707,0.8690690690690702,0.907385054318005,0.7318703618964246,0.5043431775213508,0.7786055962409525,0.7906546822209475,0.1669559243591133,0.42461182587690965,0.603792034183226,0.15297539421946565,0.635539071680377,0.36548723070338146,0.2804074012808087,0.9213512119649303,0.3515820095613958,0.6423253017620127,0.9411218396450883,0.7413651315789467,0.9479965156794421,0.08862810000250758,0.7984531713518861,0.31715944737368995,0.4326466878866136,0.7075723373691793,0.8885680312553063,0.48757242105791193,0.8809184481393517,0.6014407025845921,0.4671551887687343
3.0,1.0,0.9539250053112387,0.29507735583684724,0.3150509320213429,1.0,0.5572193423315568,0.42188019045509884,0.6996156079754429,0.5049427716396953,1.0,0.44397296872544517,0.1908626390141268,0.950534200220524,0.7586178315478498,0.6137624861265268,0.6916154363383127,0.40540208717004234,0.14427987742594497,0.22806120076268513,0.24819480719004508,0.4017555481947665,0.4028885535675785,0.5138192544709352,0.1393315179576165,0.3515316954807403,0.1049345637889295,0.1071089327102107,0.39204266003986465,0.5573222277473895,0.6135124658361019,0.23987395785465765,0.07146307472780064,0.4260952942911935,0.10395221756258766,0.5564495987664377,0.6090020060180545,0.3735415942074809,0.22391337156655583,0.3490414418551258,0.6074973223848629,0.14617774325973518,0.25796109768643716,0.32342865653857517,0.9475570374648853,0.4652463853644143,0.6837275262321796,0.5190965092402462,0.30887660906506587,0.3359358794108834,0.7756780013879253,0.48617131062951374,0.30864052112124346,0.1863060785049685,0.042292319325915956,0.5034323793365182,0.4444847722286749,0.2206435589320285,0.3586707302114485,0.38702702702702846,0.5238670031822674,0.29739569862523146,0.5217862963687335,0.2213520721330914,0.409287945432524,0.039302888961203084,0.29798057338205425,0.8052145493024714,0.3460973286310753,0.3346614277320818,0.3233271508061072,0.15958125576009669,0.390536358947914,0.09814767507937422,0.2888590852333173,0.21840412630674047,0.3389185855263174,0.41506968641115033,0.23301988515258643,0.4248128266704328,0.20970433157578722,0.7634776690088684,0.29437718038169647,0.4251741124511618,0.4269519199418119,0.3922406967537621,0.5547336468468316,0.48534433693796225
2.0,0.06180528034120297,0.4997477161674109,0.2997655883731826,0.3047397962719147,0.19397253233589376,0.13968921489386266,0.24061565718082406,0.41951273471419476,0.22397776107336834,0.4234134932050056,0.27015558698727044,0.14212913626799994,0.17740770312915916,0.26947430117489635,0.337772844987052,0.6819617213390328,0.38146101903008056,0.08699353081375462,0.15402501976468516,0.1406898141035496,0.279165286518715,0.4463246389308031,0.22108860094042934,0.0,0.25189566272368885,0.08620469975791303,0.09312663855009776,0.32942455540886784,0.4031887120835404,0.4137450502215443,0.2147968226875861,0.06763757099946147,0.3003761616757628,0.08314271190748516,0.16018937789794885,0.41522066198595803,0.3623486261738384,0.22013281014186525,0.11789691195040752,0.6414851838629071,0.05358925995783989,0.6066862852995828,0.2212540959189763,0.12048097876027197,0.4199350840956033,0.9258953712731219,0.0,0.814801801514038,0.1983312973932283,0.45442886884108297,0.502579979360166,0.4551264316179028,0.2986803895616447,0.1978862842533582,0.0,0.1926054974835462,0.19315899046714663,0.3240897125010611,0.38618618618618744,0.5059804674640626,0.27982810417205495,0.3273642349566466,0.338060364898616,0.3576209600305987,0.10568752937773432,0.5320723431694664,0.6326910583807164,0.08271514856702748,0.8825462690951831,0.5336709944357262,0.0955407992059923,0.33651366683857453,0.17146387366862512,0.21541876705360072,0.011751070721336089,0.20055509868421417,0.2074912891986043,0.030316708041826474,0.3756180251447944,0.18554361609824482,0.15979020279062361,0.3330597168068949,0.3397316120264995,0.4786937874645732,0.1982581155977836,0.6208661898005667,0.23335230506545296
3.0,0.07740285719677671,0.2991024006798391,0.2107829348335668,0.3147529623726701,0.28541244325157766,0.21037246811019064,0.41401838113165995,0.30827687287409106,0.8127278142595765,0.4368018496363908,0.36979412226937014,0.16161160750881226,0.2707691722748186,0.24434531121879596,0.5820199778024416,0.5124393641035503,0.33001841620626343,0.1981613891726248,0.19960005580616685,1.0,0.38691619741636296,0.514173313214053,0.22107886564316243,0.13591695085600408,1.0,0.16063270172372984,0.12424484212926076,0.4690274649892573,0.65394082545997,0.7114138088391881,0.3016039738287491,0.06795404953721942,0.4184614249889365,0.08279323929342984,0.3117677080279291,0.45131644934804305,0.8200271919562403,0.1766827648656807,0.34198140282401535,0.5728311317386646,0.10740042161322677,0.4349514717962219,0.26958593982722684,0.3031321378875794,0.5202124520507525,0.8227597820973473,0.11550308008213542,0.31162359855623356,0.6907310945674975,0.3161193615544759,0.3217750257997928,0.6588743189457047,0.08410541079789026,0.1419106261927909,0.1862023931776574,0.8199606400825913,0.23395668212863946,0.48875763094081115,0.3419819819819817,0.5380226050696811,0.48453136501999466,0.0,0.31549760826313433,0.4191049913941489,0.10627508406551663,0.42097829090797506,0.7038302090239962,0.1738872674206493,0.8949214159812007,0.29853046083606843,0.159793936243117,0.37454873646209486,0.4333022266478288,0.26175831290755214,0.2269008181999601,0.28978207236842485,0.3973867595818822,0.07022242282905782,0.4232589348778075,0.18447573917106258,0.21023762336596422,0.1805869074492085,0.3385425513844065,0.42720272880038135,0.33729216152019015,0.36078611334481303,0.2680705748434836
1.0,0.035384702485421575,0.68736721903548,0.46741678387247887,0.3169634813942209,0.317248665162893,0.1040893096972974,0.5506588417672486,0.45712231409529575,0.2762562582438619,0.4695603080935034,0.5239666823825256,0.19636855479957335,0.2922322345157985,0.6799006562724788,0.6073251942286362,0.5520568176360411,0.5426642111724971,0.2934542049710591,0.3029809793982236,0.27584882470425487,0.402649884067572,0.5790579866350504,0.2312035748011563,0.12242618951491668,0.46345162268729106,0.12010593567411121,0.1679015160150475,0.5393078097900644,0.5073657384385877,0.5101301785600382,0.3511236569728002,0.35133004269684126,0.44934724885676375,0.12148938874062797,0.0,0.2289493480441309,0.354949884592279,0.3729550256565048,0.2855010905751368,0.653873616565512,0.2394319316542763,0.6721535038399876,0.42545427464998453,0.26216230407729274,0.5211566833874299,0.341376277519073,0.3747433264887087,0.3735905707988632,0.17878051029110106,0.33521721027064605,0.5988648090815263,0.4313275388361881,0.16615633827858028,0.20798674876669926,0.07790105817743424,0.09876274357981689,0.26730340772124644,0.2839983770982136,0.4993393393393403,0.656095687479424,0.5065356226249925,0.7332968250863814,0.3973246412394694,0.4895136099955384,0.12150630943341649,0.5121134891147476,0.8821535968067082,0.38230167416595734,0.6088425381903648,0.3000142673705237,0.17683200604957813,0.5243682310469293,0.17844984437968217,0.3895389168940493,0.22703130036995517,0.43945312500000283,0.5004355400696854,0.053241054188921506,0.5372227715779064,0.2365347393712867,0.27115488559245704,0.37276831520623865,0.5422116527942918,0.827142534674324,0.5422011084718908,0.6544881969325077,0.33347562132422714
2.0,0.5524071033610749,0.35294508179307427,0.6938584153774032,0.5141639526020368,0.6658909859235358,0.769171867688437,0.7943749307939325,0.49011365836121734,0.5019076120101547,0.560093019504523,0.835454974068836,0.23736918326638803,0.36625983802897244,0.1801596722485842,0.9732889382167954,0.4683012343307246,0.8424800491098824,0.6626659856996931,0.525275542947496,0.4111998770932562,0.6765154024511421,0.958719551627506,0.943632628822321,0.1158418733302983,0.673794358507735,1.0,0.2509593829552798,0.8647977013279484,0.5072103431128795,0.26954273124727096,0.5951990196722031,0.08123504361296326,0.5334120076707478,0.1527830728173846,1.0,0.6761534603811429,0.4787681411452239,0.2318065197706006,0.5746756973940992,1.0,0.40657938533229804,0.3825553668126096,1.0,0.5442516212029722,0.6177633520212454,0.5595175597084626,0.898767967145793,0.6788258217012167,0.21002258741097563,0.4170048577376822,0.9279669762641856,0.4960732374766819,0.4204282807530472,0.4057470022685541,1.0,1.0,0.470926622593959,0.47545361048470025,0.8078078078078077,0.8154285087238009,0.7541929451087284,0.6216363517830368,0.7656944503238378,0.8294128896538543,0.18147304479878498,0.02239485778037017,0.9388130973190547,0.44032996878673636,0.6444440364277318,0.3516193465544305,0.24607131885530661,0.8135636926250623,0.18635337542293798,0.6337695971881807,0.24759375527685237,0.6963404605263169,0.8595818815331016,0.08653677374056509,0.8024438480011298,0.2534205432823869,0.4316457470021828,0.6561666324646035,0.7193816884661102,0.48265656742996077,0.8296120348376836,0.3100162931589784,0.6184310377537465
2.0,0.03601690916982772,1.0,0.45654008438818394,0.30072760030489915,0.28569796990549073,0.0693037416971031,0.520097442143731,0.7067835513398408,0.28845362871771546,0.3560818894250801,0.5426685525695413,0.19138180725196027,0.295007794380442,0.36068344695500815,0.5946725860155389,0.3200734835022341,0.584162062615099,0.22288900238338352,0.29660977538018124,0.28975265017667834,0.3951970851275254,0.5712438025436505,0.26267779086634385,0.14169379708451818,0.47998180163785276,0.11601048435537573,0.17656445913598612,0.48171157878387855,0.5254724017901543,0.3910803397498493,0.3460250771351666,0.05869288811650839,0.4093339725623249,0.12314144109797914,0.3576516706301377,0.3374247743229677,0.2722357479368897,0.02551313009357071,0.40902307427390705,0.654944662620493,0.2860867635637405,0.3535740204639888,0.4145814715519819,0.3164824490010243,0.4809678371200947,0.7399963182905962,0.5434291581108825,0.38968920688663816,0.16576970060156268,0.22366134628730058,0.5440660474716178,0.31157155418713145,0.19695383338930506,0.17314824817255392,0.3250546948251998,0.29041650535552965,0.26102122064355937,0.36716265816215793,0.47639639639639647,0.628662350488313,0.4384338380120566,0.5885103331377536,0.3668458705498887,0.4308981959584372,0.12181364573164118,0.3395359310549537,0.7715269266574237,0.019336008755928256,0.6127533783783808,0.0,0.18843490795661255,0.5208870551830821,0.15643360981789542,0.36789529667483817,0.22683941482584463,0.4393503289473706,0.4728222996515678,0.057769753504350506,0.4648255403305545,0.6158312754455049,0.23193802174043615,0.3664067309665499,0.5508748089009677,0.45627147550851505,0.5377672209026104,0.5326136837274703,0.3377916903813319
2.0,0.09047160731472584,0.009427448480986202,0.5612751992498847,1.0,0.3349655940382036,0.2001203274364786,0.7282692946517554,0.11918918171510723,0.3074871998524964,0.4860134690091807,0.6555084079836568,0.21754515397436952,0.29951332648948725,0.0,0.6625231224565279,0.23466692281830903,0.714548802946594,0.3010725229826344,0.49569827465935057,0.3482869872484249,0.46233852268963205,0.6078357404613055,0.2367040177571821,0.39146401175126494,0.826357294510161,0.12207175230710411,0.21178616208822548,0.6406512904144341,0.5101131277971162,0.6804221848211702,0.4420228013742092,0.0777926454829629,0.47333677533559537,0.14071038251366105,0.48754492838605284,0.2090270812437311,0.4782938628387134,0.23027467552067607,0.46137068074848075,0.7068903962870401,0.31648729612781673,0.6359706837013811,0.5226392612451605,0.3131087715613436,0.5719091177338449,0.16727914857061005,0.616632443531828,0.4205768677931456,0.19895360361398565,0.0,0.7073271413828679,0.5700968884481686,0.20641630943679537,0.3292103273198665,0.2147441621645754,0.5934556071751195,0.3221264472771103,0.37540926374984607,0.6627027027027016,0.731921430922856,0.5719714302767445,0.8075780689745093,0.5364263641366473,0.5828392936826677,0.13737932530643238,0.7901454437518544,0.4748414404639913,0.5599436539786777,0.2977195945945958,0.3220573548295056,0.21180612992414427,0.6606498194945827,0.5697424053635571,0.4941959950053194,1.0,0.5663034539473714,0.5550522648083633,0.07562376187968593,0.6246998163582417,0.29620236267770317,0.30700858807278875,0.5013338805663858,0.6798029556650239,0.48446239121165746,0.6788598574821854,1.0,0.3787943464238286
3.0,0.06790088508935838,0.6732791586998089,0.16080637599624986,0.3366086896264984,0.14887359735031286,0.4958888125869789,0.38644668364522566,0.7245430159564173,0.2939991773866424,0.4163967039909666,0.2666980983812688,0.17638057764297593,0.20176038933880897,0.39548335341323854,0.31631520532741536,0.4559339128764237,0.3100061387354222,0.09742083758937628,0.1601171929498228,0.09267936703026576,0.40427293805896025,0.5040418193576192,0.252037110953183,0.20092687242833704,0.23582044282681194,0.11555543420884982,0.08617348683460707,0.5254070565090216,0.7766596220785681,0.6623208388739779,0.220157990328016,0.9884402049892566,0.13219132615429977,0.08314271190748516,0.4485346016440262,0.5137286860581737,0.2527587188162019,0.40253546634470255,0.13264837561703569,0.5558729025348088,0.1532785975812729,0.47744255967334154,0.3454721477509694,0.08520832786368801,0.3948657421068164,0.3800683161633859,0.40246406570842047,0.25457565400709053,0.1979452370525733,0.7719805690492716,0.3969040247678027,0.3101964340010793,0.18438987771873327,0.02553022937596789,0.2694445684689914,0.14061491805394238,0.17732568757076628,0.3509336403008029,0.24696696696696843,0.49390979918797234,0.29522710542546216,0.7317869483017145,0.287008423993566,0.39593293810161334,0.10539827168528727,0.6028085690013414,0.857125635410178,0.5384135960111882,0.3571533490011768,0.3040804679697539,0.11647801120117228,0.33187209902011533,0.3590215470275737,0.22119964852240798,0.2285817355663695,0.2249177631578982,0.17604529616724823,0.1603500589282579,0.34446955784715333,0.1924180738169933,0.16765759814225414,0.13123332649291886,0.31578053337862905,0.4064106744250205,0.2699920823436253,0.9015716372730216,0.22014323657749985
1.0,0.10456887278491793,0.8522015083917576,0.6503516174402236,0.2553807774928974,0.4769865516946005,0.11987772787767924,0.8479681098438735,0.5763557423743815,0.3530996922291401,0.5454411033296142,0.8035517837498045,0.22895319288466282,0.3721911714383485,0.396368448005873,0.6929337772844988,0.34082176648575974,0.8740331491712692,0.3609124957439563,0.36339115472259825,0.41023966815178936,0.6827095064590926,0.6958935115326571,0.24469669681363715,0.11340228325015246,0.673794358507735,0.12162580316350839,0.2624339830540687,0.9541818746602468,0.0,0.5589189242236151,0.6907590975732505,0.11933461775500112,0.5000368785956629,0.1597407548608467,0.14063263511092314,0.36547141424272755,0.6219053340500202,0.010413522487171608,0.8261393640225008,0.7835772938236341,0.36497281704205153,0.5999553396974262,0.6606344950848962,0.3831814959699652,1.0,0.5952233229472772,0.6980492813141688,0.44022103682882413,0.21433839629382084,0.5356668979875086,0.821052631578944,0.2520852793658011,0.3130815274293277,0.2772316445212637,0.03141603786221354,0.16635210994967115,0.39583257240951136,0.03219384240868792,0.8223423423423415,0.8095029079337209,0.8884467699898532,0.672200273811852,0.6018710578673336,0.9327149869318553,0.16245435152041043,0.3945609563873459,0.6314453530503039,0.16515160728039222,0.9616994712103426,0.36059352261378264,0.25188458539121344,0.8124033006704504,0.1537956238628247,0.639550478656986,0.821822759160616,1.0,0.6348432055749146,1.0,0.8203136036163291,0.26316492024294375,0.5475947390547117,0.5878309049866626,0.7531849838627457,1.0,0.8045922406967543,0.595677050222505,0.48626920887877123
1.0,0.3545075393006096,0.547748034841726,0.4788560712611334,0.3306146490194717,0.27868829055192285,0.32856682730582,0.4884287454324024,0.5542379912059949,0.280043116286326,0.47309558695038495,0.5703284614175721,0.19657348963029733,0.3010531918938445,0.33750817750438844,0.6267850536440998,0.17028480860669523,0.6106813996316782,0.2285069799114743,0.26047528251871876,0.2944000614533719,0.4299436899635634,0.550765251131708,0.23699607667520092,0.11620265777877042,0.5078859569305441,0.11721181674220495,0.17576655648010997,0.4783722916828457,0.6332918945798108,0.13015402581981092,0.3455874307971724,0.12004530640119475,0.45438117716477316,0.1296225695768203,0.33998436329283,0.3160606820461375,0.36936794511019133,0.22963326290371242,0.4147629434048902,0.6696179935737234,0.23033396205481085,0.4267770414144553,0.4441465594280603,0.31796581690251796,0.48086161109471837,0.6082797553708645,0.5927104722792641,0.393713865908583,0.34765597990181385,0.2237224149895903,0.6453044375645002,0.6498127699906042,0.15984472847237324,0.22854776565481955,0.19543354020627732,0.20797844883210734,0.24337996274516968,0.3675306417066881,0.5443843843843871,0.6408427521123684,0.4293615582038475,0.24125431905600117,0.3720526605426926,0.4286351756231285,0.13039194417326536,0.5392984718682506,0.6956259669285324,0.20087457943167522,0.6613726498237382,0.44768155228991363,0.18115650920433865,0.5475760701392481,0.2624848159405255,0.40174813855616825,0.27571650062170927,0.47615131578947495,0.46114982578397284,0.05609970159733197,0.5214013278711681,0.229927250884336,0.20655416091125667,0.403242355838292,0.5904535417020539,0.422788492889569,0.5779889152810775,0.5576849399847597,0.25815784481123205
3.0,0.08611221196852185,0.7107897811769716,0.5971870604781996,0.40631972836255276,0.42810438854467037,0.30324337135599294,0.6899568154135756,0.6701805812892342,0.8030408328251092,0.48961595849071826,0.7067421027817052,0.23928190835314356,0.31951256606212725,0.6504053970048871,0.7100258971513136,0.33946496325824926,0.6747697974217333,0.3366104868913852,0.40161837883086277,0.3128360731295123,0.5450480291487249,0.9067148092261256,0.48198483240685736,0.24541932602028987,0.6020624810433748,0.1346766413658785,0.22166495687526205,0.6147912298413188,0.22396195922426657,0.47607668415138643,0.5095516313267248,0.08109623723675365,0.47376087918572024,0.14760452408184,0.39128144987023705,0.40122868605817436,0.3972238909792272,0.2324252942952007,0.5001147973826204,0.7385933595144589,0.33756795739487305,0.02205102439568987,0.5553321417932682,0.3128856100186407,0.5807376807317797,0.8514225716058392,0.6468172484599611,0.4344395822020638,0.2129958282434831,0.0408827203331026,0.680804953560371,0.3134260489400344,0.20252464392248307,1.0,0.24508862794124217,0.8391969931604077,0.34604989225318705,0.7332591075927269,0.7001801801801792,0.7900801053440134,0.6075642122435988,0.4681921898428844,0.597807221775389,0.6377892522470845,0.13944932566800441,0.23708048024073358,0.9543308352253311,0.112099193319551,0.6772914218566415,0.3294906548723076,0.21974620129026146,0.6932697266632282,0.15354538013586141,0.5157008740692782,0.2383371966289547,0.5961143092105282,0.6936411149825785,0.06693748589483185,0.6653482130244387,0.278715877995061,0.3482073148759834,0.5374512620562275,0.6957703414302684,0.4386646936369787,0.6604908946951696,0.39960340682797046,0.3903671030165055
2.0,0.08403630942271069,0.9610818992989169,0.5578059071729957,0.27540018016769446,0.3287982183136792,0.3323832732709006,0.5994906433396106,0.4642681341777056,0.31160026664019175,0.48292178027502564,0.5761433286185776,0.22462223679536542,0.2969468841488919,0.599176477205114,0.6320384757676644,1.0,0.6437077961939845,0.2709822948586979,0.3639027112495937,0.28499001382700817,0.4280556475654192,0.6090752317309766,0.23028845685802998,0.4473984864233377,0.4892326357294512,0.12123446003749618,0.1739807743455305,0.6253526960213299,0.5068000994530083,0.37061880204321,0.4435545635571894,0.08381128995541536,0.4568704823720308,0.11945609353157989,0.36115907091898225,0.3949598796389156,0.39823568469978204,0.22733926954421957,0.45040753070830125,0.7102820421278113,0.26239875735049306,0.680734661977335,0.691465594280607,0.2587492451888996,0.5410563588079083,0.6648008127032606,0.5663244353182788,1.0,0.548148062783783,0.7101956974323387,0.634674922600619,0.5221868245954764,0.21580964421880253,0.2768355478736815,0.1973366968790463,0.13003290747193197,0.32121333869023766,0.3686817697177842,0.5969969969969976,0.8177329090310547,0.6337265980940255,0.5698911271921246,0.5666934766964398,0.6074775291642768,0.12360342770365518,0.18492134164440407,0.7788940011921266,0.46164214195954445,0.6343272620446545,0.350820373805108,0.18668620176288434,0.583032490974728,0.13837956759969336,0.4649216112472832,0.23378567152265028,0.5048314144736862,0.6215156794425081,0.07555354948719864,0.6192965108066107,0.3901087899619573,0.3275278762036319,0.4423353170531504,0.591302870732122,0.46399638835243606,0.5623119556611244,0.4496575068519679,0.37179852020489534
1.0,0.5427541565230519,0.31917888251540266,0.17562119081106184,0.10616034924814634,0.025054963880878214,0.6227431009231181,0.011515889713211722,0.2984375432095354,0.2771356035570933,0.3958974634710252,0.045418827597046296,0.07758832691204184,0.0,0.3372506416195751,0.06207917129116035,0.304962537822391,0.0708410067526094,0.02787708546135441,0.0032553597172494293,0.17145490858810802,0.13756210665783455,0.03944815693037285,0.01379491622776703,0.4044994974788039,0.043372763117987406,0.017337410582646217,0.0,0.06367942843830074,0.46482471407260073,0.6156420359475363,0.0,1.0,0.3736539312582974,0.042635658914728654,0.25062166769825533,0.43530591775325905,0.01821228696999396,0.2959553274977362,0.16272528986339163,0.41035344519814443,0.059192277820926294,0.4867972980516941,0.010947274352099053,0.0,0.3226084390675717,0.649862617695387,0.004414784394252082,0.2848244801482101,0.14481296240809471,0.5520222068008327,0.37007223942208384,0.6022533343925229,0.13902333023843874,0.1730762306002666,0.12295173460731344,0.12490321331784764,0.017988239161401326,0.327373257975335,0.01249249249249431,0.353999780533303,0.07707458766886136,0.5656405241541171,0.21203911442238488,0.0,0.06881621289366127,0.4988485276506893,0.37797110767314324,0.5339798937938304,0.42607961222091817,1.0,0.011413852588794371,0.0,0.16438406155995694,0.02418720806548615,0.17341080392367558,0.0364925986842122,0.23188153310104456,0.045241856616264155,0.04771154117813296,0.10478542347994564,0.02202069945749028,0.02411245639236461,0.12145405129947329,0.39833462917910184,0.08250197941409561,0.7153286208072483,0.11155378486055868
2.0,0.021296872935892747,0.6926784576163165,0.3728082512892631,0.27074353821634,0.21233189618250867,0.5636064198941362,0.4593068320230357,0.5222643179115618,0.2668954855546258,0.27239121960399515,0.3848813452773864,0.18374456922698587,0.15925249990494642,0.2321671200679658,0.4292267850536456,0.4702163680899101,0.4306936771025183,0.1532175689479061,1.0,0.23843908434475317,0.18280887711162644,0.5134188402672971,0.22889630934880573,0.11494850231503355,0.34106763724598027,0.028158503067037755,0.0758387476727846,0.3545080375863936,0.5628170064644458,0.7609483947261247,0.22952362196109347,0.0775372417507371,0.4278285882873581,0.28370822213750146,0.329559891846109,0.2958500501504517,0.20273816675625253,0.22680350135828553,0.34783606933761896,0.42309889325241024,0.15560856540552476,0.4743243135472245,0.3173220137027128,0.6819291659009166,0.44269105930953095,0.6824934717837889,0.40882956878850324,0.30574631871466434,0.20248000553161083,0.16321443442054182,0.541795665634676,0.5171492827186838,0.1890618518006364,0.05772208418854199,0.08189712907978715,0.06664569621886693,0.24960736330764483,0.3558117811347099,0.38498498498498374,0.5653462087128269,0.318882677118357,0.7046039507138668,0.28548448545908633,0.4102441512080075,0.12040351448096322,0.6087245780493549,0.8798698037009501,0.2240311727269041,0.34077555816686456,0.34452846340419485,0.150506888484533,0.38641052088705374,1.0,0.30458308282847096,0.20207082879204205,0.3313116776315809,0.3411149825783966,0.21049173750595543,0.4352662805481002,0.19415337382366707,0.1916001040978519,0.29981530884465485,0.41651095634448587,0.4365829801108567,0.3874901029295311,0.7456120038901498,0.2520394612028085
1.0,0.07050519919228528,0.4891385171021884,0.2131270511017324,0.16032153003949798,0.10064814550438284,0.21074317384883703,0.30506034769128726,0.06551809961007705,0.21400711986043933,0.3893914750043688,0.13217035989313247,0.09043090963740165,0.060054750769932726,0.16362113215143112,0.5433962264150943,0.4936182219874166,0.2731737262124007,0.006001021450459274,0.1424917453378598,0.21658472883699476,0.0,0.2343177408924321,0.052035163893729273,0.13543590492470786,0.12177737336972999,0.07038715666466441,0.03803335993008962,0.21876213403743075,0.7116732968672301,0.6031099574576663,0.10074618700628035,0.7284947281338315,0.38713305797315195,0.06798830855254825,0.1850506564159366,0.18495486459378166,0.1254308027950805,0.255274675520676,0.1126162323499035,0.4875401642270626,0.11106179962276788,0.5161694220478342,0.10545129579982093,0.2939300060384889,0.36786072587784,0.8324072243320091,0.1141683778234089,0.0,0.1993166155760942,0.4728993754337269,0.30474716202270147,0.3672200931904158,0.34834357282550743,0.09635951172085955,0.13309818279233826,0.0,0.08561306110522711,0.1976071634129996,0.11579579579579685,0.41007352134313685,0.2112090404472476,0.6965069430862508,0.10637937603183288,0.30834448906738066,0.11259355678490056,0.67977809848415,0.39488858974101365,0.3932364506060239,0.7264798766157486,0.501869025538594,0.04738048538412437,0.2229241877256297,0.21241521690396364,0.13545761457707095,0.02555147905377404,0.09775904605263287,0.00923344947735053,0.02694651320243729,0.2741912699533837,0.12467463124875015,0.0929673893459853,0.2662630822901698,0.25717683030405875,0.38092849439442195,0.13460015835312966,0.6751725096095957,0.17093530639347396
2.0,0.6293381645247125,0.3570745697896756,0.47454289732770716,0.22253482087173426,0.2901521857065358,0.9989364999301127,0.5522090576901809,0.5786952794447058,0.28500716240940577,0.5072789106501955,0.5134370579915125,0.1946061152553484,0.252214744686514,0.25418495812821723,0.6117647058823538,0.520820325632775,0.5646408839779012,0.1904579502894112,0.26349811654187955,0.25675987094791863,0.4227890029811191,0.5680103470575547,0.4479697037549042,0.14113973525293577,0.46072186836518236,0.11450881887183971,1.0,0.553726282001501,0.5811163600198909,0.5238349926642691,0.34013873388914406,0.036528285963343905,0.450158577961351,0.12218833396873792,0.6560901716780146,0.7377131394182556,0.4234989091598951,0.2270676124358588,0.3781999770405234,0.6508389860764017,0.20437146344169638,0.6011356476940135,0.42210306821566934,1.0,0.48371791088816757,0.6749936933681505,0.5518480492813141,0.38346056792410615,0.9218487104432204,0.6305065926439973,0.6058823529411755,0.7965726088111784,0.32880622666482323,0.2840913182816606,0.6454491672991918,0.6551571170473609,0.258884546550276,0.36528499853750096,0.5133933933933957,0.6421595522879406,0.46493444482024593,0.5339930895103983,0.35926850950345013,0.47000701217568713,0.12841233684058273,0.4990020572972637,0.5151862195522156,0.2867515910657099,0.07072561692126939,0.8462548152375519,0.1859063733251408,0.513795771015985,0.1868173690000157,0.36396429727604873,0.21013002164468927,0.450555098684213,0.48249128919860756,0.09355299781840064,0.5133140274050009,0.22832543549356113,0.21322042720156967,0.5888569669608034,0.5299813147613369,0.4091444909834214,0.5084718923198726,0.5377668688926965,0.3217368620755077
3.0,0.08559323633206896,0.5692718291905682,0.5923112986404138,0.4302543136303788,0.46727864546155345,0.13426840310906654,0.7246152142619874,0.7831697132269574,0.4722793481498286,0.5044963907894562,0.6998271255696984,0.2600896248326362,0.5184783848522874,0.5817676434282466,0.6918238993710686,0.6999603765429135,0.7316144874155905,0.35427306775621364,0.41798818769474205,0.35927177753879236,0.5738986419344148,0.6091291226557428,0.23338428138903197,0.14729884119471195,0.58871701546861,0.1842407033255062,0.2168775409400052,0.6551733064119487,0.5016720537046248,0.3771105560925827,0.5271668964309938,0.07755945077093056,0.48141318778580894,0.1360083873427374,0.164239719407977,0.41049398194583625,0.5048218294495217,0.2282221551463929,0.5080932154746867,0.8893252409853619,0.3273604793076678,0.6851209416943798,0.5747691391123047,0.3185434114836309,0.6545883741516675,0.5193119294202676,0.623203285420947,0.44041268725844035,0.21323207412358544,0.708063844552394,0.7287925696594402,0.31583113962400594,0.35875427194247445,0.8057325987540961,0.13361164441666284,0.2014937411278876,0.3624127981299541,0.37552248945585626,0.7028228228228232,0.7506858334247775,0.6724827407834794,0.5030810352695744,0.6626169411167087,0.5448779243959977,0.13011172578370733,0.24100060388327632,0.5122460870788214,0.48622765414082453,0.45172958284371256,0.3520331002996148,0.22858425691802353,0.6892728210417762,0.14341572260482868,0.5374832354437417,0.24060912147122468,0.6151315789473717,0.596951219512196,0.07856766719325962,0.6939186325752217,0.24087298938797402,0.39118771645346684,0.563205417607223,0.6232376422626109,0.456321637280228,0.7179730799683254,0.5065193686506152,0.42363877822045154
2.0,0.07887486082017024,0.7164860845549184,0.36315049226441465,0.35639941791975577,0.23841475601747394,0.2757929152663915,0.32820285682648737,0.7154614086999808,0.24929439630107644,0.43301117040581766,0.4100267169574087,0.18377189387108195,0.13098361279038856,0.32419919660644664,0.5586385497595276,0.41776331588300364,0.4798035604665452,0.10916751787538186,0.2920987769148502,0.25384083576586264,0.22222590261676137,0.3698534166846286,0.22561551416972506,0.28071607122915837,0.30315438277221696,0.0924752907770436,0.11212432083285884,0.5354508037586388,0.4837891596220789,0.611981530640785,0.22740103722182095,0.08829751203451283,0.41350125387225206,0.09531071292413278,0.3952069148993929,0.5452733199598784,0.19369526037878998,0.22338514941140966,0.3092067500860997,0.3750089253837924,1.0,0.710098810919443,0.27621388144176406,0.5655438578067162,0.4270522277958098,0.6499921593225662,0.5031827515400414,0.3580030025233977,0.22446239657040118,0.12342539902845241,0.5330237358101121,0.47869248532429,0.1882420339384842,0.06488783263116175,0.2891068000178592,0.19370241321460827,0.19739581431023823,0.35242444542992707,0.2654654654654654,0.3003401733786881,0.43578775640132933,0.8367272964339268,0.19083096981755077,0.41387773315484216,0.10396102252594265,0.563945097798384,0.6287329301534355,0.3442174388909156,0.5656764101057585,0.34799543444143327,0.11146820426778825,0.34154203197524724,0.5109820502260013,0.2682791472043674,0.14967072440630602,0.2256373355263194,0.3739547038327545,0.03145515183429859,0.38165701370250066,0.18828005072415432,0.08556042680119356,0.34167863738969984,0.3472057074910824,0.41802312457676016,0.3597783056215357,0.7560320474227759,0.28011762473913904
1.0,0.0884051406895771,0.9831766517951986,0.57796530707923,0.36808952948513585,0.47668674870799166,0.14975904126987993,0.8067766581773921,0.5569868089931138,0.24780518246415212,0.5062169827806381,0.6905547697626911,0.21923928190835273,0.44026843085814266,0.3352910007489262,0.7117277099519036,0.20134719754094463,0.6785758133824431,0.31315968675519124,0.4850485978700658,0.4317099400829624,0.594733355415701,0.6251347273119207,0.22228604250430756,0.11858211711750402,0.6160145586897205,0.12879739347276056,0.215813670732172,0.7194739975667214,0.4659746394828445,0.6807362228099535,0.5402744042539224,0.2052502123737555,0.48196636672075543,0.14277544796035072,0.08483456580990541,0.1358074222667994,0.4813924811079144,0.1963401750679141,0.5517736195614742,0.785790789003927,0.37457006546100075,0.6819707953521386,0.5986744116770926,0.307122791357085,0.5878548244319861,0.7507073654642027,0.7337782340862443,0.7588718178043241,0.2281443750432157,0.4603636363636369,0.7235294117647055,0.3143519266748663,0.19376345785345997,0.25683266717079006,0.0329675849444123,0.17113498515937542,0.3411008437123346,0.11626392912070795,0.695255255255254,0.7585866344782157,0.6875634164295806,0.694086967859704,0.5337171400753503,0.5579779435201127,0.12915355967747758,0.28631232024237285,0.0,0.3332319915683651,1.0,0.34678270794692523,0.2036061157454452,0.6904332129963882,0.183402584809163,0.5649539841835087,0.23972644796831571,0.5903577302631586,0.6060104529616748,0.08084956994909606,0.7164853792908599,0.39191083227658047,0.39491121654355105,0.5114918941104066,0.6983183285204687,0.4677334403451124,0.6614410134600145,0.514228095805459,0.42164674634794225
