Type,218237_s_at,226866_at,226867_at,226868_at,226869_at,226870_at,226871_s_at,226872_at,226873_at,226874_at,226875_at,226876_at,226877_at,226878_at,226879_at,226880_at,226881_at,226882_x_at,226883_at,226885_at
1.0,0.6277911049301294,0.0216767393959391,0.16275977157865737,0.4383399900960451,0.0868460529124382,0.7865396899816907,0.2764302202668291,0.37119385493498036,0.7663788734700336,0.5128800265317803,0.272089269107541,0.07058826166586614,0.6800340223902382,0.4753285757874425,0.40494217340576477,0.14681214188832106,0.6130338673179703,0.5334634915247789,0.8196157996047885,0.6512620895802805
3.0,0.6022750000875102,0.41107931769858336,0.4404082209621314,0.44220619333914657,0.010785635185904814,0.919971551565554,0.6609216701795333,0.7238782373201432,0.755543420501936,0.540975778326776,0.24162738448324012,0.24977250456050792,0.5581513799955545,0.7040483090736666,0.5374060947185119,0.545438347397687,0.7090530531837088,0.8612799547841518,0.4487411888677596,0.5351145076663006
4.0,0.4575281546004501,0.6138408880277654,0.3963770140924632,0.5592673989473573,0.29940536008702595,0.7487929815966528,0.3899171620160203,0.7874290033114495,0.6156577726930706,0.7129531951468496,0.6797912082267399,0.25909249117892275,0.6211196337161543,0.3212633499247243,0.6535758761726218,0.6213362985343414,0.37384494223019094,0.7511038395825147,0.780475085401526,0.8488486657714979
3.0,0.7801911838756468,0.816032687021361,0.32318796591571974,0.6967763561927083,0.30369334310794244,0.6963111314881257,0.5479095958051224,0.5101685977238387,0.9764535488862656,0.7599957626932047,0.2719424092619432,0.4936914936777991,0.7190844657563527,0.5964605000541277,0.6319348289638325,0.7909226166261164,0.547191253891774,0.012940352736058279,0.8551049875937305,0.6394650111772409
3.0,0.48913216215188077,0.5381916148946951,0.1585974213052573,0.5417790627823013,0.18991867149119168,0.4541199290794713,0.5115444558358847,0.6610067557936524,0.19738272456658565,0.6634980086830078,0.41902950462343097,0.47758977584346834,0.5026799713822169,0.6199049392953546,0.4259556006628205,0.8673002822774653,0.6822246783640062,0.7770703172501559,0.7210770214782887,0.35257672118745664
1.0,0.6564418930852572,0.3611219680578884,0.15478788177417122,0.39880450611042867,0.0868460529124382,0.6220281034956167,0.4420143743283929,0.0,0.6985376493834643,0.4189238611606596,0.11218398654755325,0.2844704151721507,0.7636219225936441,0.3925057223412021,0.3412115145172571,0.0,0.6245484496916531,0.5767218805824595,0.9600656797481752,0.7390993070701921
4.0,0.8038862857755689,0.5285473498804134,0.47592884649945666,0.6362957893438028,0.17343089749396579,0.5534767400147482,0.08489911741216896,0.47339308698622595,0.8862365697536913,0.5451856212126751,0.4993436482534252,0.6717776352283276,0.5937139619256423,0.8149838838169406,0.6062707967861277,0.4966946622054152,0.7437792183354547,0.3147174459122618,0.6517025781920673,0.6311425770701765
2.0,0.4882571324112277,0.4244075038482284,0.33996061523202553,0.36780831818932147,0.3659741468971661,0.8861725729367603,0.3297407428608274,0.46397755266674684,0.6230664689256593,0.8592816322685786,0.7687976210750654,0.6614053905002859,0.6073830738023542,0.8741196315092988,0.6910923358519347,0.6212835059551552,0.50642833386613,0.3927039950542222,0.5056783260575366,0.5838488578899199
1.0,0.7724993300616099,0.5746614951202277,0.09135349675576018,0.3869343238752271,0.2582311377061666,0.7422633227867058,0.11120238731961024,0.4420845540401458,0.7533941794763491,0.5455294669340743,0.17814540366566242,0.12710033058545575,0.6284585327590008,0.5687692327790138,0.47419066840802554,0.2936786032536082,0.5692353463939603,0.36742455211730185,0.8285145739623803,0.5473348541241345
2.0,0.6620754504087275,0.09013623421049827,0.15721280916865768,0.3461054006443632,0.27508354861535655,0.7064024630696359,0.09924595983281385,0.5198908111168746,0.7782389067800558,0.5065549267429857,0.25459392268457,0.26216358643190196,0.7540448884583656,0.6475739049850688,0.3680814200355465,0.292602606975482,0.4116048277114111,0.685664449556769,0.7355980522660917,0.5545865418769561
1.0,0.6355645965525317,0.5694303677577894,0.0,0.3489128030409229,0.3866398317461253,0.588721557936661,0.5904890047816228,0.34081102087595383,0.6440787331960832,0.4908005541341089,0.1913583645605079,0.7652218980218678,0.7482772572014001,0.4015033932966385,0.5055985027159385,0.2416166900876189,0.5846264396007355,0.4871224381107739,0.9224871538592461,0.5772182142196911
3.0,0.5326188788110309,0.49273039859944007,0.26881366794042383,0.764582426776964,0.15767739957230353,0.5311098344127154,0.3658644259815075,0.5128927046738255,0.5725041368295821,0.6506160155133528,0.35937621218062155,0.29267027860082684,0.0,0.6346458277916049,0.46320615806785187,0.7619177944882832,0.7850253413238597,0.4783316353487582,0.6088161285269246,0.5106369582703517
3.0,0.3243788718883209,0.45068149303805,0.2769620713526956,0.09329415744426446,0.23816235865808133,1.0,0.21516024223326863,0.7271336129542918,0.27795731206531776,0.4470313627310749,0.625513924863119,0.14584013631954512,0.5881776095037632,0.8782744219854434,0.6526664918812551,0.2605899570904141,0.733460411362179,0.7187194502973816,0.33489843128999414,0.7274188738499988
3.0,0.26027681410175674,0.6181166656834864,0.3283032389670507,0.26808583708088085,0.1185286443769043,0.8597578049622051,0.3599476461216586,0.6157256322946304,0.6810631625431314,0.5948045572766251,0.5384697915148533,0.38163261478754423,0.6929643220294157,0.7804896826589299,0.5621010669972861,0.5869933715778664,0.4129613171428347,0.3058891762575365,0.44987877072487403,0.46362864352610883
4.0,1.0,0.610762855558723,0.3763811620823096,0.5002212611449021,0.13784153404373603,0.6013868408231801,0.35589013835140915,0.5791467163241002,0.5754205203900158,0.7437038325925953,0.42429618109370815,0.38438412121304755,0.7403424588635712,0.22016851688881148,0.556554063315423,0.6529993770141084,0.5951058610283922,0.6895341215383817,0.6604120178461644,0.5366317068008629
3.0,0.3091099960450064,0.28739239033716363,0.37795771176828347,0.3648126423430282,0.42915298007671054,0.7026157175272294,0.43635095486693937,0.5641760129219655,0.6899706679572923,0.6167690657753165,0.25929196654709114,0.6675176807544957,0.5073184577121282,0.15274805228340435,0.546316223672595,0.7002175721654104,0.6424122010783445,0.9010329344332512,0.42568562432452645,0.0
4.0,0.9874096385345257,0.34409399579203387,0.3898284510855308,0.6631600544229875,0.21390195177026944,0.6912972345324621,0.13463038828527868,0.7209043185629737,0.9315339643111328,0.5969019617236815,0.38196823407782055,0.39540082940317406,0.7105945687371723,0.7488587094850226,1.0,0.45598442099418696,0.6015718362203608,0.6331470992713326,0.6634457177518625,0.5974219725063247
3.0,0.5914866963135512,0.45857886095589,0.4102286564232964,0.656978269941745,0.10018305466032293,0.5093131651058259,0.328062347020059,0.5050280467229824,0.8853410713827143,0.7630385764812395,0.5896387888583204,0.755678240466847,0.6921701556615967,0.7902279460003617,0.549803339979418,0.3373330793794639,0.7121542648731728,0.22907289510635154,0.554000850518189,0.601895959895647
3.0,0.6191814679903941,0.6102022547049166,0.4414366574184943,0.39815817969984807,0.24412395450925012,0.6725981118534518,0.43338133551127056,0.4269074618504706,0.5898062287439536,0.5130246994803406,0.6587593443828604,0.318961337559516,0.5836404784674221,0.7441085025295324,0.3764801051694912,0.29893231049454533,0.48208861046418305,0.45988414423506957,0.45361988594362285,0.7919357120779315
4.0,0.1005982305026422,0.6118831713298628,0.30719024944044043,0.25126009434551816,0.1755748156788291,0.773844771072303,0.8847806679019035,0.6163369838540917,0.41274364747692316,0.8319086907091203,0.38777106408499484,0.470427252746996,0.7031262561752348,0.5439807549680284,0.6408790025217108,0.7994593334231092,0.6082230910446345,0.8593904384603127,0.7256168034450993,0.6354099213283381
2.0,0.7720244714226963,0.493252147924444,0.17548741664686257,0.4866962013307087,0.30474984698486257,0.7160634650996652,0.28176394511162295,0.41346536011967594,0.6723709030029784,0.6728091829651887,0.2628978046333444,0.173851587605228,0.5089408637996534,0.27264464490803775,0.5040001297890658,0.6406568308057079,0.664759201902722,0.7190658410669284,0.7784225947665782,0.6203093865669381
2.0,0.25924414575287924,0.7171610952814773,0.457441503767245,0.7178790876535192,0.3893158342384117,0.4705648038087582,0.39692685049449206,0.5633119472802763,0.4510593504828315,0.5326826589299832,0.742340670150408,0.5471758813614118,0.7003418760013159,0.42510094682934735,0.5254063032071714,0.48469204426487533,0.5633895064099783,0.3814929349481526,0.6658382195174758,0.7653437723283977
1.0,0.7847854051860423,0.6396050786259229,0.1692744920958004,0.24698114916760366,0.3574828095154426,0.6704469206144459,0.6153464435337775,0.3201508817446803,0.6147878075663269,0.7378234311606429,0.16197841144486821,0.41100615235669846,0.7452888467290396,0.468171650339145,0.5023202580258843,0.5988216255908357,0.5348251850112933,0.208741703099496,0.8811511550244855,0.6406925628681852
2.0,0.498041052958282,0.48487327928463825,0.198864562003548,0.38719767056262056,0.3237464243813159,0.6990235058684159,0.40899496206319713,0.521339714854709,0.3095920446720157,0.7672841130765568,0.7228430380382777,0.8215490918155538,0.16685857651162744,0.8525920040904161,0.6970636607790488,0.7750001689399884,0.0,0.09314924819625194,0.6031851458536841,0.7153790896321811
2.0,0.4146829365945479,0.29194061797230764,0.37897725193345716,0.3585016724194873,0.13520403652274926,0.7171487898040702,0.5398378397453969,0.6133240922304691,0.7810739814453109,0.5754812040345354,0.4328774158093934,0.2372895332528767,0.6677989099336453,0.44604281673394347,0.4674493313312416,0.4055344880217665,0.6454606924745797,0.46161186605625026,0.7624069333217406,0.6060478124215225
3.0,0.577870269578511,0.5777493213850119,0.3407498258186484,0.38164370405068987,0.3783691244242177,0.6983468849691945,0.3794268505187988,0.4979348836330291,0.41052239727356166,0.6695316490341003,0.6891718791584331,0.5729596947313116,0.7677380789229277,0.77238810891546,0.4493727496546245,0.4500835176897451,0.6153159502297069,0.678961849234002,0.5431479784177379,0.4964015545276291
1.0,0.645119011019147,0.1623151281779755,0.20663602567379696,0.47549931529874395,0.25549522251022605,0.7393776899466843,0.21164343704841754,0.40938955630313406,0.9046395184651284,0.6291367962297642,0.15752380135056163,0.04411571495977107,0.4352769997034417,0.29222581836902345,0.425087373043772,0.63077249296675,0.6538587519687769,0.34360934265952736,0.9090886158820932,0.6948691995472073
3.0,0.3233192420987705,0.5646612285913434,0.3271318716936222,0.5965918363291517,0.1668444554539111,0.6890003066486021,0.4681227482410726,0.6202077682153357,0.22906962855024607,0.5963306228659861,0.4123911369136831,0.7898013582783082,0.6650585520428431,0.7899208713714837,0.5741722770485028,0.3864696303686361,0.7820473602547415,0.7722365930347794,0.6041686608749287,0.6576487963322037
4.0,0.6975312973119359,0.5983608393236123,0.11604204209161485,0.08412199537282747,0.3558957613746635,0.7734604726767589,0.46859887893544794,0.5522393339420008,0.1494080393953076,0.7979581693121169,0.25000316980760273,0.8784917006197661,0.44579241350627075,0.7380898105338614,0.5058210034427784,0.6234577621476451,0.04269502061834817,0.19358579675364243,0.6029104327355437,0.47356880988527855
4.0,0.3749722820971617,0.6421474916209159,0.3301375265004226,0.4708021996166413,0.20863930566637995,0.8653193968375722,0.6326460521667636,0.5607777566237074,0.292119174141016,0.9175962030188556,0.39725134651388133,0.41173118103261286,0.5493808757274133,0.16766645954445994,0.18490169151462643,0.5832205480054541,0.5015219318154696,0.34098158755069097,0.6447218798650985,0.7181549984736401
4.0,0.9332203497891292,0.33867863897095457,0.3718322452753769,0.4337172604572029,0.0868460529124382,0.7617822473747385,0.2467993399394413,0.6437017601843203,0.40898007687109067,0.46661243407753566,0.13831003382015242,0.18732828594449855,0.6470602841664981,0.3143946599344769,0.21719745385573697,0.5706660223907293,0.6746269408633515,0.7532590232902664,0.8476877303681423,0.53889876713294
2.0,0.5724806976477007,0.3319007806215902,0.3452942695394467,0.36617611222065033,0.20137883518508248,0.6077301830272409,0.3906988284719726,0.6991362891560008,0.7815053478162531,0.4798497671742341,0.6895408560587939,0.2708964870436881,0.737424132216604,0.9624487485868793,0.5682628869612403,0.5734158842806204,0.39029818929570714,0.6753479623687324,0.42595020815482326,0.550500906099436
3.0,0.4645329843030984,0.5616329330286911,0.329018828549879,0.2088360560829387,0.3026307145366603,0.6201645545786155,0.026991137476846984,0.5042981529418041,0.6975549881653944,0.6726400658692916,0.754411178395901,0.5862669062748128,0.6335801819471347,0.8996029571541178,0.5738308256459462,0.6109197147429725,0.49871543296340626,0.4364057093143624,0.6080663958111234,0.6772211269084767
3.0,0.546340159237445,0.5058010401629106,0.332531720071128,0.6316140711571464,0.21901771399176967,0.6568348109071819,0.005303386830870817,0.5415093284013671,0.5469553878543467,0.7480288672880508,0.5886534890871773,0.39622178033915967,0.5067759639113703,0.7635046958154621,0.5194417238186866,0.6115416901711141,0.6564481057874793,0.5301045739802214,0.7106319899170909,0.5998068178823487
1.0,0.5873809155036561,0.6963370414191226,0.13559017924836844,0.3189266068496239,0.3719116025033195,0.6585581398177709,0.6213510046033003,0.3038749987807775,0.744419681251682,0.6620666617837948,0.047081200317648404,0.15257049600563508,0.6735512224561707,0.3484417512004098,0.4717271641181942,0.5452315075604405,0.39593827938637,0.0834632145830103,0.7139089610167344,0.7611800436075914
2.0,0.6066688291584762,0.649468282764356,0.29467206030328996,0.5937703456418922,0.18186010280689677,0.7190960524679363,0.3142321149543165,0.6016051645366065,0.3776863145042959,0.8361161355600351,0.5180766805641418,0.3468130984365783,0.4716671055632587,0.42527070941381606,0.6581904988073117,0.6710296232726894,0.42375944410818106,0.5031811983502532,0.5482119078956786,0.6573949138781909
3.0,0.65045493644036,0.488232754206057,0.39168614488923076,0.7065149906658433,0.02586011833307164,0.7229664324721278,0.776332396656966,0.7082122190109976,0.6241091280254208,0.9092718075865969,0.3411648919825009,0.42042739016698044,0.7919358952989731,0.38773246565631597,0.34018563927677903,0.6726990058658668,0.8370291876350009,1.0,0.6181550797630285,0.5495532283593307
3.0,0.6814758167388268,0.4919995191582161,0.13949900524727246,0.4030534037705518,0.3682232906389936,0.7218945344769152,0.19351451167362393,0.3990969928529801,0.5909690446102397,0.7368040919599026,0.09867233678252364,0.36268218034016564,0.4160707090473298,0.8031303792107195,0.5803586460909351,0.6087588118840458,0.500654952450923,0.3814929349481526,0.82143479554932,0.5845364827060616
2.0,0.6587005279667086,0.6862051951915988,0.3868601503513026,0.4686133319069098,0.0868460529124382,0.6473672012552134,0.034494456115068545,0.5346696007982892,0.6763365812704626,0.7711633832058643,0.6032980898338557,0.3221377164607129,0.46006000206973136,0.7853762889345484,0.5793191749079711,0.5384761867092994,0.6095641136858904,0.5521948491074523,0.7222775785335152,0.534788783842195
3.0,0.5991820742566839,0.45068149303805,0.42981647031373577,0.4340834716705079,0.34095785062810074,0.803067897688375,0.4107780156436514,0.6684607559607664,0.6610765335157573,0.6112705672705523,0.4993436482534252,0.27791219846804416,0.6666026680388604,0.3820343608216294,0.450872854558839,0.5990726125505784,0.7536871836332326,0.713824844029479,0.587704991829915,0.20105520337252508
3.0,0.5305302252141364,0.7202835308235029,0.46064578174509274,0.5026290385784915,0.19187914916517576,0.691068048502765,0.6265214400418216,0.637507087101363,0.6883653606741592,0.6302822425754107,0.3623047463802798,0.4793176750428924,0.6426860498750043,0.5150468360876812,0.46765412203259793,0.629452224914284,0.7196303873369273,0.8745636364403099,0.7597143414057157,0.9216503186046741
3.0,0.2034579762937819,0.6235757650667909,0.2498079033790647,0.34300246754678704,0.18390820137891534,0.6531204494820431,0.2587131406651194,1.0,0.7752460709073424,0.5633604811545293,0.4379949405243808,0.38094253187278704,0.6273100387169515,0.769798088855542,0.6250940526963482,0.49654670917408045,0.6002089590837497,0.7739520738363733,0.576409792453951,0.3124430312264578
4.0,0.8407922057800171,0.46073232585015766,0.1443630018115631,0.4030534037705518,0.22235058608477654,0.8391702338966214,0.29524694803589463,0.47046541783544005,0.6743568159023707,0.8160603554252319,0.05453595051240683,0.27258862751397644,0.6259653020483386,0.2243519892044252,0.42394196894613245,0.6327275937787624,0.6191662573718515,0.6226304938578945,0.9496430655180316,0.5894203318376863
4.0,0.665255764972247,0.6382405668314034,0.44022431208828816,0.571895708122584,0.300486796351797,0.4590390868162683,0.461189226709555,0.48846176782363404,0.49325292735055853,0.8395579090862747,0.6190064474784491,0.37430333913162656,0.7305176139008999,0.5208152292295958,0.5850319164446917,0.4822234185490531,0.384761842753993,0.4138735704325689,0.7312557093284192,0.7300548284719888
1.0,0.6946784031808747,0.5765924371347789,0.21721701710078706,0.5132421565206885,0.3443841731004949,0.556542827463214,0.2876519713999552,0.43724327045528855,0.799551271103373,0.6338261590573654,0.14810825988073847,0.34566731443034276,0.6259653020483386,0.3687735690995048,0.4913529620274793,0.5485806685560809,0.6372217541358097,0.7197573509279703,0.8509060334830315,0.7742349408857517
3.0,0.3223524015652089,0.7480624403055771,0.38052317663363877,0.5132421565206885,0.0868460529124382,0.40482350645600784,0.17800017829677228,0.5082300819122834,0.6769575296446756,0.8818014906782652,0.3077337650756712,0.5792036699195993,0.586456173474935,0.4205727260262488,0.36160563599719286,0.6583877815166891,0.7737739382994935,0.6675633492126269,0.5680652135174025,0.2920569094425003
3.0,0.7524911005777302,0.4845577836308455,0.2025919483407819,0.36207665165679553,0.3089160016647281,0.8978105757063299,0.30306405790685836,0.4249302621864657,0.7080671640642663,0.6026503948431223,0.09677111567016315,0.26139745599210223,0.6870439481202746,0.43390666962773394,0.5309672666697648,0.5269980186823644,0.4758821793269196,0.2792645649464479,0.7298214709190743,0.568675499622386
3.0,0.473305789192756,0.5882004402141585,0.30573336442250487,0.4738994297790813,0.37695365086391164,0.756430421052552,0.364523254130263,0.6150510695928295,0.6446724470804158,0.6359192569124215,0.5737039897664165,0.3953261352908002,0.684939577855337,0.8529529966022626,0.5779697860285273,0.5034959841357658,0.5956020145050234,0.48156003205571807,0.6839988876811389,0.5587419815312741
3.0,0.5789815731140939,0.373570412697212,0.47194954226367697,0.3829706079838245,0.3374662609607148,0.8780962241183364,0.8175180246948367,0.7054828888632794,0.3247434737590247,0.4850841770999548,0.2375418064913191,0.4988300877010248,0.9851612067701918,0.3674799547057937,0.446700948888833,0.5927291810926382,0.5086664266052188,0.1752065263848863,0.4949337434344261,0.5254691546365994
3.0,0.5722652627624805,1.0,0.3647637303183061,0.5133495204105512,0.1480276497575253,0.7842911477112687,0.4599881523128738,0.5038799212171844,0.10902445251663691,0.7159638028143595,0.5166681625852975,0.6952854825992243,0.6032975407383679,0.377894339546564,0.41578014888621945,0.7194455056186024,0.5378683914025576,0.07681628115118495,0.25752757108817476,0.5046689297025015
3.0,0.7189374041603768,0.11752074951180329,0.20641411290242548,0.28663817446984113,0.36896691403287657,0.7017202468801678,0.22310018158163297,0.5915392198576096,0.18447429902582158,0.39066572240875697,0.3672666441236138,0.31080617778144004,0.4192301042953454,0.5841922580389023,0.5952405550108723,0.6843701419481437,0.5253912403355984,0.8610706315903062,0.49653190879994225,0.4861978208411347
4.0,0.6693113517131732,0.6075822021614905,0.1708964545250071,0.33488987346793264,0.3526798382705174,0.8982524614028972,0.021420411135216293,0.42339648319681106,0.45226309363938644,0.8271420548315345,0.33695099063546174,0.25474386017260037,0.6348957564594487,0.42339888958688965,0.31384986412923516,0.660153281670279,0.3207337216646145,0.7030417929708357,0.7100417033864621,0.5112070096074497
3.0,0.4574687806958134,0.42106317441436825,0.3755479424859998,0.562647023127646,0.1242573267085553,0.575997124853965,0.46764635521572123,0.715054481944011,0.7390148698190655,0.7700989230424642,0.4052148238689881,0.3592581178491319,0.7646555527830475,0.48816125759887835,0.4922373575682542,0.5152549958870445,0.7620640764797026,0.7008348939555409,0.5478407902810393,0.5801982147134911
3.0,0.763775427589776,0.47196701225376103,0.25733687825890156,0.38004765236233956,0.27997191604873406,0.7926680363435494,0.17399405536593202,0.5911263005486881,0.8428179083273116,0.6355609253792958,0.4032083965462114,0.30562358439578485,0.6146178435521328,0.6189168381841588,0.7621632498896233,0.7660047143449258,0.7742350841243394,0.9004870760273211,0.722316272335011,0.454251647560414
2.0,0.6780641233207256,0.7026100562402195,0.431058519872454,0.49537740117930934,0.9419288703472093,0.8611942548138096,0.2337828075984127,0.40218731608325825,0.5049511765399173,0.45729132087785607,0.8594007788447801,1.0,0.7028179827285636,1.0,0.5766464673375239,0.3002234060713211,1.0,0.0,0.18215635138631542,0.9141737751817035
3.0,0.6703434843007879,0.6506385447514466,0.25240823625352327,0.06911355418233614,0.27997191604873406,0.0,1.0,0.49511601637339675,0.1583564960974945,0.8788659760615803,0.5449960823553817,0.5880444054708668,0.7876161700194833,0.7648908369601443,0.33921423384655036,0.6858943084180202,0.45751074236820455,0.4138735704325689,0.8481414415298811,0.35399044567759835
1.0,0.5647983986004182,0.42652015140692595,0.0831081130636639,0.28072422702538075,0.23356037012602693,0.724035880412644,0.2891177342855334,0.5549606886467873,0.8801058810301016,0.5920612336340254,0.0766706155419582,0.24188047542344293,0.5625703703222494,0.2775449609580601,0.3796858400269596,0.518993938705954,0.6461577056733732,0.0558821398499496,0.8350129476835474,0.6040706172782045
4.0,0.6549209671940089,0.5106357437590899,0.21566812057861098,0.4738994297790813,0.18390820137891534,0.5336841642648066,0.33919059997158296,0.48969771166602316,0.39703040620024216,0.8600395752337472,0.43674671080072125,0.19094585724105279,0.7555050430764592,0.01971018130565625,0.31152021321407397,0.5174532509553932,0.46902806167446526,0.39814696956110734,0.7440911573753304,0.5925207383593715
4.0,0.6674159730959766,0.27375804888715277,0.450655204111088,0.6010796179143373,0.9056586893644968,0.7841032805052629,0.3583269271482814,0.7631087831617406,0.4424877028504959,0.0,0.29460561337068947,0.9410233725090171,0.640108688798272,0.5514614231967808,0.30991805810518963,0.3924705516240203,0.766921666174653,0.372192287863668,0.8683579484201707,0.6443569438150987
2.0,0.5742176087717662,0.24937058107508686,0.4086674764934604,0.5285137888759446,0.8040695637731815,0.6796981459763993,0.2071467157441029,0.8603803981034398,0.6199282535497469,0.41716227253844723,0.5079495054776169,0.08806846708100272,0.7134476998056944,0.912057530483236,0.7511097488834081,0.5646258066228332,0.5848517312706051,0.7985074351401886,0.6321564539879695,0.3393438793691605
1.0,0.6790907331180156,0.5613394139300467,0.12632876946591168,0.5446433006518162,0.17978886138841124,0.8565498165960491,0.0,0.43346378164305865,0.6976096200836164,0.5493679853927234,0.21326608636195385,0.24633399036649334,0.6122229914162439,0.44978738851369837,0.32653453989581854,0.4154643870029779,0.7191154404904714,0.7969351770710724,0.9660983436717246,0.6237657793498784
4.0,0.7434590857777561,0.4437091865586719,0.08315037020166488,0.6486673379894651,0.2811739066849653,0.8082716387058537,0.6275122197069374,0.6081826758854508,0.21702288296127278,0.6790353421642125,0.3484825576810695,0.5496480914124976,0.5989552693317742,0.6282439454414244,0.6055852520537283,0.7663384017235316,0.47517994029287286,0.42092338893892717,0.7358638222001547,0.4483313057609641
4.0,0.9546582497247427,0.6058006253406256,0.05894462039496036,0.44807987148512657,0.25686828447497106,0.5901458612291618,0.3637175513363175,0.5073055115608802,0.7006072113452866,0.8613848196306703,0.38938334892683685,0.18102183052886903,0.5981219673248893,0.36996355006338266,0.3144605880958675,0.6519354253016931,0.6115955365304299,0.45814579021270313,0.7203595896638119,0.5675590502251201
3.0,0.8830177498073964,0.48129216846457856,0.5748228671560677,1.0,0.9032202109596962,0.7604006041467836,0.589661783174266,0.35918958037213994,0.8778019403708679,0.22187088741419494,0.5185159951391913,0.5645744688201194,0.8992692818673366,0.9097769825379165,0.5892912066579068,0.1481418587928658,0.6448624705478045,0.12887869714752198,0.4415321199932712,1.0
3.0,0.26508525271466044,0.6377853401566029,0.40618559919081215,0.37911471655307033,0.09027237538483242,0.644083796410319,0.7666076688794885,0.7035227522542221,0.5030286103670296,0.5076499252774032,0.06933064811818097,0.7264707852357399,0.43057426425613166,0.3463331781729335,0.39438450615204734,0.7267417093445155,0.7422245537600014,0.8719564036731224,0.5913916126348426,0.2691145379473373
4.0,0.7076867977000025,0.4321702735153144,0.15714168291150674,0.44760247301603573,0.27997191604873406,0.8259561423601915,0.47452849563968125,0.4746009247719594,0.6845295588355274,0.8246564349757388,0.15957063682298878,0.2669273200095983,0.661775987823368,0.649532627644622,0.4986740099128368,0.5257436554599058,0.609081763886007,0.6055660245382718,0.7697547118214286,0.6244903565292904
3.0,0.8959204597218422,0.6146788072824444,0.09666821422509617,0.5302920538916521,0.12141536411874111,0.6649040717489803,0.40002411942713834,0.5398423302327428,0.15555759206674277,0.6939321945667255,0.4151229047731876,0.479125960300744,0.6375120214661848,0.32833672768867367,0.4129103583179763,0.4299729339600658,0.02013668443640959,0.12322887607175657,0.732381940337691,0.3192232522025447
3.0,0.6242106148705328,0.700980913093895,0.2037421746136951,0.5256789343205626,0.14300533791541237,0.6742644493521669,0.09375607904649602,0.5128927046738255,0.6864225392990402,0.7136410712048105,0.39939541394094913,0.25677760005565214,0.6880109040274034,0.64135402491353,0.6344358727473913,0.5165834044937654,0.6002089590837497,0.35514080650410046,0.7821305886869088,0.529547653748057
1.0,0.6503072794028645,0.3168602710603825,0.16377657462290474,0.3294217484882492,0.2950146611791655,0.5878648901289456,0.3523581638726478,0.4420845540401458,0.7662807455756688,0.5252749869877748,0.2195331555012341,0.029415691259305307,1.0,0.6104062878164975,0.5291225466209651,0.44217635220806023,0.5385489967457602,0.0558821398499496,0.7848989059368426,0.76384615985659
3.0,0.46232471304900097,0.7772127775802595,0.36583692336131973,0.18920611476382726,0.29940536008702595,0.5156927272593501,0.3201864653261604,0.5471985811341441,0.4179249576497984,0.9213549912233774,0.5444140047996315,0.36600568857386084,0.6928056342409102,0.4970246324836375,0.42154852700788087,0.7938670713916034,0.7973115333580354,0.6008709307955289,0.4271542859069191,0.3695830336680281
2.0,0.3154384039119565,0.4959611250027751,0.47909938945311975,0.35739750843774737,0.1690663361756545,0.7304017373906764,0.28647756942771224,0.5581317211072362,0.6079737269803199,0.6875744525232385,0.37833488510779445,0.5352174859036462,0.7560344871930254,0.5611216171239604,0.41727707895718863,0.4742470158017265,0.8104796741404492,0.7464294642445802,0.8550729061183838,0.39533804951920065
2.0,0.6108405439129635,0.20952994700111874,0.44359568910243075,0.6657666193941094,0.769901484323135,0.9128908584685014,0.3943372908495984,0.8881725237965892,0.8106797566861669,0.6798720938869001,0.24614367414370764,0.34089430414006366,0.7707934359150023,0.4412050248025982,0.5405346667237039,0.6546045219861328,0.5836678045940047,0.7127648741660014,0.8026686052800239,0.473076543400632
3.0,0.5438106654258805,0.5497295821490771,0.2467878183573457,0.43967172527752907,0.1095852650516641,0.5727612012526336,0.3545333934956955,0.5100670184655497,0.5595523411507487,0.8729542904804672,0.5891084944635044,0.6136267839106183,0.6536975779050076,0.702797316619562,0.4944585686758882,0.6201591360331049,0.5692934576019613,0.681741030414804,0.6472213518979547,0.3554001187307545
3.0,0.782433778739448,0.6003435892201864,0.13860869150096594,0.4842254638715294,0.6429288482035957,0.5926987317227598,0.46573815401280355,0.44292735519790677,0.27785201058318726,0.8818828410861005,0.5725284502427437,0.4920716569571569,0.5583853681704436,0.6405630830432547,0.4085411694197259,0.5927291810926382,0.6498257044567545,0.7012039098632354,0.645541643840325,0.6326581656082471
3.0,0.6022222692584523,0.5529891886433024,0.17718796406286064,0.2664877233079526,0.15291601719090286,0.8319317442767961,0.6927208549956975,0.5282508481166518,0.0,0.8128521606804866,0.29892917513207734,0.7343205068379451,0.029185480394368614,0.7001638419592063,0.8736382427060893,0.6406568308057079,0.42446063329203343,0.12322887607175657,0.0,0.36836584221804775
4.0,0.6067207178794091,0.7562402450239858,0.08706221597145365,0.6784727879369886,0.06482325030734452,0.7697938083618396,0.904123647863373,0.45130791805295617,0.5247251096433405,0.6550354443200506,0.5953588286310568,0.33582826325740683,0.9594399001058125,0.6862887379373218,0.0,0.495485090908971,0.3546793567667545,0.8818551613011744,0.7203983883380415,0.3242477825466083
4.0,0.9152449076825464,0.5353877291121507,0.43442777846727637,0.4249863573943817,0.18390820137891534,0.7461512883625226,0.33808419762082526,0.5142913220011832,0.6401463373228568,0.448392885681913,0.5316825755260561,0.370248796946525,0.7385387745529652,0.3677788952452569,0.4282310729908421,0.16893631463185096,0.5700482832531312,0.42092338893892717,0.6022231836322016,0.631231858719161
3.0,0.5528692862391148,0.43239123630249593,0.3045996070953493,0.23108991113087132,0.19187914916517576,0.8579961338845863,0.6833032884793543,0.425692943119399,0.40708995350366184,0.6529458298662039,0.8437495599963303,0.3387408435327178,0.75271211685151,0.8336825868780143,0.3491540925759553,0.384705332553961,0.28573267993868323,0.712410665170163,0.674211047337154,0.5612184990026766
2.0,0.5424607992451936,0.4620223143955153,0.2056206296784158,0.45413461875559,0.3246937283770141,0.6180256559039135,0.6199536654479847,0.5655822632105368,0.5927093138480399,0.49012627071870557,0.1951660839150416,0.2784695195950345,0.7582756469121894,0.5382041677322842,0.546982882537651,0.4276205902013195,0.63177148121392,0.5595965381590201,0.8393888609734919,0.4350767699144725
4.0,0.9148428156454969,0.5570251320209276,0.3081671067507852,0.6051650052637917,0.10018305466032293,0.7276538268430935,0.26926701752399196,0.5129929175043738,0.6728253699258315,0.8372509133682275,0.6313099591685339,0.3218808703084206,0.7269401469808235,0.0,0.49476393668233765,0.3661333499219057,0.6158451629321521,0.41792355575052065,0.8462111595545693,0.6542528750520088
3.0,0.7762784497592824,0.7110585954035286,0.3541514504258742,0.4546070034919393,0.2775440273729984,0.6919841198091508,0.38153511933322865,0.6021286102385783,0.26325929633466383,0.9382626749377342,0.4828855129361398,0.4680836251471283,0.602886326611931,0.5129260359914484,0.42791331751510836,0.7163342634564476,0.6685777972782031,0.2873591485071267,0.6868114415045435,0.517996589363554
3.0,0.6871302827311682,0.7482266143085423,0.29560050440673785,0.4268412113869039,0.24989775200608033,0.5653225188105411,0.31280834825827397,0.600817524823772,0.4280800656477168,0.8909293453793717,0.6385433050909992,0.5146759403490482,0.5732654837829372,0.7341999785322342,0.534664720632523,0.6490794931542164,0.6765022402116354,0.26752773458089296,0.6351820385027108,0.4830708351671934
3.0,0.7293152118395244,0.8878650530800448,0.39930069899105136,0.5601638041568623,0.7496701996277805,0.34156080489815366,0.4742920900827365,0.5760596599395936,0.36769884002409065,0.7547102264934333,0.7321006977018314,0.3148992231395497,0.6997200758921118,0.5590817036509943,0.35567707195390624,0.48267374704134247,0.7607237884707458,0.6396412160171651,0.632024613330195,0.5874726070845017
3.0,0.6916686066223433,0.8240116828684652,0.1861566003222671,0.8827069852859136,0.2256239394126862,0.5381554377354403,0.3556189596384648,0.45171151637836654,0.4136810897199216,0.717437532856221,0.4616086709292912,0.2311404353663341,0.5273283121775195,0.5829912654165005,0.45774085885498605,0.6806734018684406,0.7438609077071431,0.1425278079606417,0.8154210888905371,0.06309988485139342
4.0,0.6870915018961185,0.41186797050259644,0.20460282663790183,0.38930041695195244,0.42968661339449155,0.8507194200260332,0.5343409787712314,0.4696037163919982,0.5996870910864411,0.7836586383662423,0.19945664380434286,0.21131357270839304,0.8433738685815486,0.530122256058255,0.5859658013649265,0.8780000783975138,0.583103033330389,0.3686240513173886,0.6500763184239813,0.5446808213354781
2.0,0.7301792718229664,0.5482446329834259,0.4566986465968456,0.7156383929802277,0.2256239394126862,0.5826916808770707,0.287064969802978,0.6031715774253008,0.7214165062398958,0.4514258692328912,0.3953248086755983,0.0,0.6519162098126583,0.6095948050583686,0.689648048938794,0.4145565896310086,0.5931716346176487,0.6106928737432517,0.6398267509197133,0.7495972962971973
4.0,0.6641341726236801,0.167146257637994,0.33512415859462946,0.23007241210345653,0.048518916820997876,0.9854432594808278,0.43610387576277476,0.5792925855627538,0.7341834103932323,0.6565403834624288,0.4005200308352615,0.33214420025918745,0.4979785758630036,0.8497949318046388,0.3831202743998973,0.46411811464674185,0.6266746998436472,0.9485999307853881,0.5532890231028506,0.3538335656750792
2.0,0.5092187785665584,0.16842142020708967,0.3622785415391192,0.5802378033846246,0.093635825994083,0.7791920666491967,0.3583269271482814,0.6993824166214585,0.6739034363173955,0.6840395400898291,0.6861478909968545,0.39255513108868073,0.6167986846867708,0.5177459228213571,0.7783056053051555,0.6666190398598776,0.5361317075610645,0.25883530606231214,0.7877093748236264,0.6783580865383515
4.0,0.5836271490242974,0.27106150357496805,0.20127820429085072,0.7529598356052289,0.17978886138841124,0.5838462361088728,0.324133373538504,0.5389595823948948,0.8146044996527303,0.502229684909107,0.40119353686342935,0.18446083132991847,0.6536975779050076,0.4730330514019384,0.5199780586968851,0.7495631727186103,0.6703813637027092,0.7381393404338344,0.5206219331530594,0.6101649143951653
3.0,0.8744535135912006,0.5138126012880193,0.2826815260599283,0.5192260149509118,0.3392203692288186,0.657081389711451,0.34853829446402007,0.36598876905705036,0.6955303194061918,0.6210608198405934,0.5020780128645099,0.5408311926710233,0.593925142844715,0.6772363749611264,0.4291374994667375,0.47446619858170436,0.7491824174135726,0.7750899671662451,0.5349545360644873,0.43905118348641464
4.0,0.7351012618117057,0.5964690624201718,0.4831797430714752,0.7033647498754599,1.0,0.3501900442311551,0.2167540736875856,0.7781395701775778,0.6323292682537519,0.4724181804093658,0.4857150940136304,0.3714996088636308,0.7270839567600844,0.48915695648496826,0.6397298055967412,0.3256792955251567,0.725641229630299,0.6391822693083006,0.7138893834680287,0.3325096032948664
4.0,0.648959960024084,0.8389635525646064,0.36917075261598287,0.4223801804856185,0.2121644703709873,0.7512182998753238,0.3788989791231979,0.485511001494947,0.5182497061955166,0.8617206898972793,0.4617075518128439,0.16417829275213294,0.526559962839088,0.553129241420489,0.38561271764458105,0.5113082361398544,0.2650071524440684,0.8551457058913261,0.7156882575568555,0.6574795559232647
3.0,0.6694491924608706,0.3870282748073094,0.3017647439501705,0.5108754232285839,0.47480352256757674,0.8436587559009212,0.19122143465851393,0.48436488321168014,0.8080651382074873,0.579014435724613,0.31248124726401577,0.2183156983518822,0.6984731196269147,0.5340293081693152,0.46785880356464343,0.3285384980687143,0.6181670016776565,0.29677607508165965,0.8107063221965138,0.683763161886522
1.0,0.4933619344676883,0.09272420023543072,0.10385506660656382,0.40266834428774,0.048518916820997876,0.5915658418950093,0.08006344417211056,0.37857501059181187,0.839588299122173,0.494086875057907,0.12232446530880034,0.27623675967113354,0.6224832624908736,0.5628609327912246,0.4679815601310017,0.6214994402254503,0.5818582640355661,0.6432861909402627,0.8645061678806382,0.7191266107577069
1.0,0.8426312063139195,0.30022883913573806,0.06608257587199963,0.24250607094760995,0.3636970627673266,0.7052918922413834,0.5884194649732849,0.4266044944729193,0.26185713182098325,0.8612588228774473,0.012526318608293034,0.4448175313938712,0.6788793345390931,0.5443463354039286,0.347085717938223,0.5911510139900545,0.5933930719179951,0.4373457489078949,0.9117590527588987,0.5574990314227232
3.0,0.6029420539439496,0.478122317379636,0.20581119943312434,0.4374910267698794,0.2032210910457471,0.6718821464952724,0.5212281337477959,0.598636053795535,0.43561253064925204,0.8239444832508793,0.5040733481640485,0.3878795624566357,0.6528080381098942,0.5394410398746731,0.5258640087310263,0.7452000472861613,0.5881629296618588,0.7461150717389289,0.6041458039297275,0.5821748990842786
4.0,0.4775898565927201,0.0,0.18555782702420148,0.5197574833053482,0.19763782951918285,0.7246763778025653,0.3701422495205476,0.6110824742103163,0.3348413075210151,0.8192525670965114,0.26884791466832386,0.6819535210960509,0.2893413206333518,0.3247613247968672,0.31525307976393496,0.7234257031244301,0.4493602125078887,0.1504115281193478,0.8178935608597306,0.6812696867482512
3.0,0.26804856136240574,0.7578682853483215,0.38355644861497995,0.2532250513153095,0.4359719005225593,0.6508775959555576,0.5178624100774396,0.4765190348648195,0.5297876197243053,0.6290161037286628,0.6611133129198571,0.3767059992551884,0.6490468424279842,0.6933938590811993,0.442308289577466,0.6093343313200272,0.5454260495081761,0.7756571995599943,0.6345691955787964,0.6102580855752395
3.0,0.5823266885446193,0.4831895529975802,0.4144098451422736,0.564626444519642,0.45456251489158284,0.5890067656689127,0.3059414426558849,0.7723259462661023,0.8293560097154291,0.7770823204037794,0.33938169771874344,0.4663191743708974,0.4441702604856634,0.7475819916744642,0.5205136454441701,0.7273277964066759,0.5898938772905756,0.7439044719049837,0.5919499314450325,0.6636194148620844
2.0,0.6152857143455812,0.6228371887216717,0.2886139224010876,0.5949945722948367,0.1095852650516641,0.6249416232259583,0.35208587499647626,0.5875830869165717,0.7490739073471246,0.48341987360205607,0.6282460919017926,0.051813261946484945,0.8035448588057962,0.320695953605941,0.7344918255516415,0.2635813647888615,0.441449535576912,0.09630550044178825,0.6273061843103084,0.7299087565351382
2.0,0.5823644693540292,0.6237603290193617,0.3102386906548026,0.2420068353337943,0.09027237538483242,0.7278657784980302,0.42915683898440765,0.5379842254507435,0.25589064460444066,0.92219577881282,0.39441551686730913,0.4895073396462772,0.6391835388818317,0.502198361158259,0.4413447706857222,0.8453536999581998,0.2771061343618644,0.29210685080522597,0.5965162486998432,0.6032208089866838
1.0,0.6490638336526071,0.5704010387473223,0.2078070916064866,0.3286986457682073,0.29277923206943435,0.8492503975625126,0.44861574659350145,0.26823290783544584,0.694762553947513,0.6183665034276787,0.012526318608293034,0.0010898637337612269,0.6834751864678585,0.3582916889198089,0.41215406197226795,0.3183969228231332,0.6865537638998843,0.45551803510386674,0.9763780479731833,0.5641944171371645
4.0,0.6829495400047662,0.4868692474283115,0.23443104350157287,0.4546070034919393,0.13252803403046276,0.7629632743466348,0.5354431501367085,0.455968664195151,0.8827697313308438,0.44550622912752963,0.0,0.047978266996248346,0.5896768854123836,0.46696482920400617,0.33938583701225417,0.52409541151174,0.6386886542786055,0.31180523829284934,0.8574909818347307,0.649716861365913
3.0,0.5727350860394133,0.6426915043869874,0.3051038688836662,0.7543428673160323,0.2032210910457471,0.569502741756175,0.6298854690993477,0.5143908653114827,0.5425846425611455,0.6141183785647667,1.0,0.36323752733839326,0.6821682915441153,0.8372004971610776,0.2779322138814606,0.4526624073833411,0.4948134492794387,0.66253386969698,0.6403916318097168,0.7014918173165675
3.0,0.6687316681376925,0.23789274212405803,0.375975436572503,0.9495626015951402,0.28236806670773434,0.917434828826126,0.23845409567074893,0.8713960038592163,0.02706308529609312,0.4819031099953528,0.5149016758328859,0.19388768617659263,0.8483749916619384,0.6515710697750674,0.7807591615856694,0.710847390259854,0.7042981503738966,0.593948319924545,0.8814294070091026,0.5069729022693311
3.0,0.10456899076353736,0.7396557738742933,0.22014461479058162,0.653906818092334,0.1298123856171398,0.5647222836156209,0.3079499297823148,0.5489767339997877,0.6273489029979289,0.6014544248272061,0.6318649283663226,0.49913807841524915,0.4474070110592515,0.6601406343389552,0.6086606099587667,0.5168439260520611,0.7060204712763577,0.5906951365166374,0.5698667693953828,0.28991744723512297
4.0,0.9177237745383372,0.41994605629512277,0.2572523792294735,0.39231064462307386,0.15767739957230353,0.7880327371849005,0.4454435987858995,0.5109794558985442,0.4646495234892519,0.4708751176854228,0.33437896750201784,0.2969032233876308,0.4464391552385232,0.3913883013132441,0.5239945465772063,0.7497226646519122,0.4428017992170192,0.5341305086875172,0.5109379937336884,0.4358742257666181
3.0,0.9783734297035093,0.408370915653155,0.312077254318552,0.21634333146330884,0.27997191604873406,0.833963078597482,0.05046733029061204,0.5872324514284375,0.767065347483947,0.39537590564836866,0.5366128653961159,0.5463304769740516,0.37174079764785894,0.49937930231519784,0.32706638433511853,0.8277063494417755,0.5664963968512153,0.7977223999786119,0.667491455374448,0.42784088591991043
2.0,0.7178408410390711,0.5101224572764733,0.3582676217763529,0.8211317114263624,0.2635834278825723,0.7081739115473517,0.3165052764847738,0.8020890659101525,1.0,0.6375888262192589,0.19877272933429035,0.1448887446042306,0.7176099698372301,0.7080455868385362,0.8846586140509463,0.5976251905977703,0.7542474082406966,0.621654735937192,0.807848613425561,0.7688655630398515
3.0,0.4104914654819073,0.25212262938411256,0.5406388222400692,0.8335377040453549,0.5776206291729843,0.4945457150037428,0.41837829885189476,0.6715755509821958,0.5434194716368563,0.536528957710494,0.6315181479083786,0.28648640729553687,0.6134224855816826,0.7790042971952674,0.5167487539012446,0.4712526212890706,0.6918443806761302,0.7312611868555406,0.6831815634616761,0.6811890412453686
3.0,0.8277898154796854,0.8090016083571658,0.7926365718749391,0.40241150471345083,0.27006123677324356,0.7410288015684626,0.7025818445001178,0.5742748960864239,0.9844921090081962,0.6415071121350858,0.6647522219434892,0.3623645814069501,0.416423178287596,0.5812921066863331,0.38994846994099763,0.2975275375804464,0.4227448587971623,0.5976969464237402,0.6142224627506334,0.9637249273949916
3.0,0.3624863909876382,0.5309666294863501,0.4655118709364989,0.6280570825689892,0.12705589885783125,0.6463593747583318,0.08080915643837423,0.6180392970261642,0.8343602928514985,0.340041392649975,0.5880461427355431,0.48806344597657136,0.7638806192235132,0.7892751581326096,0.3196730972897333,0.42391062610867075,0.9029515713950814,0.7358651804107127,0.1297646616011874,0.8166126514466421
4.0,0.8989445648563956,0.39506774980804116,0.2120843095489294,0.8815242163540072,0.3284347340429138,0.5519361285791028,0.6005587591485672,0.6986842998073766,0.7013679965232671,0.6775823789873178,0.2729694847076812,0.4828838563512384,0.8530051590815645,0.769635590280488,0.7952298862764849,0.129890444427723,0.4656009114257386,0.21705058554806175,0.4417908536423907,0.2954254746454716
2.0,0.8728086538336951,0.8051184949620025,0.38723491352636985,0.4328619234045455,0.20504501569831626,0.5721704394692615,0.37598991184004615,0.545405139970332,0.7177215142418804,0.48137139336177437,0.47755852521790554,0.1575925978679909,0.70266374314073,0.5231485608170228,0.49814487614702124,0.6709166837836453,0.31919531394469497,0.6769598448431317,0.6315629777582129,0.5971350125115666
1.0,0.6370561929079217,0.4307328950335159,0.23812843855910354,0.515064812717538,0.6314203430083396,0.6600302436129845,0.08452810117856888,0.5500699471596029,0.8279762809323893,0.3661263406262885,0.2709131287759852,0.1288200547450665,0.927487168793397,0.5183356979694976,0.5758749941487671,0.04700515459963557,0.5500992119497797,0.19799966213618606,0.6370828540735757,0.8261349101180366
3.0,0.5637092569943921,0.3344475433435716,0.30711501443245415,0.4474830657975931,0.2256239394126862,0.5387907172224083,0.35045033859619795,0.7410843265931899,0.8018296463337604,0.7573831427115649,0.6559324276732426,0.19638105196872294,0.4960240203219921,0.8008133037371208,0.5477148728539017,0.5019797108858608,0.48505957363968766,0.7886694332653718,0.5291088694814219,0.638586309186287
4.0,0.644063515077033,0.24014529948438895,0.14012852901827333,0.22152751677151025,0.2256239394126862,0.9929586445724491,0.38730649179859755,0.4703425353560252,0.687588940209062,0.897790100396436,0.2198607427788956,0.2901325883358847,0.5932912137416195,0.338638058170808,0.4310340583302421,0.6198078509477648,0.8890149319952646,0.41691649002375897,0.8795103399920025,0.4722138898647155
4.0,0.47383795066877404,0.35353475029162534,0.38623481722254244,0.4873683292932543,0.29831750576531557,0.7272296352725409,0.7898971615954095,0.4315480429665745,0.5855894811288251,1.0,0.43256231625010105,0.02288382633303335,0.74732919086498,0.11792621937689846,0.1573406178413179,1.0,0.4407720161335367,0.5477859046220018,0.6103585354063842,0.5523908017832693
3.0,0.5202692912576177,0.6196925031000028,0.32282542798122743,0.5525530060192658,0.7497631760006579,0.7308230640920614,0.45758098672937203,0.5444595282002866,0.6544484255791109,0.7564934089609425,0.6181510967391535,0.37624180563495113,0.7171663952815857,0.5482831019577757,0.42076280836995134,0.6437586458695571,0.638486581444781,0.7461150717389289,0.6153707948974378,0.6921949834488506
3.0,0.6498638340340652,0.5834190987274066,0.11557211831215086,0.2960149294108865,0.21390195177026944,0.8737725195650284,0.5518093167089072,0.4583256723555806,0.627531796631587,0.6502658115586787,0.14371422588221835,0.15572938567728187,0.7052765282674469,0.4496288384351865,0.4512149143381399,0.7839225924417489,0.4014332840647845,0.09942687625822065,0.8067847271772883,0.4715967812105364
3.0,0.3854575749637431,0.5469559973840133,0.41604763408727685,0.4798211144348316,0.14044161898877952,0.7659028647717322,0.160164704163598,0.6345632413706389,0.5508842968388619,0.4689410489473095,0.8001588523361814,0.5412299372717069,0.6855884380689956,0.9787869925043378,0.5713071075305322,0.16234616394002876,0.5781050670142813,0.6132218220323334,0.4345103600356891,0.7145507894470203
4.0,0.8390527554190684,0.5354879953131856,0.2643760782725758,0.28601831003709716,0.20863930566637995,0.7790021404155063,0.5559066963837724,0.4359427210222948,0.5618531214026773,0.964534342553754,0.3049996603618807,0.39689253614327874,0.85440215249527,0.33603590951213586,0.5221869957316949,0.8110199612843024,0.5413235889285191,0.4823613989397387,0.5585738176669822,0.5263538621479842
1.0,0.5674428014061654,0.5083754274746981,0.24231957542559587,0.1735989563725874,0.3339068692155453,0.647618819045774,0.44152337299825434,0.40839939778516915,0.7315467326306063,0.5069931507334747,0.48335827104781787,0.4107884529225401,0.5977045639416029,0.8465825968600377,0.45639391749781844,0.5195535443951548,0.49864841726976833,0.49180456138660117,0.7893128808576254,0.6621964149513865
4.0,0.9462746224683447,0.5762065291628117,0.31138250715998983,0.38587981435122043,0.2713297741211143,0.6019418625611836,0.4483721479669738,0.6004884618074713,0.13745351282588064,0.8867450611019888,0.23070753515856168,0.514616111067576,0.6320705291836892,0.2923487428767761,0.2783346898898759,0.7782956832681788,0.6992737358572427,0.5090664453274829,0.624535486242613,0.5283386553333743
4.0,0.7128693678667609,0.4493776634104286,0.2041567779851154,0.6103258610805056,0.2811739066849653,0.41568557019049823,0.5470405974212847,0.5236372287040271,0.5939953560072537,0.7815215941847891,0.3457200232777273,0.42518280825248905,0.6753920127567448,0.27264464490803775,0.5164603858239492,0.5849376036523256,0.5863697743397117,0.36379518779558245,0.6583187894430503,0.6677810068904136
3.0,0.3210904273790472,0.5396906605794664,0.24649908018216699,0.29860299095046927,0.093635825994083,0.5941109974200282,0.5481267090062979,0.6040799154201749,0.829578268119151,0.8069360431383048,0.45473616238821407,0.4138282509131989,0.6609069638838279,0.5549076300788707,0.5004074759581698,0.6627037367170678,0.7448808891878657,0.5439512533768059,0.30809394392130307,0.014599312372337688
3.0,0.3754521739926304,0.5343845467298839,0.3534765781550349,0.09350585338540353,0.27508354861535655,0.7719201148401614,0.579044743730228,0.596162722109333,0.402166670717646,0.5259132966734211,0.44531453250616965,0.44297489938215373,0.5393957862653522,0.8123096466111129,0.47213210201363753,0.6923194354305428,0.6226217680981013,0.7070435315086386,0.7073200338947064,0.3663814596452401
4.0,0.29192192172784975,0.38205943069345916,0.33704657085537976,0.7914523039792659,0.06868240158816112,0.7246763778025653,0.4279104018085799,0.6631150118692376,0.41699371993771134,0.44534547737393926,0.8388672632242249,0.07086153883435013,0.6805277136219421,0.3916679829199756,0.40566467642934745,0.3681241709174236,0.4484709829271183,0.662110676153906,0.8325002391795051,0.9460173958899823
3.0,0.0,0.4730308171730067,0.21869871928414295,0.5643299348762485,0.22069172485191424,0.4745872717047597,0.748202843437847,0.5781227654464747,0.5184666126077278,0.4965406017643632,0.3527208626408105,0.4167074017644993,0.7681214745025837,0.35001509040108464,0.3406419222501082,0.6095653357751877,0.9462831755089199,0.8902880752060331,0.6550715883505098,0.313466041460832
4.0,0.8764405532793795,0.47090214193131447,0.1004593510787949,0.5161344596220035,0.24558454323473553,0.6627171296046223,0.30536673122287045,0.5169624569484691,0.6668346398493691,0.8336651514758152,0.18488547418920023,0.1714778565360687,0.6730474876115069,0.5219837913589851,0.5749162096171371,0.633486883577606,0.6475487950189084,0.6127178403871967,0.8330961600948078,0.6204006561179429
4.0,0.774013414190155,0.16316927704818887,0.35322885896149564,0.587422152187743,0.5109800821906335,0.5333631465710668,0.4671696995701676,0.5327646286290412,0.595919583364777,0.6604597481229161,0.6883714536840384,0.3229075193784139,0.8517028905125501,0.6412145735432597,0.4406864369640528,0.5925461665222972,0.2991497099612015,0.7507946095164194,0.6794918931278427,0.7819836002746784
2.0,0.4880445858176852,0.5420847464276061,0.29218634895626466,0.5424963667815201,0.23816235865808133,0.7143216919564065,0.7504390912075393,0.7116807299871767,0.7376821561599922,0.8008724910993287,0.20909788098781792,0.7062041648925024,0.6828223548852035,0.6171810877694001,0.4903121525878413,0.6087784987461468,0.6486885587001193,0.5054025594997977,0.6102678984675798,0.25703820315204823
1.0,0.7366938179282029,0.30035392271074124,0.04156467912177846,0.22803237830437115,0.14300533791541237,0.7967094560312957,0.45878540720429384,0.513293267452269,0.6255782294760207,0.7045332864935439,0.11238891237337241,0.1895236583194759,0.6224832624908736,0.25385371417825797,0.3578088335687596,0.349159901360553,0.6979312101244997,0.8420148383511321,1.0,0.6249426758657416
3.0,0.6967709059265097,0.44042511230755704,1.0,0.38495564131086113,0.7018011292237443,0.6578203473858837,0.2659639447415233,0.5106757533414625,0.5815412787287535,0.5971557266721282,0.5045256776269869,0.5749956161121437,0.6937566731582403,0.8021815932070067,0.3430285522856825,0.44326857290135596,0.6745329891720182,0.7834811278174371,0.6256007160128146,0.6606852087129107
4.0,0.5705159905189857,0.5542705374023305,0.4165144285888588,0.46094913332560494,0.15767739957230353,0.7882190335322836,0.3788989791231979,0.6880086908547554,0.62177612698286,0.668794723724061,0.4892754212151344,0.3381595886291187,0.7275150284856065,0.5920089131279133,0.6552123846659965,0.6175063481631181,0.4892438430354802,0.7235306893760467,0.6054474745268832,0.6002824026082964
4.0,0.7670175701073462,0.30696238317326724,0.21616437566563843,0.393223900311007,0.18390820137891534,0.8244071435451873,0.450562068899036,0.41951195747909215,0.7922431360701918,0.7259500919203342,0.22813947297692114,0.28785662516424676,0.6767246562737506,0.3008504828525755,0.39219781484417354,0.5522107985897824,0.6768296885206356,0.429736355815287,0.7873741184670222,0.4993284776209406
3.0,0.6508237340225423,0.6821951425011022,0.2635718632233689,0.6029399582732479,0.1065044712681957,0.6126352360254405,0.6597776964923021,0.6838104509747572,0.8038223719531679,0.6632692079355487,0.4273861562093682,0.3181858584461829,0.8651869254252511,0.6512999455388974,0.5861763646149917,0.46669754118938955,0.6152629978326304,0.563826288758119,0.5476675355217536,0.6444438591335914
4.0,0.6654935176734982,0.4129936036037967,0.24606560851454634,0.3854839092789161,0.0,0.5724659135998716,0.4671696995701676,0.4732719176521338,0.3914999951453784,0.7127943495930584,0.45703796226556515,0.3968180490401556,0.49321254126192315,0.7200010730278017,0.286428177763937,0.33976325514086025,0.421493277315937,0.13714704266021155,0.6267307707846607,0.465507789745221
3.0,0.3641564049430969,0.04626125098483786,0.3050030638939893,0.0,0.29051620437265246,0.9521490822400825,0.6756572155584161,0.6797513122490954,0.23977692107273565,0.6962186687372983,0.26840420897982287,0.8280004098024951,0.3277910479234616,0.8064021745918067,0.5594665582678808,0.8615504628272778,0.6060159198929964,0.7818227181392045,0.7600629397878882,0.3498952160240798
3.0,0.38756888893645086,0.34936247603468934,0.2578435235062035,0.3551832489734294,0.06482325030734452,0.8529954376426974,0.415599279217695,0.6226502673816571,0.5705080411072334,0.5569767184031289,0.5407389599161219,0.4854798898241931,0.6865594568213722,0.801021858529269,0.32457811652662416,0.6343759361357826,0.7395950853461185,0.9601866874178914,0.46982801272737956,0.38719531387673023
3.0,0.6614236196827346,0.5668051212082493,0.2174643228317569,0.46141634368663353,0.23042691065761128,0.7839153378354248,0.4231574857286483,0.4826338110131329,0.6379311891818138,0.5968385047801833,0.14582074558210983,0.0666100505295637,0.7918166269448168,0.4372052047687285,0.5500677311600289,0.47916183068171353,0.5091259571098636,0.7400741537319006,0.9535067129712557,0.6358523147781863
4.0,0.877681715915221,0.6655584701844007,0.31950000501489967,0.5639343674268836,0.11559573516394041,0.7026157175272294,0.45758098672937203,0.5401064277604554,0.5793760956236452,0.6621812872736267,0.6999390691687201,0.06176921857030263,0.7599797513396542,0.18844986375549436,0.40315416478240423,0.4935039453000478,0.8289445631991181,0.714177285294373,0.9730721471559708,0.6202181000780927
3.0,0.6692975638538383,0.45674498034325406,0.0972001749749687,0.3672647280106232,0.3748097326790482,0.7732682050470667,0.2779151138468444,0.4173046035181517,0.6704358075772776,0.723715406260364,0.2640937490320115,0.42687605919873706,0.5195670894540801,0.5089826481981783,0.5287036407768444,0.658142696473546,0.5218865839626556,0.45814579021270313,0.9037473127038171,0.5702949158792242
1.0,0.761207412365985,0.5493337984377914,0.151377018263423,0.21512740976791164,0.3149928979111605,0.8653193968375722,0.35940774393793645,0.4589756978201393,0.6680944959252992,0.7142753789481978,0.08302940754885335,0.27976769281588776,0.6748909476712839,0.24778258274945733,0.3825074058310368,0.4782735723993328,0.6477967930384182,0.41079751494948713,0.7897527698668273,0.6725647535359827
