Type,1007_s_at,215386_at,215385_at,215384_s_at,215383_x_at,215382_x_at,215381_at,215379_x_at,215378_at,215377_at,215376_at,215375_x_at,215374_at,215373_x_at,215372_x_at,215371_at,215370_at,215369_at,215387_x_at,215367_at,215388_s_at,215390_at,215407_s_at,215406_at,215405_at,215404_x_at,215403_at,215402_at,215401_at,215400_x_at,215399_s_at,215398_at,215397_x_at,215396_at,215395_x_at,215394_at,215393_s_at,215392_at,215391_at,215389_s_at,215366_at,215365_at,215364_s_at,215340_at,215339_at,215338_s_at,215337_at,215336_at,215335_at,215334_at
3.0,0.42055839601681116,0.49250269240328115,0.2100733976067052,0.32267400174686134,0.45854522306043116,0.42278299031477,0.38815015829941235,0.006578770658184023,0.34382081996644775,0.0759155489183304,0.4179316888045536,0.1470360625290203,0.18363598056385866,0.23673447209571166,0.4780469623555723,0.12905944123938617,0.12748030137459018,0.4040106768872769,0.1928216560786893,0.17490085922009174,0.35040962892438615,0.15331806336406245,0.426323383533231,0.05307653438022301,0.5107457987039136,0.40653526202056023,0.38955918302972903,0.22663053996516386,0.2454956435116168,0.4808392111056214,0.3711050815663415,0.43489668743850773,0.2539535878189024,0.4494301139772035,0.24518201284796526,0.22573325012764486,0.23480661586614557,0.16515514246819696,0.4295196506550236,0.2526775821740739,0.1305037772115679,0.2002516039753429,0.11609157266091463,0.4571172555043526,0.39591555066744344,0.580240680375481,0.47389358528095205,0.11817258702390715,0.378459687123947,0.11201179071481142
3.0,0.2662901196562898,0.6233120702510153,0.2819085800106585,0.3581978646573412,0.40055024256038446,0.08326775625504441,0.42605156037991815,0.009496913023625268,0.5762133207758193,0.11055090493088018,0.46973434535104547,0.17332566829548762,0.07508460515400094,0.3872615366376542,0.5707789787551234,0.4604913463408312,0.1652815321792142,0.5966737389637957,0.2746807278490658,0.20815432914738988,0.7292546751766048,0.09674976811100384,0.6450987465055456,0.07069421230613761,0.5808223190422146,0.3825996225489918,0.5758220960492088,0.5168569769692274,0.24686882801988178,0.5061772766072146,0.2269453656248961,0.5365693670055748,0.27651824644730716,0.5920815836832647,0.38410064239828684,0.29783854314404135,0.2543953237901166,0.20895179082758303,0.5776419213973785,0.27542164225040044,0.1895534397210675,0.25988174613158854,0.1421698739216976,0.6075268817204328,0.48648940070302565,0.47368446851792884,0.6208354052710091,0.6745733423593545,0.6092057761732846,0.16875460574797277
1.0,0.36025912144979505,0.29425896777400407,0.7104609757279201,0.28764551747513345,0.9633049675488594,0.1979721549636804,0.24414292175486285,0.003992540606497806,0.41123407010624874,0.06599624600967305,0.29278937381404296,0.15601300108342353,0.612337209149208,0.5449560861876491,0.5042117033171817,0.16519738121475333,0.1134180709725655,0.23174320717267702,0.3137640804134754,0.07906477197620684,0.832199066727788,0.22160385156580287,0.20173144557669775,0.031552454619660275,0.42408376963350725,0.8128994737352251,0.30029177509660065,0.30464486162183085,0.5498030154716734,0.4512332090390412,0.4308243727598567,0.3873401115119737,0.6273662347182664,0.22879424115176655,0.7044761983198822,0.07170817495887102,0.2455667527949557,0.9127165188001688,0.22008733624454044,0.18858488243259877,0.14514326583523307,0.07321675682475813,0.11824817518248153,0.29160266257040574,0.26037825364991074,0.513369770348766,0.22923918448533126,0.14711226707521308,0.20523465703971183,0.10980103168754546
2.0,0.2398372460315341,0.6377267831994028,0.2592110362870017,0.35340051362943037,0.5265426181887364,0.9361682808716708,0.4454093170511059,0.008942446788508508,0.43642758336521775,0.11077011604488388,0.5499051233396589,0.17498396975258093,0.1826944601730289,0.28815166813210696,0.5719716734998134,0.4317430479030276,0.1501696669925805,0.6063240024638977,0.41122862629156637,1.0,0.6052658180236729,0.1045740498861062,0.5898638290197493,0.07370661173086637,0.5781862116940659,0.42461527935365806,0.6171437583786756,0.44021676020901906,0.3414802029684306,0.5123320903904038,0.3247512812782639,0.6663386902809659,0.41372358865887265,0.5620875824835052,0.35568000878493433,0.28110285357689874,0.25225138673287256,0.5011172135379992,0.5626200873362456,0.26260310230210554,0.2227437307228109,0.2519059001132217,0.147013934970139,0.5794930875576045,0.3962821591080632,0.8178819146589544,0.6800099453008464,0.16708233868956435,0.6037906137184129,0.15260378285433537
3.0,0.20123136226142394,0.797117057410321,0.3282847245772976,0.3810113545998513,0.7973687869053977,0.07445520581113799,0.5211216644052463,0.013476023652109865,0.6118992259469643,0.15587280275109966,0.6036053130929817,0.22101841820151644,0.24028522142189326,0.4531767123423006,0.7450614983227712,0.5273870486808852,0.15060102375337905,0.765040038327289,0.27228591457918794,0.23583113020489122,0.591052810982992,0.11200711757245341,0.7226079898999016,0.0948711470439617,0.6729762384212653,0.6724443658880073,0.7061745919091563,0.6444358428488484,0.2558066334842568,0.5271126285996686,0.19298562958496626,0.6442549469771515,0.4237574165565795,0.7899220155968838,0.6680804919562947,0.37635445623191827,1.0,0.8237666056423976,0.7290829694323161,0.3536408962206084,0.27797148093513885,0.2986790791294504,0.20285335102853363,0.8778801843317984,0.49334713506286254,0.6338325041052916,0.7675285927399307,0.17013752805786148,0.7551744885679922,0.17812986162286068
1.0,0.3250582220199696,0.803993041173059,0.45551329877428426,0.36635857591677645,0.48853051577923023,0.08707627118644068,0.555766621438261,0.011826054924772964,0.550254583983283,0.14062392963323248,0.5925996204933607,0.21208570101930266,0.19210308002264923,0.01621205085901151,0.6796869176295195,0.49416607247034483,0.19146488755967064,0.744781329135582,0.26416096628538327,0.2617316589557165,0.8364328784512852,0.1097986509423843,0.6668319956713858,0.09257783651416818,0.6674843481126208,0.40561159036872746,0.6892989511868138,0.5443003677182114,0.2550456748146892,0.5633676265780144,0.25549860985495637,0.656280747786161,0.34848079904090634,0.765926814637073,0.038029154999176557,0.3365859193283035,0.3506247250552418,0.04498427451532661,0.7996506550218325,0.30541364028068446,0.22301193509454192,0.37119134482324856,0.20195753151957546,0.7812339989759388,0.4277457893942337,0.37406436116761854,0.9472899055196443,0.16052659707129394,0.7283995186522263,0.22285679194301167
1.0,0.43637337045265934,0.9644602766962167,0.260319267477351,0.6114536755791367,0.5042109653391097,0.16886602098466502,0.6262324739936656,0.0118912862465514,0.7671807399122936,0.16977900779569524,0.7033206831119573,0.2564839586972386,0.11645224582241484,0.1977702255460827,0.7753261274692488,0.8809230569780255,0.1759935584057052,0.9191020464033964,0.295202100468948,0.24838896232650362,0.6077059604828567,0.1346722951016209,0.8057534493642357,0.10912659851517846,0.7443341998315819,0.2645806131583299,0.8393659806009006,0.7502225662860462,0.0,0.5675007861988411,0.43095836264362014,0.740898655296821,0.4091266598959964,0.9811637672465497,0.5791742162191846,0.42582401996936553,0.2768965499805327,0.21721353799934282,0.9325764192139743,0.3516404037917027,0.2574761968620082,0.33511133475908894,0.38808891838088894,0.9541730670762938,0.8603653145284775,0.5443395995196196,1.0,0.2354633555420956,0.9342960288808662,0.2036150004093993
2.0,0.42893165939449107,0.5453566398807068,0.020989777627053036,0.3314474181647525,0.2835797961468391,0.33236228813559326,0.4097693351424708,0.007691540264992686,0.24145745651470088,0.09484990889038089,0.5019924098671752,0.14371945961483173,0.12257542039214636,0.07510793214846725,0.5139023481177787,0.34011797497893337,0.13622246506010216,0.5129696803777974,0.16748888588932487,0.171183079973563,0.524729362812511,0.09937468844845765,0.473126521778339,0.064319586426711,0.5412440962179177,0.3838368864282985,0.5042189101805865,0.26531836655699653,0.21266719472586468,0.3389190889078588,0.15144876561819615,0.4755657592653355,0.052864680773077946,0.5294541091781656,0.4758002525668484,0.25511998638452454,0.22723204579125947,0.11542975167816748,0.5112663755458497,0.2529084082235625,0.1738411336104772,0.2030444081016474,0.12319177173191748,0.5643881208397322,0.2762502426085267,0.33092816352540383,0.5748383888612649,0.1310881105925108,0.49783393501804973,0.13901170883484798
2.0,0.3238429210054345,0.4805732747908206,0.21152075965311748,0.34926801287984444,0.4703110480218341,0.10273658192090394,0.3769335142469462,1.0,0.34641080731082774,0.11511323624107768,0.46973434535104547,0.15506224158135584,0.16347559289448382,0.11204690726232686,0.5039880730525511,0.3038179814610747,0.13980272617472786,0.45212511121757515,0.21543304755228326,0.19051553205551944,0.49481293416552075,0.06620351966481781,0.47731986653440306,0.046546429820810656,0.5339581884084507,0.31959039153415003,0.4871066950555963,0.4159473582349529,0.22469380060807517,0.3843838447369602,0.3322212172980937,0.17929375751612486,0.16543598280351568,0.49070185962807206,0.4078954592873223,0.23441311624212974,0.2830805948414042,0.019006712669577114,0.4632314410480365,0.15486889080389,0.1793169728666572,0.18029940873065806,0.11144658261446524,0.5218894009216575,0.330594552629877,0.38829930638954946,0.5029835902536054,0.1316848968539566,0.5135379061371846,0.12148939654466513
3.0,0.3349144738603204,0.7577665479247805,0.27875950777578595,0.37715261572957554,0.7316396789276128,0.0853107344632768,0.44794210764359854,0.009441274543284814,0.59656532360126,0.14444642343366823,0.6907969639468698,0.20635903332080377,0.8672456248930092,0.3138676756799483,0.6713380544166964,0.42607117391586247,0.1555184908264793,0.7165149544863453,0.4509781723655965,0.21674653007270325,0.5467188546845799,0.11310504098283086,0.6388763639642877,0.08908928363198174,0.6517775418298979,0.5152491347705359,0.7105906474252838,0.4984323592026321,0.24921742318641069,0.511343726133249,0.460194955280876,0.7516125505630258,0.36764739571004207,0.7553689262147576,0.6750672596497005,0.3585976059454255,0.3288314026101421,0.17517251091395575,0.7068995633187771,0.2972577865320693,0.19730901613696328,0.3403950182412879,0.19797611147976024,0.7602406554019489,0.42099588104634367,0.1358349060072059,0.7889109895574365,0.15674101257704776,0.6484356197352587,0.20021698190452794
2.0,0.08311159889712819,0.5957252920222019,0.4725485683833148,0.34963302871892465,0.4864671061777904,0.22017504035512508,0.3913161465400281,0.008712218593996407,0.43142419872266535,0.11962076477277395,0.48785578747628344,0.1649457182656373,0.21417942876706914,0.30997026308769887,0.5478196049198663,0.36737538082582527,0.14484960027606844,0.5656012593251672,0.23240138812085545,0.19096992729676132,0.607313374942699,0.08385863289605683,0.5269185679502211,0.06597154740156234,0.5603924870940575,0.4832000091226828,1.0,0.3905748016257015,0.24557519828161695,0.4846578911900807,0.22254379794325488,0.5001639881928488,0.2958375650022524,0.5527294541091774,0.7916872563553512,0.2788903386849722,0.2486815292743481,0.1721588508660752,0.492925764192138,0.18367598178013042,0.1900451477359074,0.25245942885897615,0.14628400796283939,0.5774449564772134,0.35990166267710433,0.4711600205877308,0.538040775733464,0.14641750097979833,0.5399518652226233,0.1361868500777855
3.0,0.26706105950691955,0.6711125838787185,0.2559226781648177,0.3742585615768681,0.498730490901242,0.25808111380145277,0.4448665762098581,0.916833901869069,0.4225358330635429,0.13297894203236152,0.49620493358634027,0.1799809848099585,0.09107728368075207,0.2987670542673951,0.6257920238538931,0.4086018020353924,0.15594984758727787,0.6293888166449934,0.24336092448500626,0.22616490416391208,0.6077882388894766,0.1031164619102605,0.5958607629182066,0.07896373459789316,0.6103686889027206,0.3971503019037897,0.6294456273164566,0.45424811302496637,0.24751564288901426,0.48847657127454,0.2658627273640848,0.6073029408549263,0.3097734370824009,0.6664667066586669,0.29450804370504574,0.34543597889601213,0.2574140276183589,0.1670234239309017,0.6773799126637559,0.4259202265172968,0.20312011085780657,0.2751541074348977,0.15491041804910402,0.6629544290834636,0.39123590174893835,0.5323938138771112,0.7476379910492262,0.1434068478996687,0.6127557160048147,0.16728076639646242
3.0,0.29951013196991205,0.7761577334106549,0.2882248922048351,0.38902866677964754,0.5328060175462983,0.03324505649717519,0.5027589326096789,0.009796209676491035,0.5893104158695587,0.14583019359081514,0.5764705882352958,0.20580626616843933,0.16899303406591945,0.3195334960136731,0.6740961610137907,0.4983794645750965,0.15974578708230286,0.705222092943674,0.42487906192987107,0.24624091209517573,0.7178837993817366,0.11368555221130608,0.7116962755884203,0.08442492323240161,0.6453337238677553,0.4405286594787525,0.6840943143285227,0.5107218889103926,0.25027238861467477,0.539242553573836,0.2335979633537668,0.6388979993440466,0.33607978191314697,0.7642471505698861,0.47820924614286453,0.34362058206161106,0.30767519353582756,0.19347979157865092,0.7671615720524008,0.2538932660347163,0.21051808144472697,0.2941753679708137,0.19479097544790863,0.7909626216077827,0.45798020314420657,0.7855199627460112,0.8746892093485842,0.17782449139558917,0.7173886883273166,0.18711618766887703
1.0,0.5488502824102581,0.2400795294507482,0.40429848360060067,0.2771122032616773,0.6974031770654225,0.5695470137207425,0.32709181365897577,0.08526884897414157,0.26799011095741276,0.09036978174793463,0.3084440227704011,0.15236473787781593,0.6154119645514281,0.4377945288033114,0.39619828550130476,0.11991962144292456,0.05800310576867782,0.18937786599137424,0.1763105071343665,0.1463152676801048,0.7736709098816369,0.06130072374606425,0.15659662728830248,0.023244062657907977,0.39874784900963,0.4235376624265196,0.27474173961044096,0.21914070059996155,0.30060980460656705,0.45267082977671974,0.21246105919003164,0.40537881272548304,0.40767580198080283,0.19700059988002566,0.37957777411738913,0.05996482668633323,0.35696046357582406,0.25492653616861477,0.24157205240174678,0.05939923673519667,0.15437396629565048,0.04586740470499425,0.05265428002654155,0.13184843830005133,0.06874986521748537,0.31729614470233597,0.3602685231228225,0.11445826059072958,0.15878459687124039,0.12445754523868006
2.0,0.23918408865808335,0.7418606577748331,0.29547381425318536,0.381050463439753,0.461281801751703,0.09804277643260699,0.5164179104477623,0.020584319157671754,0.5998469552932869,0.14076093657948494,0.5414611005692599,0.202135892276737,0.05631345386550078,0.34983353256735245,0.6434588147595955,0.5338367796720037,0.18824409041237666,0.7583327629867906,0.272194476254338,0.2360789821546597,0.5428846809360932,0.11571734151096962,0.6687257642708992,0.08792319353208682,0.6431735803463557,0.4033765330383666,0.7071997476539711,0.561737952390168,0.30576702904440883,0.5329529628464884,0.447800891032727,0.6142997704165285,0.29241659476011184,0.7162567486502699,0.3716301542854007,0.42253361320701344,0.24096537845039867,0.17643054968783747,0.6943231441048023,0.29104087159916303,0.20966876760091172,0.3070323311108317,0.18009289980092882,0.7347670250896068,0.5342563239956005,0.48861057327026336,0.7971158627548494,0.24951900808779015,0.7303249097472918,0.1725620240727091
2.0,0.2439649864817841,0.8582553226741798,0.3644808875538975,0.633836968282731,0.49931585532718237,0.08589588377723971,0.5733152419719587,0.013832877353603614,0.740133031168143,1.0,0.6613851992409886,0.2205762044796247,0.10301418206239057,0.2773485739125281,0.7039135296310102,0.6350230116030345,0.164965203887962,0.9015810006159737,0.2860234343363975,0.28230337078651707,0.5875430492377494,0.1385528864658856,0.8949409324555871,0.21167450538344948,0.8390510013546655,0.2332784071795516,0.9277659490576448,0.7821753435262239,0.2099830859641173,0.6029471225122431,0.1857769738384755,0.7060238329506963,0.21514695663462033,0.8069586082783473,0.4827664305715699,0.3835025812673742,0.2739334671608508,0.1710463315026053,0.838777292576418,0.3372214699002831,0.22839837289347759,0.7208705497546856,0.1826808228268073,0.8283410138248852,0.6727480537404846,0.3905247420406362,0.9761312779711568,0.20040438949656184,0.8885679903730439,0.20400393023827001
2.0,0.13705061969644272,0.6081517687018478,0.2086744828254446,0.3513407813946213,0.47358908880710116,0.07246771589991924,0.41745816372681993,0.005995525898753314,0.28947523324601937,0.12341585718395973,0.42495256166982837,0.17160103478010916,0.14043797158320265,0.23818180021932198,0.5733879985091307,0.373792701108447,0.1382354632771613,0.5603312572719187,0.21648241118508427,0.2031146728354269,0.5528474205719525,0.08741110921813962,0.5201551086662457,0.06138492634197531,0.578662175520815,0.3991686955133503,0.5533475277974934,0.32057286626669285,0.24653331442466347,0.38469832427332756,0.007041168391786436,0.3320214277905319,0.4160907778889252,0.5700059988002405,1.0,0.27696147954842026,0.0,0.13630474581044932,0.5538864628820942,0.5056167672042351,0.17804300210093432,0.23235627122908575,0.15315195753151967,0.5960061443932423,0.32854585840288164,0.06416509399279452,0.6245648930880179,0.13690454982719938,0.5490974729241888,0.15121182346679748
1.0,0.5340096902856226,0.581724794963135,0.12082747928879424,0.3394647303445487,0.48374516159716646,0.12689669087974173,0.39176843057440064,0.004341720034841186,0.4401212584983961,0.059693926482073084,0.4823529411764708,0.1555707873615318,0.04856401680251778,0.2226810642060439,0.31092061125605436,0.36967654112918874,0.14310979467418206,0.5428102114844989,0.013781061816661977,0.19968605419695984,0.6661330324294463,0.084249846984812,0.49454414284426035,0.05815874373226567,0.5660674404129896,0.3495755101575374,0.5213311253055767,0.31569576156377027,0.24569280098509555,0.46430657262231073,0.15928047432418868,0.4931671586312466,0.28142825507609365,0.5390521895620878,0.5250507878987538,0.2399727690474838,0.14752714052394988,0.0672064967375487,0.5042794759825316,0.25946386802905363,0.18781011130481381,0.23997987168197257,0.13676177836761658,0.5559395801331285,0.3315434215350112,0.0,0.571108901044256,0.09931592261374562,0.5336341756919387,0.140526488168345
2.0,0.28734641432663255,0.9661999834313637,0.25862361319703503,1.0,0.602632676505667,0.08955558918482648,1.0,0.016213820598516535,1.0,0.2182109632958394,0.7416508538899442,0.2559311915448732,0.1896208899013707,0.47086078975706636,0.910696980991425,0.7272314772800939,0.2537384252602515,1.0,0.6477273222068857,0.3484798413747511,0.6029902323777284,0.14113994737539512,1.0,0.27218486415050336,1.0,0.3880675306607671,0.9431432852298737,1.0,0.25055947756728436,0.9365649849499074,0.3319599370247547,0.7890018585328541,0.4584481929182861,1.0,0.9657250315708563,1.0,0.3352783831478456,0.16954888982772381,1.0,0.40063707989658986,0.423137097134683,1.0,0.2667219641672198,1.0,1.0,0.6752873704075882,0.9370959721531594,0.3745234617166066,1.0,0.2455580119544745
3.0,0.4881869529137781,1.0,0.21150259192868567,0.4264818991252653,0.4664183745893307,0.4059120258272801,0.6890999547715962,0.015897256831062415,0.8920593342555257,0.5810190576662235,0.6905123339658433,0.2396798372653505,0.18973281889888208,0.4507068691279475,0.7517704062616466,1.0,0.23255880830505554,0.8881664499349802,0.3161545394774082,0.2739177131526771,0.3808926031712449,0.21630353165363675,0.8884029218144104,0.13066039569324037,0.9061985135283566,0.41980876575800924,0.901506190363535,0.9275401586994385,0.2489372520398881,1.0,0.6496633504170441,0.7260303924784103,0.43327962613682336,0.896700659868026,0.5616867072969863,0.32563680717081916,0.0665581214257181,0.11946674177345919,0.9023580786026204,1.0,0.24556345268427848,0.6764372877091458,0.3187790311877897,0.9084741423451128,0.682150481982274,0.2422734736893704,0.953505718547985,0.23114333558983868,0.9040312876052966,0.20781134856300634
3.0,0.25771341381802604,0.7530444867865138,0.2570066857225909,0.3596709642936288,0.4714744598183908,0.0738952784503632,0.4779737675260046,0.019252832766076672,0.5204991611972806,0.14261053035388924,0.5341555977229627,0.1922745262785503,0.2563042361833528,0.19431738473241753,0.6068579947819605,0.4776366111363197,0.15661126128716846,0.7079597563479582,0.2543378776729383,0.23128717779246516,0.5940359909258673,0.10453619045816219,0.6753990440977543,0.13080615695572734,0.6319335115146635,0.3041274438812453,0.7019162526614631,0.5627056318947165,0.2527766344181606,0.5275618850801923,0.6089907212005499,0.5917787252651158,0.2758386340554533,0.6622675464906996,0.5207338165046946,0.30419243206444635,0.35892742469673894,0.16805614232737176,0.6747598253275097,0.36610550289301974,0.2614098609807333,0.29510630267958254,0.17322495023224851,0.668714797747056,0.6062194043691101,0.47764025391534554,0.8155146693187469,0.16668151209605608,0.7122743682310483,0.2318021780070413
1.0,0.39482827850202074,0.7169248612376765,0.26434644639310095,0.3557861528634186,0.37052104750964027,0.0,0.443057440072364,0.008516524628661095,0.43432321864790896,0.10724903752620303,0.5013282732447841,0.1795608817741615,0.14367074439367405,0.24660890526669393,0.3867312709653351,0.34109029623387516,0.15022718122735335,0.6380124563684881,0.24399663855301035,0.20910442828816866,0.3986764930592288,0.1489516093411827,0.6252592659392188,0.07598048742566152,0.6333247903928527,0.4212969034192953,0.6367794337985978,0.4501451519256822,0.09022894479244856,0.5075250460487897,0.5745888185442009,0.5799715753799078,0.32841314324549264,0.6799040191961623,0.2049978037665409,0.30322800249617166,0.33692173112804447,0.16650706473266685,0.6393013100436673,0.2698972054659612,0.20001341021858665,0.27673921247955663,0.2161579296615782,0.6338965693804397,0.40590023937374725,0.4757187323840106,0.6976628543013433,0.14248940036341606,0.6364019253910963,0.15477360189961467
2.0,0.2955697727333565,0.4917571038025012,0.28923622886488054,0.33516275795538986,0.8935441620874092,0.11651785714285715,0.332157394843961,0.00839949196311743,0.5890602466374314,0.1169765307101073,0.42438330170777955,1.0,0.639002646791588,0.7494541646496286,0.5360417443160636,0.33373306540480996,1.0,0.4649921292177112,0.589058751300819,0.16486285525446084,0.704286704984896,0.08765719549977584,0.47921363513391646,0.055525323590002694,0.5441731043825292,1.0,0.44744105354467373,0.5120379330365781,0.7271340567052565,0.4801653263848339,0.41016313268348276,0.4375204985241073,1.0,0.5068986202759473,0.8017075715148525,0.21892551199863897,0.2496169735092304,0.1732291226587804,0.4256768558951964,0.4162255324387544,0.17533860801931095,0.2340671782614169,0.10716655607166492,0.45839733742959854,0.503051476138104,0.3674615818239751,0.5576827449030332,0.15283963373356624,0.4836943441636583,1.0
2.0,0.33108654335198234,0.7004390688426826,0.30132382152027526,0.599721023608703,0.2920895314889475,0.07348920500403555,0.481320669380371,0.3405688938686394,0.7018865703269862,0.1368014358327967,0.6021821631878574,0.19096999579896978,0.02580951001435304,0.16591912745378887,0.6223630264629135,0.7216568354184222,0.15896934491286596,0.6818150708370405,0.28114236947179144,0.20947620621282229,0.6881460324176922,0.11166007281629964,0.7415005861664716,0.07661211956310493,0.6175081463039577,0.3467132683722283,0.7247851115842602,0.5984323592026323,0.24723201283944818,0.9176962127678687,0.3765048738820219,0.6205313217448348,0.34948112739296094,0.6819436112777434,0.35157579750727486,0.28864809666988267,0.258551730066189,0.09815049523541293,0.7282096069868994,0.34048381139972933,0.20622681149702748,0.3321927286451122,0.1674187126741864,0.692780337941627,0.5138556425352054,0.4014117301046544,0.7749875683739428,0.15536038764385224,0.7021058965102301,0.16251125849504555
1.0,0.45130497630966127,0.7212327064866227,0.28992054648515103,0.5288166968673818,0.26019448733051864,0.11587469733656179,0.49516056083220106,0.011379028513761885,0.6521617564823262,0.1422406115990084,0.585104364326375,0.18913480885311862,0.10371209228216635,0.11894270951679974,0.6330227357435698,0.5041161599792567,0.15491459136136157,0.696461570049961,0.2702350835789832,0.22959352280237916,0.4755386297119081,0.11411462572800525,0.7077734692037151,0.17950985346134418,0.6351554204957347,0.09116981304201559,0.6949767368504072,0.5510160634797754,0.21968185009805996,0.5272474055438249,0.07449837537265952,0.584016617470208,0.33863787350046204,0.6917816436712652,0.6345536155493327,0.29131446077041007,0.2624603700314006,0.043303760033798225,0.6993886462882106,0.315954696540687,0.2049528407313036,0.2893697320417658,0.1837093563370935,0.6716589861751177,0.47833775419982344,0.44134212396754985,0.7595723520636478,0.15685680692628348,0.7007821901323715,0.16269548841398468
3.0,0.5031346200176676,0.36161047137768215,0.41011821132697074,0.32679346621648064,0.5105329011392661,0.5512686642453593,0.31243781094527195,0.0073845693389764655,0.3673955911351798,0.09627478113140372,0.395445920303605,0.144957658036129,0.20472472050670917,0.3737317355094296,0.44077525158404535,0.19634407208141536,0.1288318858917581,0.31462596673738763,0.19172439618049064,0.11074851288830044,0.8802284988892416,0.4402799073705996,0.2626025791324741,0.0448944688459593,0.4743528722586317,0.6232445962357526,0.31306679283968053,0.2792723050125795,0.4379213376269849,0.44732467765847633,0.23646534686631135,0.3553077511752502,0.4572722343975504,0.3163767246550698,0.9098171635644874,0.18346854257672893,0.01694418178968187,0.7578463127259072,0.3158078602620103,0.3657823464237349,0.15115551383487513,0.11815322682098348,0.09203715992037055,0.29941116231438936,0.14243816178214871,0.4223523933236932,0.3142715067130783,0.06402536786974042,0.3397713598074612,0.08728404159502175
1.0,0.4599673421313271,0.5215806478336507,0.18968921079405063,0.3114888735350481,0.485376864934476,0.9594506658595641,0.31605608322026024,0.0,0.3056479383112106,0.03130608721862203,0.2720113851992409,0.1226258650805936,0.22392383560922302,0.29648491913733355,0.46604547148713893,0.297238607635963,0.0,0.37150092396139883,0.0,0.167258757435559,0.7314362283578407,0.07403411134457756,0.45427901524032704,0.04603140669335709,0.48874162486727957,0.4221350499181808,0.35959309202744194,0.1969614863557192,0.24317471956943582,0.3041466373152443,0.29559508257126565,0.39171312998797625,0.22701344716204544,0.3683263347330536,0.7663413495854616,0.15408180631985177,0.24569316417804787,0.16594376378913764,0.35318777292576237,0.13357134063769513,0.1189933395914347,0.19657818593533727,0.07571333775713293,0.4475166410650281,0.1855901317633872,0.320379402465626,0.5345599204375906,0.11313107920333475,0.3508423586040922,0.1264226643740278
1.0,0.3209893728083091,0.4457791400878135,0.0,0.31022435437823453,0.2530237731127489,0.58528299031477,0.32546359113523227,0.007309745175760045,0.2767313182446951,0.06595514392579713,0.38984819734345444,0.09699957989696438,0.17418785636217585,0.07391252803272058,0.3632500931792765,0.24645102741945918,0.0995715189509401,0.3573335158442252,0.19237317286633032,0.12396728354262997,0.7176628230896718,0.07905679545182082,0.34543241049688933,0.04523457845842876,0.4363123787207555,0.4037984571262406,0.341534579291854,0.1652603057867231,0.15913721122483218,0.30136124713599066,0.40850165812481176,0.3955395211544797,0.12368945531739411,0.35284943011397724,0.9014165705814531,0.17053384013161724,0.24509650244985248,0.10627611134581999,0.34951965065502316,0.21836144281669365,0.1643869295069509,0.1444710026418418,0.08692767086927607,0.39836149513569047,0.18970908541976647,0.042695031984510384,0.31327697662854226,0.042113514091281765,0.33983152827918245,0.17745435192008507
1.0,0.3354712637524432,0.7749150857426895,0.3128118792694153,0.36070083041103396,0.32034068209589744,0.1962772397094431,0.5525101763907739,0.00937796178979399,0.744518350648969,0.15291345271205276,0.5987666034155601,0.21124549494770864,0.16911813118078517,0.19266752946523003,0.6594856503913533,0.5571076683736306,0.15767527463047087,0.7759222503593179,0.2598328855758221,0.23818572372769253,0.9071170821726203,0.11578675046220055,0.7138154928307323,0.08693201694717599,0.7839856478599929,0.3043726159863618,0.7788029335225933,0.7356106057673697,0.24815208104901623,0.5338514758075378,0.36185308009245315,0.5879523340986123,0.39084585016455775,0.7541691661667647,0.9753747323340479,0.3191127247971879,0.2657571789024459,0.16883068112472432,0.7203493449781646,0.319540194509418,0.2530731750927533,0.3762989055227075,0.19180491041804903,0.7592165898617533,0.5900886329818213,0.33589862993554076,0.8120338140228736,0.1476021662450567,0.788748495788207,0.17698354212724102
3.0,0.694836309125465,0.5176870184740286,0.18070829901652052,0.3513407813946213,0.4510232901870968,0.10150575060532688,0.33722297602894624,0.006327438212508257,0.2312152338346528,0.10293331871925925,0.3776091081593936,0.1441616733367235,0.0878840152223437,0.19985971290542498,0.36086470368989987,0.32177351396901493,0.11652383965031315,0.478680446239135,0.16117528726873734,0.17035690680766752,0.7600785171080314,0.08475463935739919,0.39295698439895344,0.056137520892447716,0.5235968220261423,0.3789163392953866,0.4151092185158888,0.23421714728082077,0.22032174716110528,0.4896895637719567,0.4711017318192474,0.4245107685580004,0.24634040181128158,0.4484703059388102,0.4763287212430682,0.2206841776819646,0.24986473982009122,0.018959770924283133,0.4110043668122278,0.2350578603964056,0.18150730856912964,0.1487734306202041,0.1002322495023221,0.4653097798259117,0.2733820706907336,0.24384206269454212,0.48806563898558114,0.09644778565575245,0.4099277978339354,0.1175182182919839
3.0,0.30620231817330057,0.4445364924198482,0.20310910324112197,0.33526704819512715,0.35609181441020915,0.10085502421307505,0.3454545454545432,0.0073979993169896755,0.4516879065250023,0.10204277356862035,0.4027514231499063,0.11614743405487866,0.1751820492224227,0.2165607927208778,0.43235184494968193,0.3127633370065465,0.12871685742221176,0.4681404421326407,0.2752337120041103,0.15569233311302044,0.6273211326210375,0.08520895249272789,0.44219496798629243,0.04902437128308791,0.5164207520228458,0.3352928096153078,0.4133743395631274,0.4181730210954135,0.214559214690653,0.4554562199559734,0.3353163836130375,0.37979665464086754,0.24052169796192632,0.3709658068386338,0.19256849503102225,0.2423554773926366,0.2487371502829086,0.15029338590808805,0.34951965065502316,0.18224486027329817,0.16537034553663169,0.211297018492892,0.08798938287989277,0.3580389144905264,0.3381855038709543,0.4462488664493519,0.3386374937841868,0.1110467809170913,0.4545728038507838,0.12740522394170076
1.0,0.36818802366357056,0.0,0.18521995058378954,0.2358914860055532,0.3804649256953037,0.39060734463276836,0.10529172320216988,0.005675124994723968,0.0,0.0,0.0,0.0377871625356536,0.0,0.14857094871617554,0.19254565784569527,0.0,0.020762638753091405,0.0,0.12913268571776906,0.0637805684071377,1.0,0.045999204952013026,0.0,0.0,0.0,0.36076220016306787,0.04116394606103626,0.12355331914070036,0.1925536735279774,0.0,0.6732723679362215,0.14562151525090408,0.16820024893667368,0.0,0.589050403557898,0.0,0.6870559800168884,0.025996338543867046,0.0,0.014141942632032212,0.0,0.0,0.0,0.06797235023041402,0.0,0.3912600181368104,0.03903530581799732,0.0,0.0,0.0
2.0,0.2697218727413871,0.36956341645265584,0.2349631800784845,0.32203522402847096,0.46584764427403835,0.09245359160613403,0.3396653098145635,0.0049153719528339124,0.43576537069193905,0.12648481278000848,0.37267552182163405,0.14798682203108798,0.3793668769176071,0.2950227719544368,0.42109578829668065,0.2808387891359311,0.12648818082475397,0.3839572924508926,0.3557516883433552,0.1477197620621273,0.8242157104740413,0.07783267394829657,0.41031652989448913,0.040502196136354744,0.5193497601874573,0.4552047757245403,0.33759167258102546,0.5193729436810526,0.3369559577875473,0.4386989532324009,0.26743710849830904,0.3489668743850431,0.2818253319791991,0.277744451109776,0.5050307472684343,0.2734441481817665,0.2989932597450535,0.054799793456320724,0.355109170305676,0.4268435307152531,0.15707836037727388,0.20254120015096183,0.06469807564698034,0.3390937019969277,0.38780703456901944,0.525443003847945,0.27946295375434954,0.11452951865179742,0.461251504211793,0.11021043150740949
3.0,0.28476055357764296,0.8352249192279035,0.30437599922484365,0.5471587427811601,0.618254589622952,0.11335250201775623,0.5777476255088208,0.013382013806017393,0.6337669600023549,0.16183260491306936,0.6609108159392777,0.2378446503194993,1.0,0.43158534296242934,0.7879239657100238,0.626304531017048,0.7930206476102838,0.8578468277325318,0.27967935627419294,0.2891192994051543,0.4890087802813921,0.12318195872060372,0.8034087834791229,0.1010514245734054,0.6882803060813534,0.3836031176769089,0.8071918618405497,0.6721114766789238,0.2492381766046716,0.5630082213935943,0.13263658593776134,0.7110528041980988,0.3553074673366064,0.8279544091181784,0.475244330972382,0.4717195211890861,0.2692208507991728,0.23176547904051079,0.837554585152837,0.3247568632278718,0.22245317598676878,0.5781607749402438,0.1837093563370935,0.9249871991807505,0.5626145651376937,0.666650327197863,0.9395822973644968,0.195799337300032,0.8237063778580044,0.18901989683124473
1.0,0.33772519206574386,0.4524894374948219,0.28517877040841044,0.3319427968035039,0.48367930809924936,0.197238196125908,0.18245137946630313,0.0064387151731891655,0.5332430761986048,0.08762964282289143,0.41764705882353126,0.14975567691865496,0.5463320209109704,0.36996275476432783,0.46664181885948397,0.25046995527322247,0.13541726577327848,0.3652727397166504,0.19270409251816806,0.16775446133509592,0.813585340338752,0.08170064550324649,0.3965641626837398,0.045875928013370926,0.4911580566030826,0.40693437940098187,0.3453986278684655,0.22564350687052437,0.2447346848420492,0.47881755694325884,0.2818812179680435,0.4552312233519192,0.23784906496025413,0.3679664067186541,0.47602673914237137,0.2576728881829011,0.24949056212613827,0.5372670515889783,0.35493449781659575,0.12532315646928507,0.17924992177372495,0.144370361051704,0.20169210351692093,0.41602662570404325,0.3752560867783745,0.6429793387416979,0.46046742913972916,0.11240959133501967,0.3503610108303251,0.09727339719970528
1.0,0.30478357469818257,0.17571038025018618,0.5904692117629959,0.2817140100900808,0.48176955665961824,0.27834947538337373,0.0,0.002501813047031814,0.21863319304235204,0.0205236405485758,0.313662239089183,0.1426802573683861,0.23173911325897717,0.3830726825461117,0.4546403279910539,0.07422052246062077,0.05872203370334125,0.10581069057559411,0.14773820772174887,0.04622438863185736,0.8908024495457059,0.07342205059281544,0.08824059879159472,0.015285497726124326,0.30425072309889034,0.5237104232354737,0.1363457140604057,0.0,0.25457180509773136,0.42522125881665845,0.229417478980337,0.0,0.22582221645272865,0.13521295740851996,0.2645157305221548,0.03080501503375527,0.2429626783032559,0.840815847533211,0.12436681222707445,0.0,0.14212596665325647,0.00795068562083238,0.05063039150630267,0.20698924731182602,0.0508938776390418,0.6940565182225927,0.20810542018896083,0.08058395981045381,0.09741275571600443,0.03136002620158848
2.0,0.3447386032068953,0.6443542374285499,0.2538576134877186,0.35338747734946374,0.49352806456569587,0.7725938256658597,0.4133876074174591,0.009590922869717656,0.4532036377549521,0.11301702996341967,0.4456356736242883,0.17392265682004154,0.17272619533585287,0.2337657205520597,0.559448378680582,0.3770661826667537,0.14369931558060578,0.6043391964957907,0.23758289319568238,0.21096331791143488,0.655552029338129,0.10327420952669393,0.5617729281269729,0.07230730361099222,0.605389375022883,0.3804500903715783,0.6136740004731495,0.448345268047223,0.24944225188423738,0.49413720292915275,0.33580544668877466,0.5457527058051831,0.23933810334690006,0.5920815836832647,0.5979382858397846,0.3337493617745498,0.2531767180571076,0.2610524339294936,0.5603493449781676,0.23795088021666888,0.19281659291046405,0.2552270725877462,0.12714001327139923,0.5765488991295429,0.39039485885575104,0.6447734124163627,0.6263053207359491,0.14654220258666764,0.544524669073406,0.1625931384590189
1.0,0.495248547795594,0.4231629525308578,0.16620439901167572,0.284308229803543,0.6475667132519191,0.09074102098466509,0.25264586160108576,0.005984014489027718,0.2672543190982136,0.03719738590746582,0.11423149905123606,0.12202887655603971,0.475263691550019,0.29629721105304285,0.34886321282146654,0.16898943410902997,0.1219589348363722,0.2449524330983509,0.18688687337533702,0.1164904163912756,0.0,0.06599529281112562,0.21331950581657494,0.023302367162902682,0.4094021162083997,0.4671041753379669,0.17490734169229644,0.2572866266692472,0.3733436178050495,0.4279167976998065,0.40436807021069987,0.26150650486498195,0.449139793978176,0.14289142171565558,0.7618527974523691,0.17904351279287586,0.24317504942685064,0.7668121860770784,0.13135371179039246,0.1862304567278102,0.1466630906083769,0.08167065039627608,0.06609157266091559,0.3009472606246799,0.1532207629768607,0.5277615744712142,0.16558925907508457,0.0965101364591871,0.4234055354993988,0.1034758044706458
3.0,0.0,0.3785104796620003,0.20131049852235838,0.23203274713527744,0.48068663247162785,0.3606487086359968,0.2732700135685198,0.006784057464957319,0.3558878064573092,0.09660359780240867,0.35711574952561803,0.1355163950737393,0.2629673035646094,0.33847225378132995,0.4345881475959748,0.22026317495300396,0.12289354115143492,0.4660871945794261,0.20128187823027657,0.16077329808327848,0.657228158021557,0.24717789514200442,0.4041843268103516,0.04118241536129366,0.46146523633434666,0.4030401341034399,0.43553347527797454,0.3715695761563771,0.24144526804769145,0.4225706455815631,0.0,0.3099376844867175,0.24563024504226555,0.3725254949010209,0.6460357986053921,0.22414477789754297,0.2077697492503804,0.11733089236257807,0.2611353711790395,0.11999876892773635,1.0,0.20296892690904517,0.08307896483078885,0.4037378392217131,0.28573893165987335,0.33701624960172577,0.20934858279462676,0.12103181672426715,0.33092659446450173,0.08529845246868069
2.0,0.4806221056294674,0.662414050202965,0.12876071895741475,0.37175559582317597,0.3249504269501786,0.09930639628732853,0.45246494798733594,0.41602426605170156,0.4207257850899136,0.11879872309526099,0.5629032258064529,0.18241316028036356,0.2837465927496345,0.24400075083233702,0.5811405143496089,0.4303493874376093,0.15452637027664312,0.6310998562726702,0.24192839072902475,0.22414077990746753,0.7416528556484128,0.09117181239391461,0.6042925421588967,0.07747696972052714,0.5976275033866655,0.22635657146766847,0.8174434192887011,0.45165473195277683,0.1681269002348596,0.5107596927085669,0.43893076072756526,0.5863124521701101,0.15267606924410287,0.6217156568686247,0.0,0.3117376751574302,0.25697917246052177,0.16847861803501862,0.6522270742358064,0.1937553859411551,0.20202494300657037,0.2675808277770787,0.1757133377571325,0.6661546338965698,0.39121433654654875,0.4435528540967137,0.745897563401295,0.14183026329853565,0.5886883273164873,0.15639073118807836
2.0,0.19853307278421695,0.8710960152431463,0.31834092340487374,0.5503917402130127,0.5596596105863164,0.2505826271186441,0.647851650836724,0.011169904570413362,0.6563704859169439,0.1662031264985138,0.6713472485768499,0.23298029937869016,0.1680712658511212,0.380607779018188,0.7707044353335826,0.6035198029428926,0.16904871455685247,0.892341386626514,0.4126132637821506,0.26805188367481864,0.6162981769455905,0.12963699118506317,0.8476418071963197,0.09688265246628046,0.7042067879764219,0.44381852702879904,0.8552953237126418,0.7566479581962455,0.18601980567882698,0.5580664001078218,0.435413526278766,0.737946867825519,0.4413051612361308,0.8867426514697044,0.7210234447921812,0.3800419810517958,0.2726390145979865,0.22626390649204345,0.8752838427947612,0.3721069801797368,0.23237673774082487,0.44299911938608666,0.2273722627737228,0.8879928315412178,0.5941428910310328,0.6016127055709423,0.9273993038289399,0.207138276267503,0.8679903730445255,0.20044215180545283
3.0,0.2380223251331743,0.4776737635655694,0.3384465384429048,0.31562137428463405,0.6096497325616286,0.08040254237288132,0.2111261872455876,0.0004048179086838346,0.28492803955617063,0.11614078833796904,0.42561669829221943,0.15178986003935677,0.7536376924191148,0.656000237104949,0.5270965337308987,0.10643676670772095,0.1078248116408813,0.42543289302580317,0.2043777186573371,0.18307997356245828,0.3932484690339341,1.0,0.40936964559473243,0.03891825708399728,0.33599384908285385,0.8047403741440359,0.3815156533396413,0.42041803754596513,0.2947365872387232,0.47648142324453086,0.5648276555120092,0.47578441018913226,0.44507739181563394,0.39076184763047195,0.2767460056003947,0.18017813581437683,0.8388254865574135,1.0,0.44716157205240276,0.22634802412901636,0.1423941710249875,0.1536042269467853,0.10723291307232893,0.42741935483870863,0.34178689266998785,0.6151760986250339,0.4527598209845816,0.6309010581822069,0.4081829121540309,0.12799885368050393
2.0,0.23318253607088407,0.30859083754452676,0.21114529334819035,0.31679463948167763,0.41034777963956254,0.07225332929782083,0.25825418362731883,0.004155618910943857,0.19205639108808925,0.0870816150378828,0.18074003795066435,0.07177128706303743,0.06682819557287875,0.09849734738838772,0.3500559075661565,0.22188371037790888,0.12420198999252335,0.31058791321606893,0.18666045466618478,0.16593688037012477,0.6676422534880169,0.04238362958335697,0.35323293353773966,0.03295176273953444,0.4082305129425544,0.3659621294622749,0.41140288620771137,0.25658989742597227,0.2142582901258695,0.4592299743923799,0.31458814859478185,0.38088990925986577,0.22815886130561933,0.2274745050989791,0.532291495085928,0.24343336926306217,0.23901864315077848,0.00734638313852527,0.2929257641921388,0.20246522220854365,0.16590675428009474,0.13221788904264709,0.035500995355009765,0.3068356374807975,0.22798731966099564,0.5925639077473593,0.3117851815017409,0.10572914810987996,0.4352587244284002,0.11160239089494739
3.0,0.44009422598174347,0.4267252091790241,0.2493822973693135,0.3431931064151533,0.42820871168606944,0.06939063761097655,0.31099050203527906,0.0072521881271319765,0.39002854872413695,0.08147803093616864,0.38292220113852177,0.11347204103743347,0.12029733608985906,0.32849408719534523,0.46790905702571745,0.41945938938225247,0.12671823776384664,0.4044897679830267,0.22607908108837738,0.16994382022471885,0.6482950738742552,0.08148610874489691,0.37559743890341774,0.05186185719283257,0.47614688975945585,0.3883697195345151,0.3183502878321886,0.3961679891619892,0.24297410319291338,0.5185767554696986,0.31061534854118517,0.380671258336069,0.3125911558755927,0.3439712057588487,0.2658540602866081,0.24218528393941285,0.2438121627976356,0.16326339013284524,0.34358078602620207,0.18507632648036462,0.15917929462250194,0.19997483960246512,0.06655607166556068,0.4173067076292892,0.33124150870155916,0.47169432121761756,0.2819492789656869,0.11510849039797644,0.44338146811071044,0.12017931712109968
1.0,0.30481569719195856,0.5722806726866051,0.11539532968363937,0.34623055964749916,0.0,0.2117761299435029,0.4142921754862042,0.009051805180901804,0.43245430732554396,0.06370823000726134,0.49705882352941144,0.1608110199659495,0.12750688034131757,0.0,0.0,0.35830038244636025,0.14611491344107674,0.5204298131544728,0.11193792644004483,0.20394084600132237,0.8485654172102918,0.09254737160921492,0.5112724321399583,0.06210401523691055,0.5462234100977552,0.0,0.5087138238309274,0.44966131217340843,0.2414487269507348,0.49656318792398624,0.2853515559575248,0.46113479829452314,0.291286452805119,0.5211757648470309,0.7681463789600841,0.2661258296930843,0.2534750489212052,0.10873116462470073,0.5484716157205255,0.21577619106241513,0.17656787805641166,0.2503459554660961,1.0,0.5568356374807989,0.37268982769403347,0.5791132570280141,0.6101442068622589,0.131586917019988,0.5209987966305669,0.4327356095963315
2.0,0.330599352196376,0.8016734321928581,1.0,0.5477453753796816,1.0,0.08694007263922518,0.5712347354138386,0.01374846034894921,0.8826559142949646,0.1546123388455799,1.0,0.9674309593826693,0.5541868029127875,1.0,0.7889675736116267,0.5790497180268358,0.4681083568183124,0.8201355143385127,1.0,0.6351619299405158,0.6587115201523326,0.13119553763542643,0.8168004328613934,0.22325766704240693,0.7801413246439427,0.5127061868895642,0.7806955287437888,0.8010450938649115,1.0,0.7411833415697028,0.4810906776538372,0.7874713020662527,0.5591606405155892,0.8172765446910631,0.4665348926590899,0.4910648437056782,0.2671932122143735,0.8365441487114488,0.9966812227074251,0.31930936845992874,0.2044611327164627,0.6415649767266317,0.21728599867285892,0.8316692268305167,0.6223286105540103,1.0,0.7737444057682769,1.0,0.8087244283995186,0.18871284696634738
2.0,0.28347030007762997,0.5336757518018409,0.4515951262051257,0.344757460011211,0.6298521223118969,0.07211460855528651,0.4167345092718215,0.28668974064793884,0.43451452453130057,0.09557604570551731,0.3944971537001916,0.15970548566121964,0.21569376226280923,0.3775155353138187,0.5622810286992165,0.33966422505996,0.14607177776499664,0.5140647457395123,0.5383670856864189,0.19353106411103785,0.8939830976644688,0.09244010323004026,0.4725854450356215,0.06024798849457752,0.5518617508146312,0.4054006283247902,0.506900086743949,0.4388620089026514,0.24557865718466046,0.47544813333932323,0.19523665963219816,0.4775336175795352,0.2818787846392326,0.5188962207558501,0.14468374238181553,0.2508084189028198,0.25566449407636255,0.2854903065295969,0.5103930131004369,0.2630185891911859,0.1892405346207143,0.2287834947792168,0.1333775713337759,0.5684843830005146,0.465765241206789,0.7793289380162253,0.6081551466931868,0.13569316278904064,0.5158243080625747,0.13798820928518743
2.0,1.0,0.668544445364923,0.269760428273824,0.4300538398362643,0.5160499608537538,0.43866777643260685,0.4494798733604708,0.011379028513761885,0.5128763575359806,0.16473715217361565,0.516223908918405,0.18851570964247,0.1447702821927548,0.21525177581727128,0.6152068579947803,0.43080313735658265,0.1660292172312644,0.6399288207514876,0.2518690429019912,0.22162095175148602,0.6493106244931064,0.09261047065578845,0.6094327712147174,0.07683562016558455,0.6087943470142421,0.43045379646153925,0.6348079804431818,0.5111089607122118,0.16837940015703426,0.5692079608248343,1.0,0.6957472395320897,0.32696992142458964,0.6623875224954995,0.14217180036237886,0.3187156067396624,0.2508760308848291,0.0838473454443036,0.6614847161572062,0.5744183183552874,0.22862187653658744,0.31498301673166407,0.4371930988719313,0.6429851510496692,0.4114209311854397,0.12050685032229616,0.7095972153157649,0.15157480314960645,0.6212394705174497,0.1683247359371163
3.0,0.4496078378884814,0.291110927015162,0.24990916137784017,0.2992608429258625,0.5602669261782287,0.293646589991929,0.0836725463591114,0.007691540264992686,0.2542749507019455,0.07196974886626807,0.705123339658446,0.13489729586309065,0.44824271473907384,0.3726845219865442,0.4127469250838608,0.19378362611006691,0.0836688330361761,0.3253712955992046,0.18334690394186276,0.17304196959682738,0.581014845375366,0.07026709826414519,0.2588601316620074,0.044019901271038324,0.4417676564273421,0.5306265572704933,0.25329232710354044,0.32198567834333286,0.23465198247027935,0.2401275888404697,0.37462231601514073,0.3195583251339241,0.5739670273448535,0.2563887222555508,0.40506780870806547,0.17819254552674949,0.37366193550996885,0.18669670938365487,0.3535371179039306,0.08071217530469024,0.07042599794376629,0.10366083784123763,0.06741871267418685,0.3160522273425522,0.14750598434366316,0.42628857135854514,0.29960218796618393,0.07859764135817854,0.2663056558363417,0.11233931057070301
1.0,0.39743020049789873,0.8421837461685028,0.23845743907756403,0.41190733812199326,0.275157865468621,0.08373688458434218,0.5555857078245144,0.010456197167425779,0.9253465579656831,0.17560180301141312,0.6299810246679343,0.22384858602162377,0.10212533414097792,0.1243813042748048,0.7013790532985466,0.6201140856939129,0.217863921320527,0.8063103141468769,0.197397926527129,0.22079477858559055,0.7434277184197846,0.13270991475318802,0.8146361258905211,0.08748590974462632,0.8207080877237939,0.3115966405719924,0.8114502010882431,0.8977743371395392,0.19846493882929975,0.5723976818365608,0.3363012092587009,0.6461134798294552,0.18506074513008058,0.8169166166766636,0.3662562455389008,0.34276961479548473,0.2684977776878853,0.19403839834765071,0.8029694323144113,0.3268958512864705,0.21389298645567892,0.3486476286325325,0.2850696748506963,0.7469278033794174,0.6101442712039853,0.5409622313178601,0.8510691198408764,0.15161043218014036,0.9886883273164868,0.21362482600507618
1.0,0.39554568086302444,0.5989561759589088,0.23062714984739113,0.3537655294685106,0.5851888166126424,0.10987943906376108,0.43084577114427747,0.00909785081980419,0.397357035641758,0.15237912562166941,0.4074003795066435,0.17460808808897338,0.20642999170408616,0.2846296717084399,1.0,0.3512672587022752,0.14933571058837075,0.5374717678461427,0.19248638222090633,0.2122851949768673,0.7040234140837127,0.09566446450994115,0.5247993507079091,0.06486376180666213,0.5659942152088755,0.3955082189671984,0.543726835423075,0.32986258951035435,0.24627735559944516,0.5090974437306266,0.4772652664723822,0.5114245107685575,0.2809166367586307,0.5526094781043775,0.1456514577499591,0.27684801724626945,0.25478467085004075,0.13256818288503966,0.5816593886462899,0.26620398867413525,0.19596799427830613,0.23741351113347586,0.12979429329794176,0.5867895545314933,0.3398460244549394,0.7345065071934511,0.6655892590750874,0.20292514340684784,0.5614320096269572,0.14359698681732572
3.0,0.09595524265867193,0.7245464336011945,0.41459352744537586,0.3794209284438592,0.6660861802776088,0.08532838983050844,0.47218453188602494,0.009212964917060326,0.5258557259322487,0.13824000876844483,0.5289373814041767,0.2341300550556085,0.1886398651584782,0.5160836190118652,0.6508386134923594,0.48603098463732475,0.1785960775291881,0.6909862432413928,0.5900428018444415,0.2238103106411108,0.6402882095043315,0.11747149500571032,0.6648480476147541,0.08120845804019117,0.686046937355838,0.3584359160028963,0.6737638987461578,0.5230888329785175,0.2841454261195604,0.6222651511748055,0.554684621311091,0.8064939324368644,0.49134448712172674,0.7042591481703672,0.41120353593587033,0.3368128439326027,0.4266030227489924,0.44141670187297555,0.7070742358078612,0.26758894497107005,0.204014125430244,0.35111334759089147,0.1725945587259449,0.7442396313364061,0.5198723340018551,0.8797186343471974,0.7287419194430632,0.18084405173335238,0.6709987966305664,0.8191066895930569
2.0,0.2979361297748746,0.6523900256813848,0.13775979845937691,0.36853563467129,0.5131597240006731,0.08333585552865216,0.4146540027137054,0.009942020866348733,0.4900079465520796,0.1386510296072016,0.5458254269449705,0.17177792026886604,0.3686611975085923,0.311106390966302,0.5478941483414065,0.43349322616192426,0.14454765054350954,0.6135103689001429,0.2579779938431528,0.1991077329808328,0.3336177815390765,0.09151885715006838,0.6207502930832358,0.1158996385120688,0.6148354263537512,0.14910455164863978,0.5915148647582988,0.599090381265725,0.2379863650042026,0.4964284109798279,0.41920075034334886,1.0,0.3181196881419091,0.5804439112177562,0.49974606050623166,0.31792137062461145,0.2542436301304061,0.19308078674365126,0.573449781659387,0.2646805367475074,0.18874882660587342,0.38223675934079765,0.1328467153284668,0.6231438812084001,0.4144184943175692,0.44432734491801695,0.5937344604674278,0.15582356504079514,0.6216606498194954,0.15710718087283976
1.0,0.5829750782985785,0.15789909700936208,0.09037231723269207,0.0,0.35818449223294624,1.0,0.1939393939393912,0.0025919857565490584,0.10305500779939379,0.005850196604967865,0.18235294117647294,0.0,0.1701189080997089,0.09978166585985124,0.03988073052553087,0.05338043689635054,0.11379191349859058,0.15016083772500094,0.1317365008730183,0.0,0.6355442716597907,0.0,0.18247813148164863,0.003012399424728768,0.34064364954417387,0.21066555674023713,0.0,0.15966711825043545,0.23659588598072004,0.026820611887326578,0.5660201654775069,0.174483437192524,0.0,0.12321535692861191,0.6131128863998239,0.15073466840642175,0.20697082930923769,0.0,0.056244541484716144,0.5498276498830482,0.1369183317688075,0.043452006541703087,0.5408759124087595,0.0,0.003730780013370926,0.1401779368152745,0.0,0.010145366444579054,0.38225030084235934,0.023110619831326874
2.0,0.4998420644056003,0.4263938364675684,0.17398624097669696,0.32500749586098115,0.3521113363138142,0.10111985472154968,0.3235639981908628,0.00655574783873283,0.2130853224239928,0.09324692761923029,0.2880455407969636,0.13007716629447,0.11329848171606893,0.1590430839450314,0.4442042489750282,0.275328968691256,0.12303732673836734,0.44411744576004236,0.1514871790405943,0.13586417713152707,0.7326562995874325,0.0844959332664482,0.43416899630264144,0.05055972324794943,0.4730348185845566,0.38571273811627976,0.3898746155665973,0.21035417069866488,0.18048210190620156,0.4642616469742579,0.4325126452952806,0.48857548923144245,0.22244706277633097,0.3883623275344914,0.23767363970790065,0.18664548703693268,0.28955791411104975,0.10381636389240961,0.3717030567685582,0.13275575526283373,0.17455634526842795,0.16122782739967323,0.10218978102189698,0.4532770097286205,0.30074831252291345,0.33485943971961485,0.44380905022376815,0.09039085046495887,0.4634777376654645,0.12562433472529216
1.0,0.44842465936772236,0.17107116228978425,0.09014824863136477,0.18494570389393683,0.3063797405372185,0.06032082324455207,0.2498417005879672,0.0020931580017727524,0.39498778585513716,0.07331241693953905,0.08690702087286586,0.06272801645034999,0.03219604693117007,0.12418371681765661,0.27595974655236716,0.32203279963699993,0.05514177258871555,0.1489973307781785,0.14166844463409442,0.13813615333774013,0.8393478848572471,0.058802001501757246,0.25746235007665136,0.018910094453298124,0.3117929191227624,0.3406352808360936,0.11734090371421653,0.10282562415328021,0.19627199429972778,0.41987510669841505,0.40075704284326596,0.24270252541817186,0.1908107241308213,0.11601679664067027,0.4012106736946133,0.055426334600329315,0.21577411802778015,0.13401868281462717,0.0960698689956342,0.060230210513357425,0.13515265298824372,0.16291357403446993,0.15408095554080836,0.1760112647209418,0.23816609518880363,0.46483664616063336,0.2672799602187981,0.0885737699077208,0.3267148014440436,0.09274952919020665
2.0,0.4862970795299413,0.5520669372877152,0.26139721912698016,0.3477427681236879,0.7515201182436145,0.07775675948345438,0.4052464947987334,0.008620127316191549,0.4668599346616831,0.09164394634808029,0.38216318785578857,0.1712251531165016,0.6212059361873032,0.7332174153584731,0.5447633246366012,0.3420950281973167,0.13456893081037535,0.5394565738142497,0.22677139983366928,0.18018836748182318,0.6446325093738613,0.4827897350471036,0.4794390837767151,0.06117114315699444,0.542488924687877,0.6181929105349883,0.48119233498935526,0.4297077607896267,0.31151226699964374,0.43771058897524595,0.2565638294308785,0.5175467366349631,0.5273104912299458,0.5181763647270565,0.2607752704112452,0.28972598854030823,0.2525901692395597,0.16713608411960762,0.5243668122270729,0.2507540317616644,0.1879889142193015,0.2323311108315513,0.12103516921035058,0.5121607782898135,0.3915593797847799,0.7996470674738367,0.5735952262555934,0.13400969109630545,0.5006016847172094,0.14328993695242745
3.0,0.31856412452820143,0.7140253500124253,0.03604476527300035,0.45801666036579824,0.33090650998412247,0.08517958030669896,0.49479873360470383,0.009195697802471888,0.6099273037643115,0.2547096137774188,0.554554079696396,0.19822230083799455,0.1869345939611012,0.2641497317750274,0.6445024226611984,0.5255720490049919,0.18523897164548198,0.6862637738690015,0.30696716493296716,0.2212904824851293,0.40442657827614986,0.11033499283825811,0.639642889349806,1.0,0.7122249478270414,0.3031752638450968,0.676523933443734,0.5446680859299395,0.24992303940728242,0.5004267936564983,0.5999866010116234,0.6216245763638379,0.3560787128599464,0.7059388122375541,0.16407236589249466,0.3378340046519553,0.4182295327329634,0.16754917147819562,0.6976419213973811,0.2955958389757478,0.19225783380269088,0.29027550635300026,0.1756801592568005,0.6650025601638491,0.5275495460524897,0.5111198254944734,0.6638488314271506,0.16044643175259213,0.7398315282791819,0.17254155408171576
2.0,0.5251385282544104,0.33220114323585326,0.19094883968799947,0.32556805589956817,0.6322447994029289,0.3158646085552866,0.3463591135232923,0.005439141095349025,0.15635577007976015,0.0791078107660063,0.39354838709677403,0.11740774316227066,0.21362636783819003,0.3363975854812741,0.4447260529258297,0.232644065599274,0.13231149709553083,0.35001026623776493,0.15362073995375844,0.17209187045604674,0.9619803237067597,0.07948586896851999,0.37410947786094345,0.04023010844637918,0.4211547614688973,0.38086061110572633,0.8382619667218687,0.2875943487516935,0.24253482250639033,0.46695718585740603,0.4960774461528158,0.3750956597791626,0.3266186610872271,0.30665866826634774,0.40639241201339665,0.20043115674817072,0.3712955144184824,0.09810355349011875,0.40524017467249085,0.12366120891296288,0.15978275445889725,0.13687256258648828,0.09080955540809531,0.4326676907322061,0.22654245110090337,0.39802455822161253,0.4047737444057653,0.10724338190757836,0.30655836341756837,0.12181691640055672
1.0,0.42332093048157016,0.7648082180432446,0.25677656121311954,0.5169667183772442,0.15793132211872657,0.1561768563357546,0.49488919041157914,0.012031341731546259,0.5959619742767169,0.14030881365685283,0.5851992409867172,0.19886351073473793,0.054542342081352654,0.16523251104019934,0.6449496831904563,0.4636027743566479,0.15674066831540817,0.7798918622955321,0.2816431031554932,0.2331047587574345,0.7229780081573164,0.11131933796480326,0.7323022815402653,0.0915575076767598,0.6578552337714649,0.24363265236306003,0.6422995031937535,0.6338300754790014,0.08055785188285385,0.6848915045599523,0.3070512176330692,0.5825953864655075,0.3455332666447763,0.701139772045593,0.4791426453632017,0.4278096102569929,0.2580157458018778,0.09788762146176597,0.698689956331878,0.31081496983872936,0.20651736623306963,0.27875204428230005,0.15467816854678146,0.7233742959549414,0.5281533717193937,0.637258890713463,0.776976628543015,0.17918730181351752,0.7507821901323705,0.17049455498239557
